payment_id,customer_id,amount,currency,payment_method,failure_reason,timestamp,previous_attempts,previous_recovery_attempts,time_since_failure_minutes,customer_success_rate,customer_lifetime_value,customer_previous_payments,status,true_recovery_probability,recovered,amount_recovered
pay_100001,cust_01001,2973.13,INR,card,authentication_failure,2026-09-04T04:34:36.858735+00:00,2,0,244.3,0.919,264138.16,48,RECOVERED,0.7825,True,2973.13
pay_100002,cust_01002,7068.26,INR,upi,customer_abandonment,2026-09-02T13:46:24.934997+00:00,2,0,2572.5,0.772,58677.36,19,FAILED,0.2714,False,0.0
pay_100003,cust_01003,1379.21,INR,upi,authentication_failure,2026-09-03T19:04:30.044973+00:00,2,0,814.4,0.543,38698.8,16,RECOVERED,0.6912,True,1379.21
pay_100004,cust_01004,888.68,INR,upi,temporary_bank_error,2026-09-03T18:02:00.490512+00:00,1,1,876.9,0.786,21740.4,26,FAILED,0.7609,False,0.0
pay_100005,cust_01005,2109.11,INR,card,network_failure,2026-09-03T10:11:59.674559+00:00,1,2,1346.9,0.674,61401.12,25,RECOVERED,0.5066,True,2109.11
pay_100006,cust_01006,1235.82,INR,card,temporary_bank_error,2026-09-04T05:31:27.294529+00:00,1,0,187.4,0.941,291837.18,44,RECOVERED,0.8939,True,1235.82
pay_100007,cust_01007,3858.51,INR,upi,authentication_failure,2026-09-03T13:39:30.711397+00:00,1,0,1139.4,0.802,141951.78,23,RECOVERED,0.8037,True,3858.51
pay_100008,cust_01008,3607.51,INR,upi,network_failure,2026-09-04T07:32:13.685708+00:00,1,1,66.6,0.896,38811.0,28,RECOVERED,0.8534,True,3607.51
pay_100009,cust_01009,612.28,INR,netbanking,temporary_bank_error,2026-09-04T00:43:57.482155+00:00,1,2,474.9,0.632,9980.62,4,RECOVERED,0.4619,True,612.28
pay_100010,cust_01010,2589.62,INR,upi,account_blocked,2026-09-02T21:08:25.049276+00:00,1,0,2130.5,0.812,201558.6,45,FAILED,0.1357,False,0.0
pay_100011,cust_01011,4558.73,INR,netbanking,network_failure,2026-09-03T21:59:40.120646+00:00,2,1,639.2,0.757,61001.46,25,RECOVERED,0.6572,True,4558.73
pay_100012,cust_01012,2604.54,INR,upi,network_failure,2026-09-03T23:42:29.454068+00:00,1,0,536.4,0.865,149493.24,46,RECOVERED,0.95,True,2604.54
pay_100013,cust_01013,3827.7,INR,netbanking,authentication_failure,2026-09-04T05:35:27.472735+00:00,1,0,183.4,0.922,209183.96,32,RECOVERED,0.8844,True,3827.7
pay_100014,cust_01014,2668.09,INR,netbanking,authentication_failure,2026-09-03T14:53:44.195873+00:00,2,1,1065.1,0.771,41582.94,8,RECOVERED,0.6061,True,2668.09
pay_100015,cust_01015,2142.31,INR,upi,authentication_failure,2026-09-01T23:29:51.105764+00:00,3,0,3429.0,0.838,286924.68,43,RECOVERED,0.6302,True,2142.31
pay_100016,cust_01016,6517.95,INR,upi,network_failure,2026-09-04T00:26:11.525287+00:00,1,0,492.7,0.439,48654.08,19,RECOVERED,0.8147,True,6517.95
pay_100017,cust_01017,4156.06,INR,netbanking,network_failure,2026-09-02T03:06:30.169331+00:00,1,0,3212.4,0.751,116753.1,21,RECOVERED,0.7577,True,4156.06
pay_100018,cust_01018,1139.51,INR,upi,temporary_bank_error,2026-09-02T15:45:21.559161+00:00,1,0,2453.5,0.897,69601.56,43,FAILED,0.8449,False,0.0
pay_100019,cust_01019,2006.39,INR,upi,network_failure,2026-09-04T05:35:00.861713+00:00,1,1,183.9,0.364,0.0,1,RECOVERED,0.6749,True,2006.39
pay_100020,cust_01020,1756.31,INR,card,3ds_timeout,2026-09-03T21:48:01.850832+00:00,1,0,650.8,0.683,15006.46,11,FAILED,0.7706,False,0.0
pay_100021,cust_01021,430.52,INR,upi,network_failure,2026-09-03T10:04:33.932610+00:00,3,0,1354.3,0.862,54813.36,9,RECOVERED,0.7736,True,430.52
pay_100022,cust_01022,1713.19,INR,upi,authentication_failure,2026-08-31T02:47:27.652245+00:00,3,0,6111.4,0.722,11704.7,7,RECOVERED,0.5444,True,1713.19
pay_100023,cust_01023,4985.35,INR,upi,payment_method_issue,2026-09-03T21:38:36.077687+00:00,3,0,660.3,0.635,40503.3,24,RECOVERED,0.468,True,4985.35
pay_100024,cust_01024,3195.46,INR,upi,insufficient_funds,2026-09-03T23:21:52.038170+00:00,1,0,557.0,0.802,9239.2,26,RECOVERED,0.6339,True,3195.46
pay_100025,cust_01025,2164.02,INR,card,network_failure,2026-09-03T15:25:29.165038+00:00,3,0,1033.4,0.913,14439.95,8,RECOVERED,0.7324,True,2164.02
pay_100026,cust_01026,854.19,INR,card,temporary_bank_error,2026-09-01T14:23:58.741685+00:00,1,0,3974.9,0.814,56538.98,36,RECOVERED,0.7523,True,854.19
pay_100027,cust_01027,1067.84,INR,wallet,insufficient_funds,2026-09-04T01:29:16.962770+00:00,1,0,429.6,0.93,49452.48,31,FAILED,0.5466,False,0.0
pay_100028,cust_01028,2396.99,INR,card,network_failure,2026-09-04T06:18:08.909006+00:00,1,1,140.7,0.857,32909.46,8,FAILED,0.8347,False,0.0
pay_100029,cust_01029,2459.97,INR,upi,temporary_bank_error,2026-09-03T01:34:50.634415+00:00,2,0,1864.0,0.437,5293.83,8,FAILED,0.706,False,0.0
pay_100030,cust_01030,2441.56,INR,card,network_failure,2026-09-04T04:25:00.627394+00:00,2,1,253.9,0.807,25984.77,9,FAILED,0.6988,False,0.0
pay_100031,cust_01031,2526.17,INR,upi,network_failure,2026-09-03T13:33:04.153637+00:00,1,1,1145.8,0.334,0.0,2,FAILED,0.622,False,0.0
pay_100032,cust_01032,770.44,INR,card,network_failure,2026-09-03T23:12:02.391412+00:00,1,0,566.8,0.949,10973.97,8,RECOVERED,0.95,True,770.44
pay_100033,cust_01033,4318.66,INR,card,authentication_failure,2026-09-04T06:17:14.397434+00:00,1,0,141.6,0.91,194270.76,40,RECOVERED,0.8845,True,4318.66
pay_100034,cust_01034,980.82,INR,emi,temporary_bank_error,2026-09-02T03:13:21.277291+00:00,1,1,3205.5,0.763,22311.73,39,FAILED,0.5466,False,0.0
pay_100035,cust_01035,2019.09,INR,card,authentication_failure,2026-09-04T03:26:05.080587+00:00,1,0,312.8,0.961,54440.28,38,RECOVERED,0.9347,True,2019.09
pay_100036,cust_01036,848.34,INR,wallet,customer_abandonment,2026-09-01T21:31:25.193511+00:00,1,2,3547.5,0.905,61363.26,20,FAILED,0.0866,False,0.0
pay_100037,cust_01037,2917.81,INR,emi,insufficient_funds,2026-09-04T00:16:38.195253+00:00,2,0,502.2,0.769,172594.08,47,FAILED,0.3507,False,0.0
pay_100038,cust_01038,1397.99,INR,upi,authentication_failure,2026-09-01T14:37:00.691665+00:00,3,1,3961.9,0.507,16737.75,10,RECOVERED,0.452,True,1397.99
pay_100039,cust_01039,985.27,INR,card,account_blocked,2026-09-04T05:01:32.908857+00:00,1,0,217.3,0.893,286917.84,41,FAILED,0.1428,False,0.0
pay_100040,cust_01040,2660.4,INR,card,3ds_timeout,2026-09-03T21:57:21.909167+00:00,1,1,641.5,0.965,56563.04,9,RECOVERED,0.723,True,2660.4
pay_100041,cust_01041,3017.03,INR,netbanking,insufficient_funds,2026-09-03T15:27:41.991872+00:00,1,0,1031.2,0.639,102383.71,21,FAILED,0.4242,False,0.0
pay_100042,cust_01042,3154.9,INR,card,payment_method_issue,2026-09-02T03:40:19.699187+00:00,3,0,3178.5,0.903,25700.29,13,FAILED,0.4599,False,0.0
pay_100043,cust_01043,1076.79,INR,card,network_failure,2026-09-03T17:36:33.607220+00:00,1,0,902.3,0.889,129367.92,50,RECOVERED,0.894,True,1076.79
pay_100044,cust_01044,3459.95,INR,upi,network_failure,2026-09-02T15:08:36.489215+00:00,1,1,2490.3,0.338,0.0,2,RECOVERED,0.5559,True,3459.95
pay_100045,cust_01045,2103.64,INR,netbanking,network_failure,2026-09-03T09:14:33.472491+00:00,1,0,1404.3,0.617,9265.08,10,RECOVERED,0.729,True,2103.64
pay_100046,cust_01046,2072.39,INR,card,3ds_timeout,2026-09-03T01:34:07.854907+00:00,1,0,1864.7,0.767,268629.25,49,FAILED,0.7168,False,0.0
pay_100047,cust_01047,395.4,INR,netbanking,temporary_bank_error,2026-09-03T18:46:34.679081+00:00,1,0,832.3,0.849,13367.95,7,RECOVERED,0.824,True,395.4
pay_100048,cust_01048,2992.88,INR,upi,network_failure,2026-09-04T04:33:54.015471+00:00,1,0,245.0,0.627,50455.2,13,RECOVERED,0.9336,True,2992.88
pay_100049,cust_01049,8203.89,INR,card,temporary_bank_error,2026-09-01T06:17:36.305268+00:00,1,0,4461.3,0.732,35434.5,7,FAILED,0.7125,False,0.0
pay_100050,cust_01050,10913.16,INR,upi,network_failure,2026-09-03T22:05:15.226769+00:00,2,0,633.6,0.694,14126.4,9,RECOVERED,0.8671,True,10913.16
pay_100051,cust_01051,2849.95,INR,card,network_failure,2026-09-03T16:24:41.295298+00:00,1,0,974.2,0.938,92763.47,34,RECOVERED,0.9444,True,2849.95
pay_100052,cust_01052,1632.63,INR,upi,3ds_timeout,2026-09-03T08:27:11.351629+00:00,1,0,1451.7,0.826,54215.35,9,RECOVERED,0.7708,True,1632.63
pay_100053,cust_01053,6329.77,INR,card,insufficient_funds,2026-09-03T06:50:54.627929+00:00,3,0,1548.0,0.976,108294.3,39,FAILED,0.3242,False,0.0
pay_100054,cust_01054,2343.14,INR,upi,authentication_failure,2026-09-01T13:02:01.576198+00:00,2,0,4056.8,0.976,6808.2,7,RECOVERED,0.7038,True,2343.14
pay_100055,cust_01055,7106.84,INR,card,authentication_failure,2026-09-01T12:31:58.262108+00:00,1,1,4086.9,0.574,57809.52,14,FAILED,0.4882,False,0.0
pay_100056,cust_01056,2501.87,INR,upi,temporary_bank_error,2026-09-02T11:55:23.797679+00:00,1,1,2683.5,0.963,206785.6,39,RECOVERED,0.7184,True,2501.87
pay_100057,cust_01057,1247.02,INR,upi,3ds_timeout,2026-09-03T08:51:15.558699+00:00,3,2,1427.6,0.363,8151.45,10,RECOVERED,0.3046,True,1247.02
pay_100058,cust_01058,3828.73,INR,upi,network_failure,2026-09-02T23:19:03.894928+00:00,2,0,1999.8,0.844,141712.5,30,RECOVERED,0.8455,True,3828.73
pay_100059,cust_01059,1965.06,INR,upi,payment_method_issue,2026-09-03T22:38:46.658375+00:00,1,1,600.1,0.529,94270.8,25,RECOVERED,0.4328,True,1965.06
pay_100060,cust_01060,1678.83,INR,netbanking,payment_method_issue,2026-09-04T06:02:08.885918+00:00,1,0,156.7,0.75,32612.97,23,FAILED,0.5952,False,0.0
pay_100061,cust_01061,5678.16,INR,upi,insufficient_funds,2026-09-03T20:48:58.245112+00:00,2,2,709.9,0.852,63540.6,18,FAILED,0.2103,False,0.0
pay_100062,cust_01062,2589.79,INR,wallet,authentication_failure,2026-09-03T08:39:58.968597+00:00,1,0,1438.9,0.896,23438.84,26,RECOVERED,0.8331,True,2589.79
pay_100063,cust_01063,893.54,INR,card,payment_method_issue,2026-09-02T19:00:40.363581+00:00,2,0,2258.2,0.45,2185.29,3,RECOVERED,0.3427,True,893.54
pay_100064,cust_01064,1978.71,INR,upi,authentication_failure,2026-09-03T18:39:59.671784+00:00,1,0,838.9,0.895,87468.9,17,FAILED,0.8532,False,0.0
pay_100065,cust_01065,1032.36,INR,upi,payment_method_issue,2026-09-03T09:32:17.396813+00:00,2,0,1386.6,0.908,56644.56,11,RECOVERED,0.5666,True,1032.36
pay_100066,cust_01066,2430.79,INR,upi,insufficient_funds,2026-09-03T03:14:52.468873+00:00,1,0,1764.0,0.878,38147.6,12,RECOVERED,0.5237,True,2430.79
pay_100067,cust_01067,627.37,INR,netbanking,customer_abandonment,2026-08-31T02:11:50.379161+00:00,2,0,6147.0,0.969,155540.02,33,FAILED,0.1394,False,0.0
pay_100068,cust_01068,1124.67,INR,netbanking,authentication_failure,2026-09-03T19:23:56.785517+00:00,3,1,794.9,0.653,41420.94,17,RECOVERED,0.4333,True,1124.67
pay_100069,cust_01069,1968.03,INR,upi,authentication_failure,2026-09-04T07:15:25.530299+00:00,1,0,83.4,0.577,25706.28,22,RECOVERED,0.7804,True,1968.03
pay_100070,cust_01070,2586.79,INR,card,authentication_failure,2026-09-01T02:03:16.621477+00:00,3,1,4715.6,0.824,29454.4,39,FAILED,0.4179,False,0.0
pay_100071,cust_01071,3470.71,INR,upi,customer_abandonment,2026-09-04T08:21:15.866750+00:00,2,0,17.6,0.422,17086.74,15,RECOVERED,0.1504,True,3470.71
pay_100072,cust_01072,2390.54,INR,upi,authentication_failure,2026-08-31T21:02:31.548426+00:00,1,0,5016.3,0.532,75846.8,20,RECOVERED,0.6488,True,2390.54
pay_100073,cust_01073,6379.95,INR,card,3ds_timeout,2026-09-03T11:34:48.293083+00:00,1,0,1264.1,0.967,140340.48,24,FAILED,0.8534,False,0.0
pay_100074,cust_01074,11520.03,INR,upi,network_failure,2026-09-03T17:41:40.184606+00:00,3,1,897.2,0.566,18279.7,10,RECOVERED,0.5376,True,11520.03
pay_100075,cust_01075,1088.65,INR,emi,account_blocked,2026-09-03T03:53:57.008146+00:00,1,0,1724.9,0.537,20315.67,7,FAILED,0.01,False,0.0
pay_100076,cust_01076,4274.14,INR,card,network_failure,2026-09-01T22:36:31.233194+00:00,1,0,3482.4,0.251,0.0,1,FAILED,0.6224,False,0.0
pay_100077,cust_01077,694.93,INR,wallet,insufficient_funds,2026-09-04T07:32:14.465643+00:00,2,0,66.6,0.837,57017.7,18,RECOVERED,0.5329,True,694.93
pay_100078,cust_01078,5133.55,INR,emi,network_failure,2026-09-03T11:00:23.482692+00:00,1,0,1298.5,0.683,40372.86,10,RECOVERED,0.7551,True,5133.55
pay_100079,cust_01079,1823.24,INR,upi,temporary_bank_error,2026-09-04T07:15:18.917867+00:00,2,0,83.6,0.169,0.0,2,FAILED,0.6979,False,0.0
pay_100080,cust_01080,2006.6,INR,netbanking,customer_abandonment,2026-09-02T11:10:24.145472+00:00,1,0,2728.5,0.755,21368.0,14,FAILED,0.2304,False,0.0
pay_100081,cust_01081,850.57,INR,wallet,3ds_timeout,2026-09-04T02:25:02.685667+00:00,1,0,373.8,0.208,6205.12,5,FAILED,0.6371,False,0.0
pay_100082,cust_01082,585.64,INR,upi,3ds_timeout,2026-09-03T15:01:02.106893+00:00,1,1,1057.8,0.456,5661.8,11,FAILED,0.6399,False,0.0
pay_100083,cust_01083,5132.96,INR,card,authentication_failure,2026-09-02T06:25:18.100768+00:00,1,1,3013.6,0.726,75493.2,14,RECOVERED,0.5991,True,5132.96
pay_100084,cust_01084,3348.61,INR,card,network_failure,2026-09-04T05:07:45.123117+00:00,1,1,211.1,0.91,143792.46,24,RECOVERED,0.8506,True,3348.61
pay_100085,cust_01085,4659.85,INR,upi,temporary_bank_error,2026-09-02T00:21:59.131957+00:00,2,0,3376.9,0.518,37755.97,15,RECOVERED,0.5933,True,4659.85
pay_100086,cust_01086,6646.77,INR,upi,3ds_timeout,2026-09-02T09:03:09.095929+00:00,1,0,2855.7,0.847,33379.5,36,FAILED,0.7777,False,0.0
pay_100087,cust_01087,511.47,INR,card,account_blocked,2026-09-03T16:21:50.799857+00:00,3,0,977.0,0.919,99944.46,46,FAILED,0.01,False,0.0
pay_100088,cust_01088,703.75,INR,upi,network_failure,2026-09-04T05:21:34.055704+00:00,1,2,197.3,0.918,55635.0,22,RECOVERED,0.7364,True,703.75
pay_100089,cust_01089,2679.21,INR,upi,temporary_bank_error,2026-09-02T02:08:40.283132+00:00,2,0,3270.2,0.483,32814.88,16,RECOVERED,0.6155,True,2679.21
pay_100090,cust_01090,908.16,INR,upi,network_failure,2026-09-04T04:12:24.357016+00:00,1,0,266.5,0.462,9096.45,8,RECOVERED,0.8695,True,908.16
pay_100091,cust_01091,1834.22,INR,upi,temporary_bank_error,2026-09-03T15:50:51.999584+00:00,1,1,1008.0,0.494,0.0,2,FAILED,0.6209,False,0.0
pay_100092,cust_01092,1141.64,INR,netbanking,customer_abandonment,2026-09-04T07:08:07.275242+00:00,1,0,90.8,0.924,178466.4,49,FAILED,0.3146,False,0.0
pay_100093,cust_01093,3266.04,INR,upi,network_failure,2026-09-03T21:32:27.814037+00:00,2,0,666.4,0.843,42524.64,20,RECOVERED,0.8988,True,3266.04
pay_100094,cust_01094,594.58,INR,card,payment_method_issue,2026-09-04T07:45:03.424462+00:00,1,0,53.8,0.848,93953.97,40,RECOVERED,0.6776,True,594.58
pay_100095,cust_01095,3169.24,INR,card,authentication_failure,2026-09-04T05:55:38.027893+00:00,1,1,163.2,0.916,26852.54,25,RECOVERED,0.7424,True,3169.24
pay_100096,cust_01096,552.72,INR,upi,temporary_bank_error,2026-09-04T08:09:40.656374+00:00,2,0,29.2,0.92,117586.0,22,RECOVERED,0.8831,True,552.72
pay_100097,cust_01097,1191.23,INR,upi,insufficient_funds,2026-09-03T11:02:17.990024+00:00,1,1,1296.6,0.501,10090.2,13,FAILED,0.2723,False,0.0
pay_100098,cust_01098,1985.49,INR,upi,authentication_failure,2026-09-03T11:26:01.495343+00:00,1,0,1272.8,0.974,96879.1,40,RECOVERED,0.95,True,1985.49
pay_100099,cust_01099,871.49,INR,upi,temporary_bank_error,2026-09-03T07:43:49.841099+00:00,2,0,1495.0,0.595,39861.0,17,RECOVERED,0.7252,True,871.49
pay_100100,cust_01100,652.72,INR,upi,network_failure,2026-09-04T01:52:21.135755+00:00,3,0,406.5,0.212,0.0,2,RECOVERED,0.6357,True,652.72
pay_100101,cust_01101,1244.0,INR,upi,insufficient_funds,2026-09-04T06:38:26.321975+00:00,1,2,120.4,0.937,21029.58,24,FAILED,0.2852,False,0.0
pay_100102,cust_01102,2480.87,INR,upi,temporary_bank_error,2026-08-31T20:54:37.692562+00:00,1,0,5024.2,0.669,37637.04,9,FAILED,0.7035,False,0.0
pay_100103,cust_01103,1259.64,INR,upi,3ds_timeout,2026-09-01T17:02:19.175338+00:00,3,0,3816.6,0.737,37427.6,11,RECOVERED,0.6036,True,1259.64
pay_100104,cust_01104,525.57,INR,netbanking,network_failure,2026-09-03T23:15:42.460489+00:00,3,0,563.2,0.49,1509.34,4,RECOVERED,0.6245,True,525.57
pay_100105,cust_01105,543.47,INR,upi,3ds_timeout,2026-09-04T00:28:27.772510+00:00,3,1,490.4,0.854,141059.88,43,FAILED,0.5669,False,0.0
pay_100106,cust_01106,1895.31,INR,card,network_failure,2026-09-03T22:47:55.304384+00:00,1,0,591.0,0.554,25168.32,23,RECOVERED,0.7693,True,1895.31
pay_100107,cust_01107,4469.51,INR,upi,3ds_timeout,2026-09-02T22:22:27.525891+00:00,1,1,2056.4,0.717,11837.8,15,RECOVERED,0.6172,True,4469.51
pay_100108,cust_01108,276.63,INR,upi,customer_abandonment,2026-09-02T14:01:59.996596+00:00,1,1,2556.9,0.424,12806.48,7,RECOVERED,0.0677,True,276.63
pay_100109,cust_01109,2688.98,INR,wallet,network_failure,2026-09-04T06:59:47.236113+00:00,2,1,99.1,0.858,113759.0,24,FAILED,0.7005,False,0.0
pay_100110,cust_01110,5085.89,INR,upi,payment_method_issue,2026-09-04T03:14:36.915150+00:00,1,0,324.3,0.888,166765.48,32,RECOVERED,0.6876,True,5085.89
pay_100111,cust_01111,2739.58,INR,card,authentication_failure,2026-09-03T21:58:50.982438+00:00,1,1,640.0,0.905,178371.45,41,FAILED,0.6965,False,0.0
pay_100112,cust_01112,5223.75,INR,upi,temporary_bank_error,2026-09-03T17:44:24.131968+00:00,1,0,894.5,0.926,54920.04,16,RECOVERED,0.9081,True,5223.75
pay_100113,cust_01113,2027.86,INR,upi,insufficient_funds,2026-09-03T21:01:26.185003+00:00,1,1,697.4,0.198,7761.73,8,FAILED,0.298,False,0.0
pay_100114,cust_01114,2412.68,INR,upi,customer_abandonment,2026-09-03T08:56:02.600883+00:00,1,0,1422.8,0.774,31234.39,15,FAILED,0.3614,False,0.0
pay_100115,cust_01115,2619.65,INR,card,authentication_failure,2026-09-02T02:48:31.039785+00:00,1,0,3230.4,0.587,8802.54,16,FAILED,0.6621,False,0.0
pay_100116,cust_01116,1383.69,INR,upi,payment_method_issue,2026-09-04T07:49:45.556099+00:00,1,0,49.1,0.68,5363.98,2,RECOVERED,0.5889,True,1383.69
pay_100117,cust_01117,2931.25,INR,upi,insufficient_funds,2026-09-04T05:50:02.575870+00:00,1,0,168.8,0.833,148353.85,36,FAILED,0.5793,False,0.0
pay_100118,cust_01118,1610.18,INR,netbanking,network_failure,2026-09-04T02:23:54.490404+00:00,1,2,375.0,0.816,157258.92,49,FAILED,0.5474,False,0.0
pay_100119,cust_01119,4006.55,INR,card,authentication_failure,2026-09-04T01:41:09.215927+00:00,1,1,417.7,0.506,4552.34,2,RECOVERED,0.655,True,4006.55
pay_100120,cust_01120,481.56,INR,card,customer_abandonment,2026-09-04T04:39:09.478412+00:00,3,0,239.7,0.27,0.0,3,FAILED,0.0504,False,0.0
pay_100121,cust_01121,14137.72,INR,upi,insufficient_funds,2026-09-01T16:05:17.437973+00:00,2,0,3873.6,0.733,22903.56,9,FAILED,0.3936,False,0.0
pay_100122,cust_01122,2936.01,INR,card,network_failure,2026-09-03T12:02:20.581796+00:00,2,0,1236.5,0.952,19416.88,9,RECOVERED,0.8412,True,2936.01
pay_100123,cust_01123,7147.72,INR,wallet,customer_abandonment,2026-09-03T18:15:47.372342+00:00,1,1,863.1,0.496,33742.8,11,FAILED,0.0757,False,0.0
pay_100124,cust_01124,2089.29,INR,card,temporary_bank_error,2026-09-04T07:17:46.559448+00:00,1,2,81.1,0.861,100094.72,26,RECOVERED,0.65,True,2089.29
pay_100125,cust_01125,889.19,INR,card,insufficient_funds,2026-09-03T22:26:37.145162+00:00,2,1,612.3,0.733,28217.04,9,FAILED,0.1988,False,0.0
pay_100126,cust_01126,1527.48,INR,upi,authentication_failure,2026-09-04T05:00:15.206288+00:00,1,0,218.6,0.859,78547.44,29,RECOVERED,0.95,True,1527.48
pay_100127,cust_01127,231.02,INR,wallet,temporary_bank_error,2026-09-03T11:47:39.281584+00:00,3,0,1251.2,0.886,63281.43,11,RECOVERED,0.7162,True,231.02
pay_100128,cust_01128,1611.45,INR,upi,account_blocked,2026-09-03T15:54:24.398350+00:00,3,0,1004.5,0.783,279672.12,46,FAILED,0.01,False,0.0
pay_100129,cust_01129,2020.59,INR,upi,insufficient_funds,2026-09-04T03:08:15.972790+00:00,1,2,330.6,0.535,13717.18,4,FAILED,0.1969,False,0.0
pay_100130,cust_01130,1946.52,INR,card,network_failure,2026-09-02T20:47:30.623456+00:00,2,0,2151.4,0.658,6917.04,19,RECOVERED,0.7003,True,1946.52
pay_100131,cust_01131,239.66,INR,upi,authentication_failure,2026-09-04T04:35:56.507759+00:00,1,0,242.9,0.304,15666.4,7,RECOVERED,0.7773,True,239.66
pay_100132,cust_01132,648.06,INR,card,temporary_bank_error,2026-09-04T08:01:50.745092+00:00,2,0,37.0,0.066,0.0,1,RECOVERED,0.5379,True,648.06
pay_100133,cust_01133,4224.02,INR,upi,network_failure,2026-09-04T02:20:29.847122+00:00,1,0,378.4,0.88,22524.18,16,RECOVERED,0.95,True,4224.02
pay_100134,cust_01134,1313.41,INR,card,network_failure,2026-09-04T06:08:02.908650+00:00,3,0,150.8,0.569,15422.11,20,RECOVERED,0.6961,True,1313.41
pay_100135,cust_01135,3528.99,INR,netbanking,temporary_bank_error,2026-09-03T06:10:43.893889+00:00,1,0,1588.1,0.752,180982.75,34,RECOVERED,0.7809,True,3528.99
pay_100136,cust_01136,3211.46,INR,upi,network_failure,2026-09-04T03:03:16.903330+00:00,3,0,335.6,0.386,5219.83,5,RECOVERED,0.6546,True,3211.46
pay_100137,cust_01137,2593.87,INR,upi,insufficient_funds,2026-09-02T15:49:52.321522+00:00,1,0,2449.0,0.468,41224.08,14,FAILED,0.3705,False,0.0
pay_100138,cust_01138,1137.43,INR,card,temporary_bank_error,2026-09-03T09:09:44.669528+00:00,1,1,1409.1,0.818,102931.2,49,RECOVERED,0.6411,True,1137.43
pay_100139,cust_01139,377.83,INR,upi,customer_abandonment,2026-09-02T22:02:01.658421+00:00,1,0,2076.8,0.665,7311.75,3,FAILED,0.3554,False,0.0
pay_100140,cust_01140,1938.93,INR,netbanking,payment_method_issue,2026-09-03T19:21:27.875639+00:00,3,1,797.4,0.52,19404.22,22,FAILED,0.2228,False,0.0
pay_100141,cust_01141,2556.11,INR,card,temporary_bank_error,2026-09-04T05:02:46.017756+00:00,1,0,216.1,0.707,9053.25,22,FAILED,0.7671,False,0.0
pay_100142,cust_01142,2027.88,INR,upi,temporary_bank_error,2026-09-04T08:12:08.700471+00:00,1,0,26.7,0.431,11262.96,11,FAILED,0.8223,False,0.0
pay_100143,cust_01143,2337.12,INR,upi,authentication_failure,2026-09-03T07:21:16.469567+00:00,1,1,1517.6,0.698,39488.04,13,FAILED,0.6393,False,0.0
pay_100144,cust_01144,2452.4,INR,card,3ds_timeout,2026-09-04T04:01:12.624269+00:00,1,0,277.7,0.371,6048.51,5,FAILED,0.7127,False,0.0
pay_100145,cust_01145,458.2,INR,card,network_failure,2026-09-04T04:16:59.596227+00:00,3,1,261.9,0.098,0.0,4,RECOVERED,0.3446,True,458.2
pay_100146,cust_01146,2320.21,INR,upi,temporary_bank_error,2026-09-04T00:28:20.098158+00:00,1,1,490.5,0.841,75337.37,21,RECOVERED,0.7473,True,2320.21
pay_100147,cust_01147,915.35,INR,card,authentication_failure,2026-09-03T06:29:45.311788+00:00,3,0,1569.1,0.939,29490.76,28,FAILED,0.7163,False,0.0
pay_100148,cust_01148,1005.57,INR,upi,temporary_bank_error,2026-09-03T10:57:01.607221+00:00,1,2,1301.8,0.591,24054.36,21,RECOVERED,0.574,True,1005.57
pay_100149,cust_01149,15491.82,INR,upi,payment_method_issue,2026-09-04T05:56:33.533307+00:00,1,0,162.3,0.44,7586.21,3,RECOVERED,0.5446,True,15491.82
pay_100150,cust_01150,1943.04,INR,card,temporary_bank_error,2026-09-04T01:51:30.211218+00:00,2,1,407.4,0.874,94826.5,29,FAILED,0.731,False,0.0
pay_100151,cust_01151,3314.05,INR,upi,authentication_failure,2026-09-03T21:54:01.665653+00:00,2,0,644.8,0.623,50405.2,17,RECOVERED,0.7754,True,3314.05
pay_100152,cust_01152,1882.68,INR,upi,authentication_failure,2026-09-02T07:07:56.996517+00:00,1,2,2970.9,0.852,117078.49,20,FAILED,0.5737,False,0.0
pay_100153,cust_01153,3127.01,INR,card,insufficient_funds,2026-09-04T01:45:14.953400+00:00,2,0,413.6,0.269,0.0,1,FAILED,0.3088,False,0.0
pay_100154,cust_01154,2817.75,INR,upi,authentication_failure,2026-09-01T21:20:49.688723+00:00,1,2,3558.0,0.618,93329.04,21,FAILED,0.4841,False,0.0
pay_100155,cust_01155,841.47,INR,wallet,account_blocked,2026-09-01T11:21:20.641484+00:00,1,1,4157.5,0.318,828.3,4,FAILED,0.01,False,0.0
pay_100156,cust_01156,2043.98,INR,upi,insufficient_funds,2026-09-04T07:44:34.321232+00:00,1,0,54.3,0.479,12745.12,6,RECOVERED,0.4639,True,2043.98
pay_100157,cust_01157,1411.49,INR,upi,3ds_timeout,2026-09-03T22:40:48.280014+00:00,3,0,598.1,0.234,0.0,3,FAILED,0.5055,False,0.0
pay_100158,cust_01158,1720.73,INR,card,payment_method_issue,2026-09-03T23:26:09.569495+00:00,1,2,552.7,0.481,2107.55,12,FAILED,0.212,False,0.0
pay_100159,cust_01159,2474.12,INR,upi,network_failure,2026-09-02T07:39:51.629840+00:00,1,0,2939.0,0.922,120055.04,35,RECOVERED,0.9118,True,2474.12
pay_100160,cust_01160,2134.16,INR,wallet,payment_method_issue,2026-08-29T04:16:30.850446+00:00,2,0,8902.4,0.801,22186.85,44,FAILED,0.3835,False,0.0
pay_100161,cust_01161,1321.03,INR,card,3ds_timeout,2026-09-02T06:59:38.272411+00:00,1,0,2979.2,0.071,0.0,8,FAILED,0.5711,False,0.0
pay_100162,cust_01162,1399.12,INR,upi,payment_method_issue,2026-09-04T02:06:00.011570+00:00,1,0,392.9,0.551,5560.52,4,RECOVERED,0.6334,True,1399.12
pay_100163,cust_01163,681.6,INR,upi,network_failure,2026-09-04T07:36:56.834470+00:00,1,1,61.9,0.599,39255.02,24,RECOVERED,0.7212,True,681.6
pay_100164,cust_01164,1943.51,INR,upi,3ds_timeout,2026-09-04T02:44:18.585430+00:00,1,0,354.6,0.849,48420.59,49,FAILED,0.8716,False,0.0
pay_100165,cust_01165,4391.64,INR,wallet,authentication_failure,2026-09-03T09:50:18.391032+00:00,1,0,1368.6,0.803,133422.6,26,RECOVERED,0.8061,True,4391.64
pay_100166,cust_01166,2282.81,INR,card,authentication_failure,2026-09-04T02:21:15.341119+00:00,2,0,377.6,0.903,191066.5,28,RECOVERED,0.7985,True,2282.81
pay_100167,cust_01167,1213.77,INR,netbanking,temporary_bank_error,2026-09-04T07:13:04.475623+00:00,1,1,85.8,0.772,137563.02,28,FAILED,0.6571,False,0.0
pay_100168,cust_01168,6225.46,INR,card,network_failure,2026-09-02T16:02:31.164085+00:00,1,0,2436.4,0.904,84635.88,31,RECOVERED,0.8296,True,6225.46
pay_100169,cust_01169,2350.39,INR,card,authentication_failure,2026-09-04T06:20:42.721526+00:00,1,0,138.2,0.52,42070.8,20,FAILED,0.6916,False,0.0
pay_100170,cust_01170,1223.86,INR,netbanking,customer_abandonment,2026-09-02T09:05:37.173364+00:00,1,0,2853.3,0.519,28171.98,19,FAILED,0.1509,False,0.0
pay_100171,cust_01171,3384.07,INR,upi,temporary_bank_error,2026-09-03T21:27:23.083949+00:00,2,0,671.5,0.731,75367.65,21,RECOVERED,0.8757,True,3384.07
pay_100172,cust_01172,1945.94,INR,upi,network_failure,2026-09-03T05:03:20.948519+00:00,3,0,1655.5,0.491,7212.54,7,RECOVERED,0.7279,True,1945.94
pay_100173,cust_01173,1972.11,INR,card,authentication_failure,2026-09-02T14:51:37.267865+00:00,1,1,2507.3,0.95,203738.9,41,RECOVERED,0.7137,True,1972.11
pay_100174,cust_01174,3447.87,INR,upi,insufficient_funds,2026-09-02T18:19:41.875987+00:00,1,0,2299.2,0.872,88317.75,29,FAILED,0.5957,False,0.0
pay_100175,cust_01175,3852.15,INR,card,3ds_timeout,2026-09-03T09:30:48.340939+00:00,2,1,1388.1,0.664,63581.96,20,FAILED,0.5381,False,0.0
pay_100176,cust_01176,1748.14,INR,upi,payment_method_issue,2026-09-04T04:26:30.118782+00:00,1,1,252.4,0.769,134923.25,33,FAILED,0.5114,False,0.0
pay_100177,cust_01177,2044.68,INR,upi,temporary_bank_error,2026-09-03T09:37:09.099230+00:00,2,0,1381.7,0.924,32536.13,12,FAILED,0.8774,False,0.0
pay_100178,cust_01178,673.25,INR,card,authentication_failure,2026-09-02T20:19:32.507660+00:00,1,2,2179.3,0.903,11987.94,7,RECOVERED,0.5671,True,673.25
pay_100179,cust_01179,2439.4,INR,emi,temporary_bank_error,2026-09-03T08:36:54.624092+00:00,1,0,1442.0,0.799,61840.4,13,FAILED,0.8229,False,0.0
pay_100180,cust_01180,1398.08,INR,upi,3ds_timeout,2026-09-04T06:58:28.127416+00:00,1,0,100.4,0.849,35503.6,13,RECOVERED,0.8789,True,1398.08
pay_100181,cust_01181,5198.04,INR,upi,insufficient_funds,2026-08-31T17:31:23.653531+00:00,3,0,5227.5,0.425,6257.3,25,RECOVERED,0.1796,True,5198.04
pay_100182,cust_01182,1277.76,INR,netbanking,network_failure,2026-09-04T08:06:39.511259+00:00,2,0,32.2,0.882,230079.96,50,RECOVERED,0.8286,True,1277.76
pay_100183,cust_01183,6991.28,INR,card,temporary_bank_error,2026-09-04T00:58:31.131098+00:00,1,0,460.4,0.108,3842.75,10,FAILED,0.6477,False,0.0
pay_100184,cust_01184,627.4,INR,upi,payment_method_issue,2026-09-03T04:15:09.822177+00:00,1,1,1703.7,0.885,29884.14,38,FAILED,0.4266,False,0.0
pay_100185,cust_01185,2428.53,INR,card,temporary_bank_error,2026-09-01T08:19:55.906831+00:00,1,0,4338.9,0.789,150099.07,37,RECOVERED,0.6988,True,2428.53
pay_100186,cust_01186,3361.56,INR,upi,3ds_timeout,2026-09-03T20:29:02.827763+00:00,1,1,729.8,0.97,289334.32,46,RECOVERED,0.7448,True,3361.56
pay_100187,cust_01187,1926.64,INR,netbanking,network_failure,2026-09-04T02:53:45.816512+00:00,1,0,345.1,0.889,35208.8,46,RECOVERED,0.894,True,1926.64
pay_100188,cust_01188,734.19,INR,netbanking,authentication_failure,2026-08-31T21:53:38.133263+00:00,2,0,4965.2,0.963,204790.56,41,RECOVERED,0.6638,True,734.19
pay_100189,cust_01189,2628.53,INR,netbanking,insufficient_funds,2026-09-02T22:17:40.169014+00:00,2,0,2061.2,0.766,129041.75,33,FAILED,0.3655,False,0.0
pay_100190,cust_01190,2338.39,INR,netbanking,authentication_failure,2026-09-04T05:39:11.527758+00:00,2,2,179.7,0.821,15918.66,33,FAILED,0.4713,False,0.0
pay_100191,cust_01191,1163.15,INR,upi,authentication_failure,2026-09-04T07:03:18.679954+00:00,1,0,95.6,0.732,10071.12,4,RECOVERED,0.9381,True,1163.15
pay_100192,cust_01192,3914.78,INR,upi,authentication_failure,2026-09-04T08:22:02.553708+00:00,3,0,16.8,0.932,22577.7,7,RECOVERED,0.743,True,3914.78
pay_100193,cust_01193,1391.52,INR,card,temporary_bank_error,2026-09-03T04:09:02.460060+00:00,1,1,1709.8,0.57,3769.03,3,FAILED,0.5258,False,0.0
pay_100194,cust_01194,921.88,INR,upi,account_blocked,2026-09-04T04:57:30.270395+00:00,2,1,221.4,0.413,33036.66,24,FAILED,0.01,False,0.0
pay_100195,cust_01195,6652.3,INR,card,network_failure,2026-09-03T23:09:46.317713+00:00,1,0,569.1,0.836,62379.09,23,RECOVERED,0.9343,True,6652.3
pay_100196,cust_01196,1639.68,INR,upi,network_failure,2026-09-03T20:30:39.029798+00:00,1,0,728.2,0.62,5677.24,4,RECOVERED,0.8533,True,1639.68
pay_100197,cust_01197,8418.18,INR,netbanking,network_failure,2026-09-04T04:14:55.229467+00:00,1,1,264.0,0.946,280970.0,43,RECOVERED,0.7911,True,8418.18
pay_100198,cust_01198,6121.02,INR,upi,customer_abandonment,2026-09-04T07:22:01.237580+00:00,1,0,76.9,0.83,215775.4,46,FAILED,0.4047,False,0.0
pay_100199,cust_01199,3493.22,INR,card,payment_method_issue,2026-09-03T22:41:43.858017+00:00,3,0,597.1,0.837,137791.92,26,RECOVERED,0.4655,True,3493.22
pay_100200,cust_01200,5732.55,INR,card,3ds_timeout,2026-09-03T14:42:37.276417+00:00,1,1,1076.3,0.833,61600.21,28,FAILED,0.6584,False,0.0
pay_100201,cust_01201,1186.62,INR,netbanking,network_failure,2026-08-31T15:16:09.964808+00:00,1,1,5362.7,0.782,18043.2,9,RECOVERED,0.5552,True,1186.62
pay_100202,cust_01202,3035.92,INR,card,authentication_failure,2026-09-03T13:11:45.394499+00:00,1,0,1167.1,0.827,47126.88,44,RECOVERED,0.7869,True,3035.92
pay_100203,cust_01203,2059.88,INR,upi,3ds_timeout,2026-09-04T06:50:57.858617+00:00,1,0,107.9,0.662,23412.44,7,RECOVERED,0.8199,True,2059.88
pay_100204,cust_01204,1626.36,INR,netbanking,payment_method_issue,2026-09-03T00:04:01.172573+00:00,1,1,1954.9,0.258,4203.64,8,FAILED,0.1851,False,0.0
pay_100205,cust_01205,749.49,INR,emi,network_failure,2026-09-02T08:13:28.093055+00:00,2,0,2905.4,0.968,119503.14,33,RECOVERED,0.674,True,749.49
pay_100206,cust_01206,7685.9,INR,card,insufficient_funds,2026-09-02T01:13:00.546904+00:00,2,1,3325.9,0.972,103515.2,17,FAILED,0.2806,False,0.0
pay_100207,cust_01207,3367.27,INR,wallet,network_failure,2026-09-03T09:14:16.033598+00:00,1,0,1404.6,0.697,97422.78,19,RECOVERED,0.7894,True,3367.27
pay_100208,cust_01208,1211.42,INR,card,insufficient_funds,2026-09-04T03:53:39.669492+00:00,1,0,285.2,0.787,181771.5,33,RECOVERED,0.516,True,1211.42
pay_100209,cust_01209,1957.76,INR,upi,insufficient_funds,2026-09-03T18:30:13.702615+00:00,1,2,848.6,0.125,7111.65,8,FAILED,0.1202,False,0.0
pay_100210,cust_01210,5009.11,INR,upi,temporary_bank_error,2026-08-31T20:57:21.992730+00:00,1,0,5021.5,0.804,25494.64,10,RECOVERED,0.6819,True,5009.11
pay_100211,cust_01211,709.28,INR,netbanking,network_failure,2026-08-31T20:37:59.704281+00:00,1,0,5040.9,0.784,12544.85,7,RECOVERED,0.7293,True,709.28
pay_100212,cust_01212,2124.85,INR,upi,insufficient_funds,2026-09-03T19:07:10.738268+00:00,3,0,811.7,0.751,3124.31,10,FAILED,0.3232,False,0.0
pay_100213,cust_01213,6638.28,INR,upi,network_failure,2026-09-04T07:45:04.480643+00:00,2,0,53.8,0.257,1156.14,7,RECOVERED,0.7495,True,6638.28
pay_100214,cust_01214,1544.87,INR,netbanking,payment_method_issue,2026-09-03T11:31:11.847965+00:00,1,0,1267.7,0.847,141331.49,44,FAILED,0.6336,False,0.0
pay_100215,cust_01215,1624.19,INR,upi,network_failure,2026-09-03T14:28:03.234242+00:00,1,0,1090.8,0.895,77865.12,41,RECOVERED,0.9382,True,1624.19
pay_100216,cust_01216,3590.73,INR,upi,authentication_failure,2026-09-04T07:37:43.753812+00:00,1,0,61.1,0.482,12196.24,15,RECOVERED,0.7895,True,3590.73
pay_100217,cust_01217,4159.13,INR,card,authentication_failure,2026-09-03T16:32:30.660385+00:00,2,0,966.4,0.235,9133.94,9,FAILED,0.5812,False,0.0
pay_100218,cust_01218,4849.09,INR,upi,3ds_timeout,2026-08-31T20:33:38.781827+00:00,1,1,5045.2,0.734,42380.38,10,RECOVERED,0.5267,True,4849.09
pay_100219,cust_01219,1213.16,INR,netbanking,network_failure,2026-09-03T04:20:07.242224+00:00,1,0,1698.8,0.901,56165.04,11,RECOVERED,0.911,True,1213.16
pay_100220,cust_01220,2253.71,INR,card,3ds_timeout,2026-09-02T07:53:02.084174+00:00,1,1,2925.8,0.937,93715.3,16,RECOVERED,0.6414,True,2253.71
pay_100221,cust_01221,4838.79,INR,upi,3ds_timeout,2026-09-03T20:37:56.152336+00:00,1,2,720.9,0.781,244790.13,50,FAILED,0.604,False,0.0
pay_100222,cust_01222,2545.57,INR,emi,network_failure,2026-08-31T13:55:52.274618+00:00,1,0,5443.0,0.796,13650.45,7,RECOVERED,0.6418,True,2545.57
pay_100223,cust_01223,2583.98,INR,card,payment_method_issue,2026-09-02T06:03:23.917220+00:00,1,0,3035.5,0.758,60231.0,46,RECOVERED,0.5403,True,2583.98
pay_100224,cust_01224,5174.91,INR,netbanking,payment_method_issue,2026-09-02T18:16:56.390378+00:00,1,0,2301.9,0.779,76955.13,28,FAILED,0.4676,False,0.0
pay_100225,cust_01225,1772.16,INR,card,network_failure,2026-09-03T23:13:46.565446+00:00,1,0,565.1,0.793,156975.34,49,RECOVERED,0.8925,True,1772.16
pay_100226,cust_01226,7155.27,INR,upi,temporary_bank_error,2026-09-04T02:08:19.847493+00:00,2,1,390.5,0.889,63002.1,16,RECOVERED,0.6821,True,7155.27
pay_100227,cust_01227,7432.46,INR,card,authentication_failure,2026-09-03T21:11:00.001754+00:00,1,1,687.9,0.504,58260.0,21,FAILED,0.6338,False,0.0
pay_100228,cust_01228,270.56,INR,upi,temporary_bank_error,2026-09-03T21:10:02.889616+00:00,3,0,688.8,0.917,120824.64,27,RECOVERED,0.8625,True,270.56
pay_100229,cust_01229,4528.09,INR,card,payment_method_issue,2026-09-02T16:24:36.764855+00:00,2,0,2414.3,0.897,106269.0,28,FAILED,0.5938,False,0.0
pay_100230,cust_01230,3667.05,INR,upi,customer_abandonment,2026-09-04T07:09:21.832015+00:00,1,1,89.5,0.549,2453.1,6,RECOVERED,0.1554,True,3667.05
pay_100231,cust_01231,1093.16,INR,card,temporary_bank_error,2026-09-04T00:36:02.960183+00:00,2,0,482.8,0.785,190148.5,33,RECOVERED,0.7594,True,1093.16
pay_100232,cust_01232,2307.49,INR,upi,3ds_timeout,2026-09-03T02:25:27.914533+00:00,1,0,1813.4,0.834,106032.4,25,RECOVERED,0.8593,True,2307.49
pay_100233,cust_01233,910.51,INR,upi,3ds_timeout,2026-09-04T03:50:34.600631+00:00,1,0,288.3,0.839,39823.08,40,RECOVERED,0.8528,True,910.51
pay_100234,cust_01234,1235.1,INR,card,temporary_bank_error,2026-09-01T01:34:16.286779+00:00,2,0,4744.6,0.147,1841.37,8,FAILED,0.4926,False,0.0
pay_100235,cust_01235,2390.2,INR,upi,3ds_timeout,2026-09-01T08:04:01.522604+00:00,1,1,4354.8,0.914,58868.55,10,RECOVERED,0.669,True,2390.2
pay_100236,cust_01236,2077.85,INR,upi,network_failure,2026-09-03T09:59:19.869152+00:00,2,0,1359.5,0.817,130254.31,24,RECOVERED,0.8389,True,2077.85
pay_100237,cust_01237,738.71,INR,netbanking,temporary_bank_error,2026-09-02T15:08:29.788378+00:00,1,0,2490.4,0.977,25474.44,13,RECOVERED,0.7709,True,738.71
pay_100238,cust_01238,1165.85,INR,card,authentication_failure,2026-09-03T11:26:50.134552+00:00,1,1,1272.0,0.858,44174.16,40,RECOVERED,0.6918,True,1165.85
pay_100239,cust_01239,3317.68,INR,upi,network_failure,2026-09-04T08:04:25.547005+00:00,1,2,34.4,0.294,6926.24,9,FAILED,0.544,False,0.0
pay_100240,cust_01240,4320.4,INR,upi,temporary_bank_error,2026-09-03T10:59:09.877036+00:00,1,0,1299.7,0.823,26353.6,9,RECOVERED,0.95,True,4320.4
pay_100241,cust_01241,1050.54,INR,upi,3ds_timeout,2026-09-03T04:21:00.577035+00:00,1,1,1697.9,0.462,7262.32,6,FAILED,0.6381,False,0.0
pay_100242,cust_01242,3150.09,INR,upi,network_failure,2026-09-04T06:29:55.252283+00:00,1,2,129.0,0.788,142452.12,25,FAILED,0.7377,False,0.0
pay_100243,cust_01243,1254.7,INR,upi,temporary_bank_error,2026-09-04T06:55:15.849976+00:00,1,0,103.6,0.485,76639.1,22,RECOVERED,0.7817,True,1254.7
pay_100244,cust_01244,2409.15,INR,netbanking,3ds_timeout,2026-09-03T14:22:33.048889+00:00,1,0,1096.3,0.432,14386.5,22,RECOVERED,0.5714,True,2409.15
pay_100245,cust_01245,5335.49,INR,emi,3ds_timeout,2026-09-03T13:03:53.891395+00:00,1,1,1175.0,0.707,54299.84,12,FAILED,0.5088,False,0.0
pay_100246,cust_01246,1136.82,INR,card,customer_abandonment,2026-09-04T04:01:19.783865+00:00,1,0,277.5,0.898,84162.6,41,RECOVERED,0.3335,True,1136.82
pay_100247,cust_01247,2288.13,INR,upi,authentication_failure,2026-09-02T22:46:39.872245+00:00,1,1,2032.2,0.41,40508.55,22,RECOVERED,0.53,True,2288.13
pay_100248,cust_01248,4784.08,INR,wallet,network_failure,2026-09-03T20:24:55.565659+00:00,1,1,733.9,0.767,9103.32,8,RECOVERED,0.781,True,4784.08
pay_100249,cust_01249,5273.65,INR,card,3ds_timeout,2026-09-04T06:24:27.095710+00:00,1,0,134.4,0.783,107590.86,50,RECOVERED,0.8062,True,5273.65
pay_100250,cust_01250,2223.49,INR,netbanking,3ds_timeout,2026-09-04T07:45:50.303743+00:00,1,2,53.0,0.774,58377.6,20,FAILED,0.4751,False,0.0
pay_100251,cust_01251,1065.51,INR,upi,customer_abandonment,2026-09-03T13:16:48.250722+00:00,2,0,1162.1,0.817,159943.38,29,FAILED,0.2212,False,0.0
pay_100252,cust_01252,826.59,INR,card,authentication_failure,2026-09-01T20:12:43.678724+00:00,2,0,3626.1,0.295,6176.03,4,FAILED,0.4472,False,0.0
pay_100253,cust_01253,2133.38,INR,upi,insufficient_funds,2026-09-02T08:02:19.363328+00:00,3,0,2916.6,0.569,15156.58,4,RECOVERED,0.2889,True,2133.38
pay_100254,cust_01254,1170.9,INR,upi,temporary_bank_error,2026-09-04T04:04:25.901524+00:00,2,0,274.4,0.761,69881.73,23,RECOVERED,0.8585,True,1170.9
pay_100255,cust_01255,2043.76,INR,card,insufficient_funds,2026-09-04T05:14:09.114306+00:00,2,1,204.7,0.547,29509.05,10,RECOVERED,0.212,True,2043.76
pay_100256,cust_01256,1958.59,INR,card,payment_method_issue,2026-09-04T04:02:08.414493+00:00,1,0,276.7,0.879,109435.68,28,RECOVERED,0.6591,True,1958.59
pay_100257,cust_01257,852.27,INR,upi,network_failure,2026-09-04T08:01:13.011514+00:00,1,1,37.7,0.495,55390.7,21,RECOVERED,0.7152,True,852.27
pay_100258,cust_01258,2090.84,INR,emi,temporary_bank_error,2026-09-03T23:40:44.834215+00:00,1,0,538.1,0.977,293666.1,40,RECOVERED,0.8654,True,2090.84
pay_100259,cust_01259,942.5,INR,card,network_failure,2026-09-03T09:27:06.822962+00:00,1,0,1391.8,0.759,6775.9,7,RECOVERED,0.8427,True,942.5
pay_100260,cust_01260,1684.54,INR,upi,account_blocked,2026-09-04T07:13:10.171708+00:00,3,0,85.7,0.889,44041.92,37,FAILED,0.086,False,0.0
pay_100261,cust_01261,1223.26,INR,card,network_failure,2026-09-03T15:33:20.851333+00:00,1,1,1025.5,0.301,4871.68,5,FAILED,0.5835,False,0.0
pay_100262,cust_01262,2834.3,INR,upi,3ds_timeout,2026-09-03T14:40:40.658715+00:00,1,0,1078.2,0.879,197438.1,35,RECOVERED,0.8915,True,2834.3
pay_100263,cust_01263,669.48,INR,upi,temporary_bank_error,2026-09-02T14:27:57.729849+00:00,1,1,2530.9,0.248,0.0,1,FAILED,0.5446,False,0.0
pay_100264,cust_01264,1259.91,INR,upi,temporary_bank_error,2026-09-02T22:22:05.195043+00:00,2,0,2056.8,0.762,41936.44,35,RECOVERED,0.6658,True,1259.91
pay_100265,cust_01265,612.08,INR,upi,network_failure,2026-08-31T15:15:39.533543+00:00,1,0,5363.2,0.482,68410.62,20,FAILED,0.6864,False,0.0
pay_100266,cust_01266,1973.87,INR,upi,authentication_failure,2026-09-03T18:06:28.940217+00:00,1,1,872.4,0.785,71058.86,49,FAILED,0.7421,False,0.0
pay_100267,cust_01267,1955.02,INR,upi,temporary_bank_error,2026-09-03T00:33:39.114082+00:00,3,0,1925.2,0.65,5734.47,3,RECOVERED,0.6259,True,1955.02
pay_100268,cust_01268,666.79,INR,card,payment_method_issue,2026-09-02T03:12:50.751733+00:00,1,0,3206.0,0.213,2715.9,7,RECOVERED,0.3224,True,666.79
pay_100269,cust_01269,1169.98,INR,card,temporary_bank_error,2026-09-04T01:35:36.978465+00:00,1,0,423.3,0.905,225899.64,48,RECOVERED,0.9273,True,1169.98
pay_100270,cust_01270,11224.41,INR,card,insufficient_funds,2026-09-03T08:20:57.381674+00:00,1,1,1457.9,0.145,0.0,5,FAILED,0.1406,False,0.0
pay_100271,cust_01271,2050.02,INR,upi,payment_method_issue,2026-09-03T15:25:06.342670+00:00,2,1,1033.8,0.566,26872.02,17,RECOVERED,0.3257,True,2050.02
pay_100272,cust_01272,1491.81,INR,upi,network_failure,2026-09-01T05:24:26.159134+00:00,1,0,4514.4,0.529,46210.57,14,FAILED,0.7273,False,0.0
pay_100273,cust_01273,680.14,INR,upi,payment_method_issue,2026-09-03T06:39:34.292420+00:00,2,1,1559.3,0.077,0.0,8,FAILED,0.1728,False,0.0
pay_100274,cust_01274,5159.34,INR,upi,network_failure,2026-09-04T06:35:24.087539+00:00,1,1,123.5,0.879,25783.0,22,FAILED,0.8682,False,0.0
pay_100275,cust_01275,4433.03,INR,card,temporary_bank_error,2026-09-04T03:07:16.426705+00:00,1,0,331.6,0.904,69280.78,38,RECOVERED,0.8595,True,4433.03
pay_100276,cust_01276,5782.29,INR,card,authentication_failure,2026-09-04T07:37:09.638399+00:00,1,1,61.7,0.859,255630.9,48,FAILED,0.7381,False,0.0
pay_100277,cust_01277,1194.14,INR,emi,3ds_timeout,2026-09-03T11:41:20.580166+00:00,1,1,1257.5,0.699,43739.85,17,FAILED,0.586,False,0.0
pay_100278,cust_01278,3073.7,INR,upi,temporary_bank_error,2026-09-01T17:28:25.917388+00:00,1,0,3790.4,0.764,37258.9,10,RECOVERED,0.8089,True,3073.7
pay_100279,cust_01279,866.23,INR,upi,3ds_timeout,2026-09-01T11:51:46.990384+00:00,1,0,4127.1,0.943,47869.32,7,RECOVERED,0.6893,True,866.23
pay_100280,cust_01280,1674.04,INR,netbanking,3ds_timeout,2026-09-04T00:33:57.957934+00:00,3,0,484.9,0.377,7050.92,5,RECOVERED,0.4629,True,1674.04
pay_100281,cust_01281,1748.13,INR,netbanking,authentication_failure,2026-09-02T12:21:51.393620+00:00,2,1,2657.0,0.976,83566.78,23,FAILED,0.5762,False,0.0
pay_100282,cust_01282,3395.84,INR,upi,authentication_failure,2026-08-31T04:22:39.589734+00:00,1,1,6016.2,0.559,26111.48,8,FAILED,0.5516,False,0.0
pay_100283,cust_01283,2751.08,INR,netbanking,network_failure,2026-09-03T15:43:47.220107+00:00,2,0,1015.1,0.793,127778.2,26,FAILED,0.7312,False,0.0
pay_100284,cust_01284,2558.22,INR,card,authentication_failure,2026-09-04T00:10:17.794903+00:00,3,1,508.6,0.617,53342.56,14,FAILED,0.542,False,0.0
pay_100285,cust_01285,3650.7,INR,card,payment_method_issue,2026-09-04T04:27:40.946413+00:00,2,0,251.2,0.463,7952.8,6,FAILED,0.4397,False,0.0
pay_100286,cust_01286,1690.5,INR,netbanking,network_failure,2026-09-03T13:12:39.514316+00:00,1,0,1166.2,0.923,60374.54,26,RECOVERED,0.8325,True,1690.5
pay_100287,cust_01287,767.62,INR,upi,payment_method_issue,2026-09-03T13:15:26.056982+00:00,1,0,1163.4,0.804,44782.21,47,RECOVERED,0.6476,True,767.62
pay_100288,cust_01288,1066.44,INR,wallet,temporary_bank_error,2026-09-03T23:08:45.966595+00:00,1,0,570.1,0.352,5615.24,5,RECOVERED,0.7639,True,1066.44
pay_100289,cust_01289,3561.39,INR,emi,temporary_bank_error,2026-09-03T18:21:37.312715+00:00,2,0,857.3,0.781,38033.4,14,FAILED,0.6853,False,0.0
pay_100290,cust_01290,2391.67,INR,upi,temporary_bank_error,2026-09-03T04:06:02.043522+00:00,3,0,1712.8,0.307,6166.32,4,RECOVERED,0.6053,True,2391.67
pay_100291,cust_01291,589.62,INR,netbanking,network_failure,2026-09-03T11:21:16.381261+00:00,1,0,1277.6,0.912,58902.24,9,RECOVERED,0.9057,True,589.62
pay_100292,cust_01292,1272.33,INR,card,authentication_failure,2026-09-03T12:54:30.011979+00:00,3,0,1184.4,0.873,36744.63,15,RECOVERED,0.6759,True,1272.33
pay_100293,cust_01293,4533.5,INR,upi,insufficient_funds,2026-09-03T16:05:45.424698+00:00,3,0,993.1,0.566,37302.2,18,FAILED,0.3396,False,0.0
pay_100294,cust_01294,1743.85,INR,netbanking,3ds_timeout,2026-09-02T19:21:00.454248+00:00,2,0,2237.9,0.88,135110.85,40,RECOVERED,0.6341,True,1743.85
pay_100295,cust_01295,801.63,INR,upi,temporary_bank_error,2026-09-04T06:25:16.785037+00:00,1,0,133.6,0.751,61789.0,18,RECOVERED,0.8928,True,801.63
pay_100296,cust_01296,6706.01,INR,emi,customer_abandonment,2026-09-03T07:57:23.927976+00:00,1,0,1481.5,0.764,47359.56,9,FAILED,0.2489,False,0.0
pay_100297,cust_01297,5307.24,INR,upi,temporary_bank_error,2026-09-02T12:41:44.108920+00:00,1,0,2637.1,0.781,274160.95,46,RECOVERED,0.8395,True,5307.24
pay_100298,cust_01298,9024.24,INR,upi,temporary_bank_error,2026-09-03T22:52:27.464150+00:00,1,0,586.4,0.708,8261.28,14,RECOVERED,0.9319,True,9024.24
pay_100299,cust_01299,2236.59,INR,upi,customer_abandonment,2026-09-04T01:26:39.036690+00:00,1,1,432.2,0.978,126790.61,30,FAILED,0.1992,False,0.0
pay_100300,cust_01300,3013.57,INR,card,authentication_failure,2026-09-04T05:12:33.914627+00:00,1,0,206.3,0.207,3565.79,9,RECOVERED,0.6355,True,3013.57
pay_100301,cust_01301,1954.69,INR,upi,payment_method_issue,2026-09-02T21:50:21.801552+00:00,1,0,2088.5,0.786,97734.78,17,RECOVERED,0.6665,True,1954.69
pay_100302,cust_01302,899.01,INR,netbanking,3ds_timeout,2026-09-01T05:20:40.974836+00:00,2,2,4518.2,0.718,2153.13,2,FAILED,0.3262,False,0.0
pay_100303,cust_01303,1844.34,INR,upi,network_failure,2026-09-01T23:50:08.745771+00:00,2,2,3408.7,0.905,15291.15,8,RECOVERED,0.539,True,1844.34
pay_100304,cust_01304,4150.02,INR,upi,payment_method_issue,2026-09-04T07:01:31.769634+00:00,1,1,97.3,0.924,9653.28,8,RECOVERED,0.523,True,4150.02
pay_100305,cust_01305,287.32,INR,upi,insufficient_funds,2026-09-04T08:07:06.027279+00:00,1,0,31.8,0.928,48855.68,25,FAILED,0.633,False,0.0
pay_100306,cust_01306,2108.21,INR,wallet,network_failure,2026-09-03T19:37:27.586705+00:00,2,0,781.4,0.813,243315.52,40,RECOVERED,0.8474,True,2108.21
pay_100307,cust_01307,3772.19,INR,upi,authentication_failure,2026-09-03T17:41:02.465013+00:00,3,0,897.8,0.761,151004.4,27,FAILED,0.6443,False,0.0
pay_100308,cust_01308,548.89,INR,upi,network_failure,2026-09-04T02:31:14.417371+00:00,1,1,367.6,0.539,15993.7,11,RECOVERED,0.7768,True,548.89
pay_100309,cust_01309,2345.97,INR,card,network_failure,2026-09-02T09:26:14.042960+00:00,1,1,2832.6,0.913,227648.81,34,RECOVERED,0.7543,True,2345.97
pay_100310,cust_01310,2301.12,INR,card,network_failure,2026-09-03T17:56:05.435523+00:00,1,0,882.8,0.839,31716.73,21,RECOVERED,0.8752,True,2301.12
pay_100311,cust_01311,2833.44,INR,card,temporary_bank_error,2026-09-03T07:23:07.173858+00:00,1,2,1515.8,0.917,10452.45,17,RECOVERED,0.6215,True,2833.44
pay_100312,cust_01312,2031.71,INR,netbanking,authentication_failure,2026-09-04T07:22:02.577832+00:00,1,0,76.8,0.767,188068.8,42,FAILED,0.7587,False,0.0
pay_100313,cust_01313,1191.81,INR,upi,temporary_bank_error,2026-09-02T22:43:11.208532+00:00,1,0,2035.7,0.513,1930.92,2,RECOVERED,0.7372,True,1191.81
pay_100314,cust_01314,2587.54,INR,netbanking,insufficient_funds,2026-09-04T02:05:57.847565+00:00,1,0,392.9,0.287,3354.07,4,FAILED,0.3012,False,0.0
pay_100315,cust_01315,4050.06,INR,card,authentication_failure,2026-09-04T05:58:22.219345+00:00,1,1,160.5,0.873,61521.55,27,RECOVERED,0.7142,True,4050.06
pay_100316,cust_01316,1420.71,INR,netbanking,customer_abandonment,2026-09-04T03:10:45.106538+00:00,1,2,328.1,0.976,209594.36,35,FAILED,0.0876,False,0.0
pay_100317,cust_01317,4168.8,INR,card,3ds_timeout,2026-09-02T18:16:13.428582+00:00,1,0,2302.7,0.761,84106.96,19,RECOVERED,0.7011,True,4168.8
pay_100318,cust_01318,2109.66,INR,upi,3ds_timeout,2026-09-02T18:49:00.140855+00:00,1,0,2269.9,0.846,19917.48,14,RECOVERED,0.8261,True,2109.66
pay_100319,cust_01319,1528.71,INR,upi,insufficient_funds,2026-09-03T07:09:21.617174+00:00,1,0,1529.5,0.901,124667.32,48,RECOVERED,0.5393,True,1528.71
pay_100320,cust_01320,10404.77,INR,upi,insufficient_funds,2026-09-02T17:35:06.089526+00:00,1,1,2343.8,0.919,38480.4,27,FAILED,0.3746,False,0.0
pay_100321,cust_01321,1874.86,INR,emi,3ds_timeout,2026-09-03T08:28:51.301443+00:00,1,0,1450.0,0.375,1681.32,9,RECOVERED,0.6037,True,1874.86
pay_100322,cust_01322,1720.35,INR,upi,network_failure,2026-09-03T12:57:27.689379+00:00,1,1,1181.4,0.54,22902.44,22,RECOVERED,0.7448,True,1720.35
pay_100323,cust_01323,3177.04,INR,upi,payment_method_issue,2026-09-04T03:40:01.769648+00:00,1,0,298.8,0.764,184756.34,45,FAILED,0.6544,False,0.0
pay_100324,cust_01324,2286.48,INR,card,temporary_bank_error,2026-09-03T17:21:28.365164+00:00,1,2,917.4,0.752,104019.3,40,FAILED,0.6054,False,0.0
pay_100325,cust_01325,365.96,INR,card,insufficient_funds,2026-09-03T22:50:56.957007+00:00,2,0,587.9,0.056,0.0,7,FAILED,0.1782,False,0.0
pay_100326,cust_01326,3914.71,INR,upi,network_failure,2026-09-04T04:58:23.006200+00:00,1,0,220.5,0.794,67308.6,38,RECOVERED,0.95,True,3914.71
pay_100327,cust_01327,7275.74,INR,card,3ds_timeout,2026-09-03T22:13:16.540253+00:00,1,2,625.6,0.843,73871.8,41,FAILED,0.5168,False,0.0
pay_100328,cust_01328,2759.99,INR,card,network_failure,2026-09-03T05:35:11.268337+00:00,2,0,1623.7,0.692,2039.9,3,RECOVERED,0.7453,True,2759.99
pay_100329,cust_01329,1377.89,INR,upi,insufficient_funds,2026-09-04T02:27:46.429401+00:00,3,1,371.1,0.752,10303.48,15,RECOVERED,0.2499,True,1377.89
pay_100330,cust_01330,4011.97,INR,card,authentication_failure,2026-09-03T23:54:17.744007+00:00,1,1,524.6,0.381,22132.41,9,RECOVERED,0.5096,True,4011.97
pay_100331,cust_01331,3014.31,INR,netbanking,payment_method_issue,2026-09-02T19:22:08.939472+00:00,1,0,2236.7,0.761,33420.6,9,FAILED,0.5153,False,0.0
pay_100332,cust_01332,2773.47,INR,card,authentication_failure,2026-09-04T05:49:27.816046+00:00,1,0,169.4,0.461,2102.85,12,RECOVERED,0.7238,True,2773.47
pay_100333,cust_01333,4844.82,INR,card,temporary_bank_error,2026-08-31T14:19:15.924889+00:00,1,0,5419.6,0.152,2151.64,10,RECOVERED,0.5265,True,4844.82
pay_100334,cust_01334,1302.1,INR,card,insufficient_funds,2026-09-04T00:45:45.216494+00:00,1,0,473.1,0.92,264422.7,49,FAILED,0.5322,False,0.0
pay_100335,cust_01335,3012.38,INR,netbanking,payment_method_issue,2026-09-04T08:12:42.503693+00:00,1,0,26.2,0.803,20457.92,9,FAILED,0.5599,False,0.0
pay_100336,cust_01336,945.44,INR,netbanking,temporary_bank_error,2026-09-02T07:10:07.460246+00:00,1,0,2968.7,0.813,106018.9,33,RECOVERED,0.774,True,945.44
pay_100337,cust_01337,2680.69,INR,upi,network_failure,2026-09-04T08:20:54.036571+00:00,1,0,18.0,0.885,23996.0,29,RECOVERED,0.95,True,2680.69
pay_100338,cust_01338,3789.36,INR,upi,temporary_bank_error,2026-09-03T00:01:17.589891+00:00,1,2,1957.6,0.785,247102.44,50,RECOVERED,0.5265,True,3789.36
pay_100339,cust_01339,4273.75,INR,netbanking,network_failure,2026-09-04T06:40:25.031451+00:00,1,0,118.5,0.771,67040.46,24,RECOVERED,0.9254,True,4273.75
pay_100340,cust_01340,2113.38,INR,upi,insufficient_funds,2026-09-03T10:43:05.289291+00:00,1,0,1315.8,0.853,144356.86,40,RECOVERED,0.5899,True,2113.38
pay_100341,cust_01341,4359.7,INR,netbanking,authentication_failure,2026-09-03T15:09:35.949110+00:00,1,0,1049.3,0.887,152913.86,25,RECOVERED,0.8109,True,4359.7
pay_100342,cust_01342,1184.1,INR,netbanking,3ds_timeout,2026-09-02T03:06:58.880017+00:00,2,2,3211.9,0.646,87241.2,19,FAILED,0.2535,False,0.0
pay_100343,cust_01343,7257.73,INR,card,3ds_timeout,2026-09-04T02:08:32.386639+00:00,1,1,390.3,0.458,10474.84,10,RECOVERED,0.6104,True,7257.73
pay_100344,cust_01344,1641.15,INR,card,3ds_timeout,2026-09-01T08:29:38.612205+00:00,1,0,4329.2,0.847,183469.37,35,RECOVERED,0.6546,True,1641.15
pay_100345,cust_01345,2069.13,INR,card,network_failure,2026-09-04T01:36:09.319399+00:00,3,2,422.7,0.892,33710.7,34,RECOVERED,0.5559,True,2069.13
pay_100346,cust_01346,1224.86,INR,upi,temporary_bank_error,2026-08-31T19:13:54.942649+00:00,1,0,5125.0,0.529,22138.32,12,RECOVERED,0.667,True,1224.86
pay_100347,cust_01347,648.68,INR,card,temporary_bank_error,2026-09-04T03:04:54.326388+00:00,1,2,334.0,0.824,73862.4,49,RECOVERED,0.586,True,648.68
pay_100348,cust_01348,1560.3,INR,netbanking,authentication_failure,2026-09-03T15:23:47.341218+00:00,1,1,1035.1,0.91,248056.96,36,RECOVERED,0.6357,True,1560.3
pay_100349,cust_01349,1757.93,INR,upi,3ds_timeout,2026-09-04T05:44:50.493906+00:00,2,2,174.0,0.534,14953.84,5,FAILED,0.444,False,0.0
pay_100350,cust_01350,4725.86,INR,card,3ds_timeout,2026-08-30T10:11:00.687436+00:00,1,0,7107.9,0.587,53962.86,25,RECOVERED,0.5363,True,4725.86
pay_100351,cust_01351,1133.74,INR,upi,temporary_bank_error,2026-09-01T23:29:09.473677+00:00,1,0,3429.7,0.671,54819.3,15,FAILED,0.709,False,0.0
pay_100352,cust_01352,564.0,INR,netbanking,customer_abandonment,2026-09-02T15:19:56.764684+00:00,2,0,2478.9,0.785,159397.25,32,FAILED,0.1995,False,0.0
pay_100353,cust_01353,1357.71,INR,upi,network_failure,2026-09-03T10:25:41.196217+00:00,1,0,1333.2,0.873,147878.64,49,RECOVERED,0.9355,True,1357.71
pay_100354,cust_01354,1611.91,INR,card,temporary_bank_error,2026-09-04T05:33:06.949178+00:00,1,0,185.8,0.96,62209.5,11,RECOVERED,0.8758,True,1611.91
pay_100355,cust_01355,1799.01,INR,upi,temporary_bank_error,2026-09-01T12:25:32.299545+00:00,1,2,4093.3,0.976,242876.78,48,FAILED,0.5828,False,0.0
pay_100356,cust_01356,835.21,INR,card,network_failure,2026-09-03T08:23:13.684765+00:00,1,0,1455.6,0.81,175472.33,37,RECOVERED,0.9134,True,835.21
pay_100357,cust_01357,4283.43,INR,card,network_failure,2026-09-02T00:47:23.003922+00:00,1,0,3351.5,0.836,174917.12,34,RECOVERED,0.8083,True,4283.43
pay_100358,cust_01358,800.33,INR,upi,temporary_bank_error,2026-09-04T00:15:25.692605+00:00,1,0,503.4,0.756,20598.64,11,RECOVERED,0.8929,True,800.33
pay_100359,cust_01359,1288.22,INR,upi,authentication_failure,2026-09-03T22:33:36.279744+00:00,1,0,605.3,0.855,64688.7,18,RECOVERED,0.8884,True,1288.22
pay_100360,cust_01360,4339.72,INR,card,temporary_bank_error,2026-09-03T05:49:23.768791+00:00,1,0,1609.5,0.554,5224.06,4,RECOVERED,0.7613,True,4339.72
pay_100361,cust_01361,4449.14,INR,upi,payment_method_issue,2026-09-02T15:10:03.229226+00:00,3,2,2488.8,0.934,76916.7,20,RECOVERED,0.2103,True,4449.14
pay_100362,cust_01362,1794.63,INR,upi,authentication_failure,2026-09-03T21:30:51.644534+00:00,1,0,668.0,0.856,128728.75,30,RECOVERED,0.9143,True,1794.63
pay_100363,cust_01363,4564.38,INR,upi,network_failure,2026-09-03T19:08:05.099168+00:00,2,0,810.8,0.92,56425.95,17,RECOVERED,0.9301,True,4564.38
pay_100364,cust_01364,1561.77,INR,upi,network_failure,2026-09-03T07:44:12.983650+00:00,1,0,1494.7,0.923,37964.64,9,RECOVERED,0.95,True,1561.77
pay_100365,cust_01365,1274.44,INR,upi,temporary_bank_error,2026-09-03T05:30:59.275942+00:00,1,2,1627.9,0.776,249922.8,47,FAILED,0.5841,False,0.0
pay_100366,cust_01366,744.36,INR,emi,authentication_failure,2026-09-03T04:40:21.891255+00:00,2,0,1678.5,0.84,29790.2,12,RECOVERED,0.6425,True,744.36
pay_100367,cust_01367,1367.76,INR,card,customer_abandonment,2026-09-03T21:00:41.930713+00:00,2,0,698.2,0.251,0.0,3,FAILED,0.0629,False,0.0
pay_100368,cust_01368,1861.82,INR,upi,network_failure,2026-09-02T22:46:22.052625+00:00,3,1,2032.5,0.783,77449.68,29,RECOVERED,0.5885,True,1861.82
pay_100369,cust_01369,3129.83,INR,upi,customer_abandonment,2026-09-03T23:36:14.410237+00:00,1,1,542.6,0.896,317234.22,49,RECOVERED,0.2319,True,3129.83
pay_100370,cust_01370,5107.68,INR,emi,temporary_bank_error,2026-09-01T02:42:13.442804+00:00,3,0,4676.7,0.793,131805.96,33,RECOVERED,0.5397,True,5107.68
pay_100371,cust_01371,568.67,INR,card,network_failure,2026-09-03T13:17:05.822449+00:00,2,0,1161.8,0.838,138331.71,40,RECOVERED,0.7596,True,568.67
pay_100372,cust_01372,3329.05,INR,upi,temporary_bank_error,2026-09-04T01:26:34.587882+00:00,1,0,432.3,0.943,52399.05,36,RECOVERED,0.95,True,3329.05
pay_100373,cust_01373,1746.7,INR,upi,customer_abandonment,2026-09-03T13:04:08.463733+00:00,1,0,1174.7,0.802,28713.78,23,FAILED,0.3258,False,0.0
pay_100374,cust_01374,847.09,INR,upi,3ds_timeout,2026-09-03T16:32:21.996930+00:00,2,2,966.5,0.882,119099.03,22,RECOVERED,0.5137,True,847.09
pay_100375,cust_01375,4821.15,INR,card,network_failure,2026-09-03T20:34:54.456869+00:00,1,2,724.0,0.978,59671.1,11,RECOVERED,0.7399,True,4821.15
pay_100376,cust_01376,16572.08,INR,upi,customer_abandonment,2026-09-01T23:00:07.940440+00:00,2,0,3458.7,0.948,33127.56,10,FAILED,0.228,False,0.0
pay_100377,cust_01377,4762.98,INR,upi,payment_method_issue,2026-09-04T05:26:53.026750+00:00,1,2,192.0,0.6,48510.49,13,RECOVERED,0.3215,True,4762.98
pay_100378,cust_01378,3285.45,INR,wallet,network_failure,2026-09-03T17:44:24.804198+00:00,1,0,894.5,0.667,32509.45,8,FAILED,0.8442,False,0.0
pay_100379,cust_01379,4918.9,INR,card,temporary_bank_error,2026-09-04T00:34:12.867016+00:00,2,1,484.7,0.789,99578.31,50,RECOVERED,0.6322,True,4918.9
pay_100380,cust_01380,1240.75,INR,card,authentication_failure,2026-09-03T11:58:58.335698+00:00,1,0,1239.9,0.923,206486.56,31,RECOVERED,0.886,True,1240.75
pay_100381,cust_01381,1912.34,INR,netbanking,payment_method_issue,2026-09-03T12:11:41.434782+00:00,1,0,1227.2,0.445,11555.48,6,RECOVERED,0.4518,True,1912.34
pay_100382,cust_01382,1706.38,INR,netbanking,temporary_bank_error,2026-09-02T11:35:49.814270+00:00,1,1,2703.0,0.883,97549.04,22,FAILED,0.6328,False,0.0
pay_100383,cust_01383,3212.63,INR,card,customer_abandonment,2026-09-04T08:11:04.826510+00:00,2,0,27.8,0.661,38431.98,14,FAILED,0.0706,False,0.0
pay_100384,cust_01384,4911.28,INR,card,network_failure,2026-09-04T00:06:30.301862+00:00,1,0,512.4,0.161,0.0,1,RECOVERED,0.7408,True,4911.28
pay_100385,cust_01385,1210.3,INR,upi,customer_abandonment,2026-09-04T08:26:03.245824+00:00,1,0,12.8,0.522,12853.44,4,RECOVERED,0.3109,True,1210.3
pay_100386,cust_01386,4283.39,INR,upi,network_failure,2026-09-03T00:30:50.374846+00:00,1,2,1928.0,0.824,52212.78,23,FAILED,0.6536,False,0.0
pay_100387,cust_01387,1196.09,INR,netbanking,payment_method_issue,2026-09-03T06:51:33.379774+00:00,2,0,1547.3,0.704,1307.52,3,RECOVERED,0.4491,True,1196.09
pay_100388,cust_01388,2646.94,INR,upi,authentication_failure,2026-09-04T06:42:28.753119+00:00,1,1,116.4,0.75,44588.4,32,RECOVERED,0.7742,True,2646.94
pay_100389,cust_01389,1164.28,INR,upi,network_failure,2026-09-02T17:00:44.082192+00:00,1,0,2378.1,0.965,21393.12,22,FAILED,0.909,False,0.0
pay_100390,cust_01390,439.27,INR,upi,authentication_failure,2026-09-02T18:40:14.393030+00:00,1,0,2278.6,0.621,3351.83,3,RECOVERED,0.7684,True,439.27
pay_100391,cust_01391,552.22,INR,upi,temporary_bank_error,2026-09-02T17:35:59.212851+00:00,1,0,2342.9,0.771,2466.88,11,FAILED,0.7989,False,0.0
pay_100392,cust_01392,3879.96,INR,upi,authentication_failure,2026-09-04T02:29:54.964291+00:00,3,0,369.0,0.906,1448.32,5,RECOVERED,0.743,True,3879.96
pay_100393,cust_01393,2096.34,INR,upi,3ds_timeout,2026-09-04T05:30:00.409800+00:00,2,0,188.9,0.562,16248.2,9,FAILED,0.7143,False,0.0
pay_100394,cust_01394,178.46,INR,card,3ds_timeout,2026-09-04T06:51:37.203844+00:00,1,1,107.3,0.447,10480.28,6,FAILED,0.569,False,0.0
pay_100395,cust_01395,3811.2,INR,netbanking,payment_method_issue,2026-09-03T13:20:59.857517+00:00,1,0,1157.9,0.9,87120.35,33,RECOVERED,0.5353,True,3811.2
pay_100396,cust_01396,2735.13,INR,upi,authentication_failure,2026-09-04T00:37:15.276631+00:00,1,0,481.6,0.55,3870.0,8,RECOVERED,0.7795,True,2735.13
pay_100397,cust_01397,1313.87,INR,card,temporary_bank_error,2026-09-04T08:33:52.447543+00:00,1,0,5.0,0.52,19051.76,15,RECOVERED,0.7919,True,1313.87
pay_100398,cust_01398,1537.15,INR,netbanking,network_failure,2026-09-04T01:50:41.834188+00:00,2,0,408.2,0.877,216563.96,43,RECOVERED,0.806,True,1537.15
pay_100399,cust_01399,1180.28,INR,upi,temporary_bank_error,2026-09-02T12:15:20.429294+00:00,1,0,2663.5,0.624,11291.58,11,RECOVERED,0.7647,True,1180.28
pay_100400,cust_01400,2465.25,INR,upi,insufficient_funds,2026-09-03T21:16:43.090471+00:00,2,0,682.2,0.763,61659.6,20,RECOVERED,0.4637,True,2465.25
pay_100401,cust_01401,2470.78,INR,card,temporary_bank_error,2026-09-03T08:36:33.458679+00:00,1,0,1442.3,0.872,31596.0,5,RECOVERED,0.8186,True,2470.78
pay_100402,cust_01402,4325.65,INR,emi,payment_method_issue,2026-09-01T08:22:35.515107+00:00,1,2,4336.3,0.876,86421.86,16,FAILED,0.2834,False,0.0
pay_100403,cust_01403,1219.11,INR,netbanking,3ds_timeout,2026-09-04T07:27:45.526998+00:00,1,0,71.1,0.8,45629.04,8,RECOVERED,0.7552,True,1219.11
pay_100404,cust_01404,1999.04,INR,upi,authentication_failure,2026-09-04T03:01:28.144824+00:00,1,2,337.4,0.661,51335.46,15,RECOVERED,0.5844,True,1999.04
pay_100405,cust_01405,1330.74,INR,netbanking,temporary_bank_error,2026-09-02T15:12:01.130186+00:00,1,1,2486.9,0.494,4542.35,11,FAILED,0.5338,False,0.0
pay_100406,cust_01406,3287.12,INR,card,insufficient_funds,2026-09-04T02:48:55.904285+00:00,1,0,349.9,0.885,221765.2,46,RECOVERED,0.4831,True,3287.12
pay_100407,cust_01407,576.51,INR,upi,3ds_timeout,2026-09-03T00:26:50.107216+00:00,2,0,1932.0,0.688,4364.98,3,RECOVERED,0.7194,True,576.51
pay_100408,cust_01408,771.6,INR,card,network_failure,2026-09-02T03:37:34.854991+00:00,2,1,3181.3,0.505,64404.0,25,RECOVERED,0.583,True,771.6
pay_100409,cust_01409,1292.99,INR,upi,authentication_failure,2026-09-04T01:10:25.891975+00:00,1,0,448.4,0.456,21635.7,13,FAILED,0.7664,False,0.0
pay_100410,cust_01410,1664.23,INR,card,temporary_bank_error,2026-09-03T14:28:45.950862+00:00,1,1,1090.1,0.697,121131.63,25,RECOVERED,0.6308,True,1664.23
pay_100411,cust_01411,1967.64,INR,emi,authentication_failure,2026-09-03T05:29:06.377920+00:00,1,0,1629.8,0.81,169356.0,41,RECOVERED,0.7225,True,1967.64
pay_100412,cust_01412,3541.5,INR,card,account_blocked,2026-09-04T05:25:40.988354+00:00,2,0,193.2,0.948,43836.8,15,FAILED,0.1023,False,0.0
pay_100413,cust_01413,3423.06,INR,upi,temporary_bank_error,2026-09-04T08:13:22.456237+00:00,1,0,25.5,0.439,42179.5,25,RECOVERED,0.8345,True,3423.06
pay_100414,cust_01414,2167.84,INR,upi,temporary_bank_error,2026-09-04T08:33:52.447543+00:00,1,0,5.0,0.834,18458.0,14,RECOVERED,0.95,True,2167.84
pay_100415,cust_01415,2279.72,INR,netbanking,network_failure,2026-09-02T01:43:43.867610+00:00,3,0,3295.1,0.807,47773.8,25,FAILED,0.6208,False,0.0
pay_100416,cust_01416,1671.44,INR,upi,temporary_bank_error,2026-09-04T07:01:01.378272+00:00,1,0,97.9,0.957,30277.8,16,RECOVERED,0.95,True,1671.44
pay_100417,cust_01417,1839.77,INR,card,authentication_failure,2026-09-04T07:13:04.313042+00:00,1,1,85.8,0.694,19741.54,11,FAILED,0.6004,False,0.0
pay_100418,cust_01418,2031.86,INR,emi,network_failure,2026-09-03T21:43:22.917014+00:00,1,1,655.5,0.88,125889.54,24,RECOVERED,0.7239,True,2031.86
pay_100419,cust_01419,1480.07,INR,card,payment_method_issue,2026-09-03T11:55:29.734862+00:00,1,0,1243.4,0.389,5939.97,4,FAILED,0.4506,False,0.0
pay_100420,cust_01420,2976.72,INR,upi,3ds_timeout,2026-09-04T01:25:28.061130+00:00,1,1,433.4,0.844,71518.4,19,RECOVERED,0.7654,True,2976.72
pay_100421,cust_01421,1657.03,INR,card,insufficient_funds,2026-09-03T03:07:36.330424+00:00,1,0,1771.3,0.92,24209.02,24,RECOVERED,0.525,True,1657.03
pay_100422,cust_01422,1024.42,INR,upi,customer_abandonment,2026-09-03T14:32:41.026503+00:00,1,1,1086.2,0.381,5779.72,3,FAILED,0.1702,False,0.0
pay_100423,cust_01423,10085.81,INR,upi,temporary_bank_error,2026-09-02T17:10:14.271020+00:00,3,0,2368.6,0.956,249730.24,34,RECOVERED,0.7312,True,10085.81
pay_100424,cust_01424,340.53,INR,upi,network_failure,2026-09-03T18:29:36.875318+00:00,1,0,849.3,0.939,38860.8,9,RECOVERED,0.95,True,340.53
pay_100425,cust_01425,1417.44,INR,emi,network_failure,2026-09-01T08:03:14.452050+00:00,2,1,4355.6,0.81,148610.4,25,FAILED,0.5431,False,0.0
pay_100426,cust_01426,556.41,INR,upi,authentication_failure,2026-09-04T06:49:35.577272+00:00,1,1,109.3,0.804,17524.78,17,RECOVERED,0.7663,True,556.41
pay_100427,cust_01427,2809.35,INR,netbanking,network_failure,2026-09-03T17:05:46.730846+00:00,1,1,933.1,0.857,31971.42,31,RECOVERED,0.7202,True,2809.35
pay_100428,cust_01428,3553.92,INR,card,network_failure,2026-09-03T12:39:55.342045+00:00,1,1,1199.0,0.811,8966.16,12,FAILED,0.6872,False,0.0
pay_100429,cust_01429,1555.5,INR,upi,temporary_bank_error,2026-09-01T18:05:46.729846+00:00,1,1,3753.1,0.942,33168.07,25,RECOVERED,0.7001,True,1555.5
pay_100430,cust_01430,734.86,INR,upi,insufficient_funds,2026-09-03T01:19:29.621137+00:00,1,0,1879.4,0.819,7011.29,16,RECOVERED,0.5459,True,734.86
pay_100431,cust_01431,1408.98,INR,card,3ds_timeout,2026-09-04T05:37:14.534446+00:00,1,0,181.6,0.485,7592.83,16,RECOVERED,0.7077,True,1408.98
pay_100432,cust_01432,3624.07,INR,emi,network_failure,2026-09-02T22:17:45.977885+00:00,1,1,2061.1,0.734,7302.48,6,RECOVERED,0.6271,True,3624.07
pay_100433,cust_01433,6220.98,INR,wallet,customer_abandonment,2026-09-03T11:59:30.305229+00:00,2,0,1239.4,0.079,0.0,10,FAILED,0.01,False,0.0
pay_100434,cust_01434,1155.51,INR,card,temporary_bank_error,2026-09-03T06:59:35.182837+00:00,2,1,1539.3,0.201,0.0,3,FAILED,0.4713,False,0.0
pay_100435,cust_01435,2021.14,INR,upi,network_failure,2026-09-04T07:46:02.992658+00:00,1,0,52.8,0.963,198809.4,32,RECOVERED,0.95,True,2021.14
pay_100436,cust_01436,1442.84,INR,wallet,authentication_failure,2026-09-03T18:52:36.938855+00:00,2,0,826.3,0.459,21881.82,8,RECOVERED,0.682,True,1442.84
pay_100437,cust_01437,7286.44,INR,upi,temporary_bank_error,2026-09-02T02:45:46.629497+00:00,1,0,3233.1,0.892,89828.68,20,FAILED,0.8297,False,0.0
pay_100438,cust_01438,1717.64,INR,netbanking,authentication_failure,2026-09-03T16:07:48.602268+00:00,1,0,991.1,0.814,35281.1,13,RECOVERED,0.808,True,1717.64
pay_100439,cust_01439,733.69,INR,upi,insufficient_funds,2026-09-04T03:04:45.257727+00:00,1,1,334.1,0.736,52107.72,24,FAILED,0.4098,False,0.0
pay_100440,cust_01440,248.79,INR,netbanking,insufficient_funds,2026-09-03T22:57:28.177624+00:00,2,2,581.4,0.221,2382.35,7,FAILED,0.01,False,0.0
pay_100441,cust_01441,3443.26,INR,upi,insufficient_funds,2026-09-03T14:03:30.259590+00:00,1,2,1115.4,0.936,15023.0,22,FAILED,0.3522,False,0.0
pay_100442,cust_01442,1334.96,INR,upi,payment_method_issue,2026-09-04T08:33:52.447543+00:00,1,0,5.0,0.381,0.0,2,RECOVERED,0.5309,True,1334.96
pay_100443,cust_01443,1163.79,INR,emi,network_failure,2026-09-03T23:56:35.929925+00:00,1,1,522.3,0.722,95453.26,20,RECOVERED,0.6737,True,1163.79
pay_100444,cust_01444,3440.94,INR,card,insufficient_funds,2026-09-03T19:27:55.469484+00:00,3,2,790.9,0.823,122505.2,49,FAILED,0.03,False,0.0
pay_100445,cust_01445,5194.15,INR,netbanking,network_failure,2026-09-03T21:31:23.434810+00:00,1,0,667.5,0.242,15204.88,10,FAILED,0.6458,False,0.0
pay_100446,cust_01446,1238.92,INR,card,3ds_timeout,2026-09-04T06:41:13.173952+00:00,1,1,117.7,0.771,69059.2,19,RECOVERED,0.7148,True,1238.92
pay_100447,cust_01447,1028.28,INR,netbanking,authentication_failure,2026-09-01T07:39:34.019383+00:00,1,0,4379.3,0.891,32162.24,13,RECOVERED,0.7008,True,1028.28
pay_100448,cust_01448,3362.23,INR,upi,3ds_timeout,2026-09-02T22:29:46.952655+00:00,1,0,2049.1,0.885,75151.44,14,RECOVERED,0.7583,True,3362.23
pay_100449,cust_01449,9862.88,INR,upi,customer_abandonment,2026-09-02T14:28:13.547180+00:00,1,0,2530.6,0.967,139557.57,30,RECOVERED,0.4808,True,9862.88
pay_100450,cust_01450,1546.06,INR,wallet,3ds_timeout,2026-09-03T01:18:51.495260+00:00,1,0,1880.0,0.299,12794.38,7,FAILED,0.6954,False,0.0
pay_100451,cust_01451,3909.45,INR,upi,temporary_bank_error,2026-09-03T22:50:04.642169+00:00,3,0,588.8,0.591,76318.08,21,FAILED,0.6569,False,0.0
pay_100452,cust_01452,2840.12,INR,card,authentication_failure,2026-09-01T10:06:27.681707+00:00,3,0,4232.4,0.919,26892.18,23,RECOVERED,0.6214,True,2840.12
pay_100453,cust_01453,834.34,INR,netbanking,payment_method_issue,2026-09-03T21:00:21.117121+00:00,1,0,698.5,0.662,7141.55,20,FAILED,0.4989,False,0.0
pay_100454,cust_01454,593.3,INR,card,payment_method_issue,2026-09-03T13:40:24.057763+00:00,2,0,1138.5,0.435,9680.65,17,RECOVERED,0.3879,True,593.3
pay_100455,cust_01455,2009.52,INR,card,insufficient_funds,2026-09-04T03:54:24.683945+00:00,1,0,284.5,0.954,59641.2,10,FAILED,0.5238,False,0.0
pay_100456,cust_01456,356.85,INR,upi,insufficient_funds,2026-09-04T04:32:28.330664+00:00,3,0,246.4,0.909,54630.48,27,FAILED,0.4719,False,0.0
pay_100457,cust_01457,3479.98,INR,card,payment_method_issue,2026-09-04T01:43:42.797722+00:00,1,0,415.2,0.918,92443.65,15,FAILED,0.6193,False,0.0
pay_100458,cust_01458,5268.79,INR,wallet,network_failure,2026-09-03T05:44:45.045866+00:00,1,0,1614.1,0.773,172076.94,35,RECOVERED,0.8726,True,5268.79
pay_100459,cust_01459,482.51,INR,upi,temporary_bank_error,2026-09-03T09:20:38.824699+00:00,1,2,1398.2,0.767,12854.0,7,RECOVERED,0.6106,True,482.51
pay_100460,cust_01460,1207.84,INR,upi,payment_method_issue,2026-09-04T00:34:15.919192+00:00,1,0,484.6,0.954,83108.06,15,RECOVERED,0.7528,True,1207.84
pay_100461,cust_01461,817.93,INR,upi,temporary_bank_error,2026-09-01T11:16:37.891615+00:00,1,1,4162.2,0.891,177465.39,35,RECOVERED,0.7152,True,817.93
pay_100462,cust_01462,4884.97,INR,upi,temporary_bank_error,2026-09-02T23:17:11.208411+00:00,2,0,2001.7,0.453,5698.86,5,RECOVERED,0.7308,True,4884.97
pay_100463,cust_01463,924.26,INR,upi,account_blocked,2026-09-04T06:58:14.050169+00:00,1,0,100.6,0.648,32319.6,10,FAILED,0.0758,False,0.0
pay_100464,cust_01464,1661.84,INR,card,3ds_timeout,2026-09-03T19:27:40.587634+00:00,1,0,791.2,0.876,45961.84,36,RECOVERED,0.7708,True,1661.84
pay_100465,cust_01465,603.52,INR,upi,authentication_failure,2026-09-04T01:08:34.804149+00:00,1,0,450.3,0.902,151944.14,43,RECOVERED,0.8786,True,603.52
pay_100466,cust_01466,2358.58,INR,card,network_failure,2026-09-04T06:45:42.040467+00:00,3,0,113.2,0.732,81564.24,17,FAILED,0.7291,False,0.0
pay_100467,cust_01467,1290.33,INR,card,3ds_timeout,2026-09-03T07:33:16.125680+00:00,1,0,1505.6,0.902,47181.33,10,RECOVERED,0.7802,True,1290.33
pay_100468,cust_01468,3824.25,INR,card,3ds_timeout,2026-09-03T23:38:27.719994+00:00,2,0,540.4,0.853,62662.0,21,RECOVERED,0.685,True,3824.25
pay_100469,cust_01469,4510.35,INR,wallet,network_failure,2026-09-04T04:36:38.598374+00:00,1,1,242.2,0.923,44918.23,47,FAILED,0.8297,False,0.0
pay_100470,cust_01470,3106.28,INR,upi,authentication_failure,2026-09-03T03:39:40.369110+00:00,1,1,1739.2,0.251,1539.14,9,FAILED,0.5576,False,0.0
pay_100471,cust_01471,1663.18,INR,card,temporary_bank_error,2026-09-03T18:17:19.381686+00:00,1,2,861.6,0.284,9419.8,8,RECOVERED,0.4186,True,1663.18
pay_100472,cust_01472,4912.23,INR,upi,3ds_timeout,2026-08-31T14:06:22.963244+00:00,1,0,5432.5,0.946,24997.08,7,RECOVERED,0.6985,True,4912.23
pay_100473,cust_01473,1960.9,INR,upi,payment_method_issue,2026-09-01T21:36:45.016221+00:00,1,1,3542.1,0.968,50566.27,33,FAILED,0.4842,False,0.0
pay_100474,cust_01474,1408.93,INR,card,network_failure,2026-09-03T11:16:53.355217+00:00,1,0,1282.0,0.768,131491.08,48,RECOVERED,0.7936,True,1408.93
pay_100475,cust_01475,710.66,INR,card,network_failure,2026-09-04T03:18:51.612455+00:00,1,0,320.0,0.917,7760.88,9,RECOVERED,0.95,True,710.66
pay_100476,cust_01476,1067.41,INR,upi,network_failure,2026-09-04T07:05:53.895867+00:00,1,2,93.0,0.577,6356.44,2,RECOVERED,0.5833,True,1067.41
pay_100477,cust_01477,3448.32,INR,card,network_failure,2026-09-01T08:01:26.051290+00:00,3,0,4357.4,0.784,154466.88,41,FAILED,0.6655,False,0.0
pay_100478,cust_01478,2980.21,INR,wallet,authentication_failure,2026-09-04T03:17:02.381410+00:00,3,0,321.8,0.667,84924.6,19,RECOVERED,0.6703,True,2980.21
pay_100479,cust_01479,4005.1,INR,card,network_failure,2026-09-03T21:30:59.817302+00:00,1,2,667.9,0.89,9755.64,7,FAILED,0.6741,False,0.0
pay_100480,cust_01480,4714.43,INR,upi,temporary_bank_error,2026-09-02T02:28:39.313394+00:00,1,1,3250.2,0.537,50048.04,14,RECOVERED,0.693,True,4714.43
pay_100481,cust_01481,1661.22,INR,card,network_failure,2026-09-03T03:18:41.988099+00:00,2,0,1760.2,0.713,4102.11,13,RECOVERED,0.8018,True,1661.22
pay_100482,cust_01482,9838.04,INR,wallet,network_failure,2026-09-02T14:51:06.574069+00:00,2,0,2507.8,0.633,6673.85,9,RECOVERED,0.6927,True,9838.04
pay_100483,cust_01483,1466.0,INR,upi,authentication_failure,2026-09-04T07:15:37.175137+00:00,1,1,83.3,0.606,3494.2,4,RECOVERED,0.6877,True,1466.0
pay_100484,cust_01484,1346.82,INR,card,temporary_bank_error,2026-09-04T04:28:40.523541+00:00,1,0,250.2,0.695,8535.16,3,RECOVERED,0.8873,True,1346.82
pay_100485,cust_01485,3760.46,INR,netbanking,3ds_timeout,2026-09-04T05:50:21.990926+00:00,1,0,168.5,0.93,247480.1,38,RECOVERED,0.8171,True,3760.46
pay_100486,cust_01486,838.72,INR,card,authentication_failure,2026-09-03T22:03:12.615787+00:00,1,0,635.7,0.485,4825.17,16,RECOVERED,0.6945,True,838.72
pay_100487,cust_01487,2938.02,INR,upi,insufficient_funds,2026-09-01T07:21:34.530635+00:00,1,1,4397.3,0.857,129816.5,30,FAILED,0.3789,False,0.0
pay_100488,cust_01488,2140.33,INR,wallet,insufficient_funds,2026-09-04T06:03:02.422209+00:00,1,0,155.8,0.887,107744.14,16,FAILED,0.4644,False,0.0
pay_100489,cust_01489,2298.86,INR,upi,insufficient_funds,2026-09-03T05:31:47.390804+00:00,1,0,1627.1,0.943,115273.0,21,FAILED,0.6757,False,0.0
pay_100490,cust_01490,2796.36,INR,upi,3ds_timeout,2026-09-04T04:27:10.722087+00:00,1,0,251.7,0.946,117295.92,18,RECOVERED,0.9188,True,2796.36
pay_100491,cust_01491,3116.33,INR,upi,network_failure,2026-09-04T04:18:43.050386+00:00,1,0,260.2,0.575,4790.63,23,RECOVERED,0.8469,True,3116.33
pay_100492,cust_01492,4361.86,INR,card,network_failure,2026-09-04T06:33:13.831411+00:00,1,2,125.6,0.476,58492.44,21,RECOVERED,0.5667,True,4361.86
pay_100493,cust_01493,1132.67,INR,upi,network_failure,2026-09-03T15:04:16.975455+00:00,1,1,1054.6,0.837,84354.16,27,RECOVERED,0.7481,True,1132.67
pay_100494,cust_01494,663.75,INR,upi,customer_abandonment,2026-09-03T09:39:30.272183+00:00,1,0,1379.4,0.535,713.16,5,FAILED,0.2438,False,0.0
pay_100495,cust_01495,561.84,INR,card,3ds_timeout,2026-09-03T03:34:48.900199+00:00,1,0,1744.1,0.501,8018.78,5,RECOVERED,0.6005,True,561.84
pay_100496,cust_01496,242.6,INR,netbanking,3ds_timeout,2026-09-03T14:23:56.943640+00:00,2,1,1094.9,0.489,83950.35,24,FAILED,0.437,False,0.0
pay_100497,cust_01497,953.04,INR,upi,network_failure,2026-09-03T04:22:42.350792+00:00,2,0,1696.2,0.706,47761.84,21,RECOVERED,0.804,True,953.04
pay_100498,cust_01498,3970.95,INR,upi,authentication_failure,2026-09-03T19:36:16.448890+00:00,1,0,782.6,0.739,50982.54,10,RECOVERED,0.8355,True,3970.95
pay_100499,cust_01499,16262.78,INR,card,3ds_timeout,2026-09-04T01:38:18.913089+00:00,1,0,420.6,0.594,11769.56,8,RECOVERED,0.692,True,16262.78
pay_100500,cust_01500,2501.16,INR,netbanking,insufficient_funds,2026-09-02T12:09:42.346152+00:00,2,0,2669.2,0.708,48966.88,23,FAILED,0.3869,False,0.0
pay_100501,cust_01501,4803.86,INR,card,network_failure,2026-09-02T10:18:27.666155+00:00,3,0,2780.4,0.462,7850.02,5,FAILED,0.5548,False,0.0
pay_100502,cust_01502,1053.6,INR,upi,payment_method_issue,2026-09-02T00:57:22.576073+00:00,1,2,3341.5,0.356,0.0,2,FAILED,0.2119,False,0.0
pay_100503,cust_01503,3939.25,INR,emi,network_failure,2026-09-03T07:34:02.033356+00:00,1,0,1504.8,0.513,24044.45,10,RECOVERED,0.6338,True,3939.25
pay_100504,cust_01504,5219.01,INR,upi,account_blocked,2026-09-03T12:59:44.252887+00:00,1,0,1179.1,0.896,280131.44,42,FAILED,0.1612,False,0.0
pay_100505,cust_01505,1201.96,INR,upi,network_failure,2026-09-03T21:34:30.959616+00:00,1,0,664.4,0.907,88309.56,38,RECOVERED,0.9196,True,1201.96
pay_100506,cust_01506,4095.54,INR,card,network_failure,2026-09-04T02:45:23.380877+00:00,2,0,353.5,0.167,7174.91,10,RECOVERED,0.6814,True,4095.54
pay_100507,cust_01507,1700.72,INR,netbanking,payment_method_issue,2026-09-03T13:34:04.371411+00:00,2,0,1144.8,0.566,94765.56,22,FAILED,0.4005,False,0.0
pay_100508,cust_01508,2880.8,INR,netbanking,payment_method_issue,2026-09-02T17:39:30.284881+00:00,1,1,2339.4,0.798,52110.85,15,FAILED,0.4424,False,0.0
pay_100509,cust_01509,2773.35,INR,card,payment_method_issue,2026-09-04T04:10:45.957939+00:00,1,0,268.1,0.615,28828.0,14,RECOVERED,0.5145,True,2773.35
pay_100510,cust_01510,2533.26,INR,wallet,payment_method_issue,2026-09-03T10:49:37.207603+00:00,1,1,1309.3,0.918,28673.8,5,FAILED,0.5157,False,0.0
pay_100511,cust_01511,2327.4,INR,card,network_failure,2026-09-03T17:13:57.355520+00:00,1,0,924.9,0.485,77580.69,24,RECOVERED,0.8218,True,2327.4
pay_100512,cust_01512,1014.24,INR,upi,network_failure,2026-09-04T02:50:27.079611+00:00,1,1,348.4,0.82,46505.2,9,RECOVERED,0.7889,True,1014.24
pay_100513,cust_01513,2023.32,INR,upi,network_failure,2026-09-03T04:03:29.195348+00:00,1,0,1715.4,0.828,310640.46,48,RECOVERED,0.9361,True,2023.32
pay_100514,cust_01514,3006.81,INR,netbanking,temporary_bank_error,2026-09-03T04:21:22.269234+00:00,1,2,1697.5,0.456,2683.56,14,FAILED,0.4551,False,0.0
pay_100515,cust_01515,2292.67,INR,upi,temporary_bank_error,2026-09-04T03:33:47.258123+00:00,1,0,305.1,0.6,4993.4,7,RECOVERED,0.8715,True,2292.67
pay_100516,cust_01516,2894.49,INR,upi,3ds_timeout,2026-09-02T16:09:29.278542+00:00,3,0,2429.4,0.612,95508.48,21,FAILED,0.5321,False,0.0
pay_100517,cust_01517,1144.34,INR,upi,3ds_timeout,2026-09-03T21:37:18.954847+00:00,1,0,661.6,0.542,8761.76,14,RECOVERED,0.7847,True,1144.34
pay_100518,cust_01518,2643.13,INR,upi,3ds_timeout,2026-09-03T23:17:05.699432+00:00,2,0,561.8,0.908,10474.4,5,FAILED,0.7331,False,0.0
pay_100519,cust_01519,1535.24,INR,wallet,account_blocked,2026-09-02T14:45:34.436162+00:00,2,0,2513.3,0.638,60264.27,15,FAILED,0.0276,False,0.0
pay_100520,cust_01520,2908.56,INR,upi,network_failure,2026-08-28T13:18:35.542145+00:00,2,0,9800.3,0.93,60376.14,36,RECOVERED,0.5241,True,2908.56
pay_100521,cust_01521,3660.78,INR,netbanking,account_blocked,2026-09-04T02:00:50.809614+00:00,1,0,398.0,0.172,2574.2,7,FAILED,0.01,False,0.0
pay_100522,cust_01522,885.94,INR,upi,temporary_bank_error,2026-09-02T19:53:51.082046+00:00,1,0,2205.0,0.563,1605.4,9,RECOVERED,0.7657,True,885.94
pay_100523,cust_01523,4747.69,INR,upi,network_failure,2026-09-02T21:57:27.987060+00:00,1,0,2081.4,0.451,6302.35,4,RECOVERED,0.7365,True,4747.69
pay_100524,cust_01524,2722.88,INR,card,3ds_timeout,2026-09-02T08:41:20.095040+00:00,1,0,2877.5,0.555,14002.56,11,RECOVERED,0.6911,True,2722.88
pay_100525,cust_01525,2243.76,INR,netbanking,temporary_bank_error,2026-09-03T03:09:12.157890+00:00,3,0,1769.7,0.522,32494.08,23,RECOVERED,0.5463,True,2243.76
pay_100526,cust_01526,2980.63,INR,wallet,customer_abandonment,2026-09-03T22:36:22.134257+00:00,1,0,602.5,0.626,11322.76,7,FAILED,0.2165,False,0.0
pay_100527,cust_01527,3295.81,INR,card,network_failure,2026-09-03T18:05:27.635296+00:00,1,0,873.4,0.829,30473.91,12,RECOVERED,0.921,True,3295.81
pay_100528,cust_01528,856.52,INR,wallet,network_failure,2026-09-03T15:59:42.396500+00:00,1,1,999.2,0.621,4682.16,7,RECOVERED,0.764,True,856.52
pay_100529,cust_01529,4488.04,INR,upi,network_failure,2026-09-03T08:23:50.648624+00:00,1,2,1455.0,0.886,198850.68,41,RECOVERED,0.7156,True,4488.04
pay_100530,cust_01530,3134.75,INR,card,3ds_timeout,2026-09-02T13:03:27.614567+00:00,1,1,2615.4,0.693,132523.84,25,RECOVERED,0.5402,True,3134.75
pay_100531,cust_01531,6928.01,INR,netbanking,payment_method_issue,2026-09-01T02:50:10.842069+00:00,1,2,4668.7,0.55,4628.84,4,FAILED,0.203,False,0.0
pay_100532,cust_01532,264.11,INR,upi,authentication_failure,2026-09-04T00:51:47.451538+00:00,1,0,467.1,0.596,22271.48,20,FAILED,0.8018,False,0.0
pay_100533,cust_01533,8138.66,INR,upi,network_failure,2026-09-04T07:52:25.311282+00:00,1,1,46.5,0.902,72195.48,20,RECOVERED,0.9118,True,8138.66
pay_100534,cust_01534,2335.59,INR,netbanking,insufficient_funds,2026-09-03T06:49:25.531034+00:00,1,1,1549.4,0.898,54507.31,15,FAILED,0.3088,False,0.0
pay_100535,cust_01535,3306.43,INR,upi,payment_method_issue,2026-08-29T11:14:44.039317+00:00,1,0,8484.1,0.863,48414.13,20,FAILED,0.429,False,0.0
pay_100536,cust_01536,2446.79,INR,emi,authentication_failure,2026-09-02T11:31:52.882980+00:00,2,0,2707.0,0.837,14512.0,20,RECOVERED,0.664,True,2446.79
pay_100537,cust_01537,1321.94,INR,emi,payment_method_issue,2026-09-02T10:42:21.363762+00:00,1,0,2756.5,0.865,25494.84,25,FAILED,0.5002,False,0.0
pay_100538,cust_01538,1694.79,INR,upi,network_failure,2026-09-04T02:23:41.667388+00:00,1,0,375.2,0.845,149425.98,40,RECOVERED,0.9296,True,1694.79
pay_100539,cust_01539,1348.94,INR,upi,network_failure,2026-08-31T17:53:36.593172+00:00,2,1,5205.3,0.703,24605.75,19,FAILED,0.555,False,0.0
pay_100540,cust_01540,1901.86,INR,upi,payment_method_issue,2026-09-03T23:10:12.917158+00:00,2,0,568.7,0.687,36905.28,12,RECOVERED,0.5525,True,1901.86
pay_100541,cust_01541,1353.21,INR,upi,temporary_bank_error,2026-09-03T05:44:51.860194+00:00,1,0,1614.0,0.854,55320.84,11,RECOVERED,0.8631,True,1353.21
pay_100542,cust_01542,3216.42,INR,upi,temporary_bank_error,2026-09-02T08:38:56.147015+00:00,3,0,2879.9,0.728,36137.76,11,RECOVERED,0.6343,True,3216.42
pay_100543,cust_01543,1948.57,INR,upi,authentication_failure,2026-09-02T17:33:37.462677+00:00,1,1,2345.2,0.567,78225.29,24,RECOVERED,0.586,True,1948.57
pay_100544,cust_01544,2314.77,INR,upi,3ds_timeout,2026-09-04T00:58:29.495372+00:00,1,1,460.4,0.778,45080.92,30,RECOVERED,0.8061,True,2314.77
pay_100545,cust_01545,1873.42,INR,upi,insufficient_funds,2026-09-04T07:14:23.667322+00:00,1,0,84.5,0.416,60736.41,22,FAILED,0.4101,False,0.0
pay_100546,cust_01546,8031.13,INR,card,3ds_timeout,2026-09-02T20:37:42.934955+00:00,1,1,2161.2,0.725,30886.72,6,FAILED,0.5802,False,0.0
pay_100547,cust_01547,2738.15,INR,netbanking,account_blocked,2026-09-02T03:46:40.631816+00:00,1,0,3172.2,0.335,14835.32,8,FAILED,0.01,False,0.0
pay_100548,cust_01548,1921.54,INR,card,authentication_failure,2026-09-03T16:48:23.064995+00:00,2,1,950.5,0.444,32177.52,14,RECOVERED,0.4398,True,1921.54
pay_100549,cust_01549,4277.65,INR,upi,temporary_bank_error,2026-09-03T18:07:30.267398+00:00,1,1,871.4,0.542,80877.61,21,FAILED,0.6642,False,0.0
pay_100550,cust_01550,1644.67,INR,wallet,network_failure,2026-09-03T12:31:08.881472+00:00,1,0,1207.7,0.204,0.0,3,RECOVERED,0.7038,True,1644.67
pay_100551,cust_01551,11790.2,INR,upi,authentication_failure,2026-09-03T21:28:34.022142+00:00,1,0,670.3,0.586,40470.01,12,RECOVERED,0.7976,True,11790.2
pay_100552,cust_01552,2376.59,INR,upi,temporary_bank_error,2026-09-04T02:43:28.182458+00:00,1,0,355.4,0.914,127226.68,48,RECOVERED,0.8975,True,2376.59
pay_100553,cust_01553,1288.69,INR,wallet,customer_abandonment,2026-09-03T12:19:19.795022+00:00,2,0,1219.5,0.91,126933.84,25,FAILED,0.301,False,0.0
pay_100554,cust_01554,5294.2,INR,upi,network_failure,2026-09-03T13:07:08.759042+00:00,1,1,1171.7,0.903,148275.09,31,FAILED,0.7918,False,0.0
pay_100555,cust_01555,1306.4,INR,card,network_failure,2026-09-04T02:44:23.708330+00:00,2,0,354.5,0.756,7086.0,14,FAILED,0.8244,False,0.0
pay_100556,cust_01556,1021.61,INR,upi,insufficient_funds,2026-09-02T18:53:38.251315+00:00,1,2,2265.2,0.282,0.0,3,FAILED,0.0811,False,0.0
pay_100557,cust_01557,1200.09,INR,card,temporary_bank_error,2026-09-04T06:17:04.696256+00:00,2,0,141.8,0.854,258403.19,44,RECOVERED,0.8199,True,1200.09
pay_100558,cust_01558,944.63,INR,upi,insufficient_funds,2026-09-03T17:29:53.173367+00:00,3,0,909.0,0.805,98077.98,49,FAILED,0.3613,False,0.0
pay_100559,cust_01559,1229.68,INR,card,temporary_bank_error,2026-09-03T10:50:29.655507+00:00,1,1,1308.4,0.931,119127.36,48,FAILED,0.7467,False,0.0
pay_100560,cust_01560,1311.6,INR,netbanking,network_failure,2026-09-04T07:54:19.460598+00:00,1,0,44.5,0.95,207416.97,33,RECOVERED,0.95,True,1311.6
pay_100561,cust_01561,2237.26,INR,card,insufficient_funds,2026-09-03T15:32:04.755386+00:00,1,0,1026.8,0.467,84975.33,25,FAILED,0.3116,False,0.0
pay_100562,cust_01562,377.18,INR,netbanking,network_failure,2026-09-04T08:02:27.500069+00:00,1,0,36.4,0.79,35351.58,37,RECOVERED,0.9346,True,377.18
pay_100563,cust_01563,1266.65,INR,card,temporary_bank_error,2026-09-04T04:04:28.877174+00:00,1,1,274.4,0.787,5495.52,21,RECOVERED,0.7312,True,1266.65
pay_100564,cust_01564,1394.08,INR,netbanking,network_failure,2026-09-02T21:05:05.030677+00:00,1,0,2133.8,0.824,37543.14,8,RECOVERED,0.849,True,1394.08
pay_100565,cust_01565,3457.86,INR,wallet,temporary_bank_error,2026-09-04T07:00:17.873499+00:00,1,1,98.6,0.882,19807.14,27,RECOVERED,0.8452,True,3457.86
pay_100566,cust_01566,2161.28,INR,netbanking,network_failure,2026-09-03T22:29:23.828355+00:00,1,0,609.5,0.931,45534.71,15,RECOVERED,0.9379,True,2161.28
pay_100567,cust_01567,2150.38,INR,wallet,temporary_bank_error,2026-09-03T09:57:32.613570+00:00,1,1,1361.3,0.799,56984.2,26,RECOVERED,0.7187,True,2150.38
pay_100568,cust_01568,4005.1,INR,wallet,insufficient_funds,2026-09-03T00:24:14.780441+00:00,1,0,1934.6,0.879,14711.6,46,FAILED,0.4944,False,0.0
pay_100569,cust_01569,4027.24,INR,emi,temporary_bank_error,2026-09-03T22:40:35.596391+00:00,1,0,598.3,0.611,5555.65,3,RECOVERED,0.7929,True,4027.24
pay_100570,cust_01570,538.3,INR,upi,insufficient_funds,2026-09-01T14:52:03.008956+00:00,1,0,3946.8,0.917,36586.45,6,FAILED,0.4887,False,0.0
pay_100571,cust_01571,3335.52,INR,upi,network_failure,2026-09-04T04:23:00.763744+00:00,1,1,255.9,0.818,65946.95,46,RECOVERED,0.8095,True,3335.52
pay_100572,cust_01572,2139.16,INR,upi,authentication_failure,2026-09-03T06:37:15.631326+00:00,1,0,1561.6,0.313,712.9,9,FAILED,0.5856,False,0.0
pay_100573,cust_01573,2902.53,INR,wallet,payment_method_issue,2026-09-02T22:41:25.791001+00:00,1,0,2037.4,0.694,67346.2,15,RECOVERED,0.6058,True,2902.53
pay_100574,cust_01574,935.3,INR,upi,insufficient_funds,2026-09-02T02:25:40.176302+00:00,1,0,3253.2,0.72,100485.72,25,FAILED,0.5277,False,0.0
pay_100575,cust_01575,4956.7,INR,upi,network_failure,2026-09-04T03:44:56.799671+00:00,1,0,293.9,0.762,73556.0,21,RECOVERED,0.8938,True,4956.7
pay_100576,cust_01576,5315.95,INR,upi,payment_method_issue,2026-09-03T14:27:10.624875+00:00,2,1,1091.7,0.854,90857.25,30,FAILED,0.4265,False,0.0
pay_100577,cust_01577,432.77,INR,card,temporary_bank_error,2026-09-04T04:20:13.982302+00:00,1,1,258.6,0.898,30690.27,44,RECOVERED,0.7489,True,432.77
pay_100578,cust_01578,4142.65,INR,upi,payment_method_issue,2026-09-03T06:51:02.798222+00:00,3,0,1547.8,0.866,120822.33,23,RECOVERED,0.4918,True,4142.65
pay_100579,cust_01579,2468.13,INR,card,insufficient_funds,2026-09-03T20:24:26.380896+00:00,1,1,734.4,0.549,46412.38,14,FAILED,0.3355,False,0.0
pay_100580,cust_01580,1811.36,INR,card,authentication_failure,2026-09-04T05:36:54.294723+00:00,1,0,182.0,0.922,89996.55,39,FAILED,0.874,False,0.0
pay_100581,cust_01581,6721.83,INR,upi,3ds_timeout,2026-09-03T14:24:36.150605+00:00,2,2,1094.3,0.968,267356.98,40,RECOVERED,0.5495,True,6721.83
pay_100582,cust_01582,2455.79,INR,upi,customer_abandonment,2026-09-02T15:39:36.446996+00:00,1,0,2459.3,0.841,250527.42,40,RECOVERED,0.2911,True,2455.79
pay_100583,cust_01583,434.31,INR,upi,network_failure,2026-09-03T04:22:59.855118+00:00,1,0,1695.9,0.899,46097.7,37,RECOVERED,0.891,True,434.31
pay_100584,cust_01584,3118.92,INR,upi,authentication_failure,2026-09-03T21:57:59.995056+00:00,3,1,640.9,0.792,219594.56,41,FAILED,0.5206,False,0.0
pay_100585,cust_01585,1853.98,INR,upi,temporary_bank_error,2026-09-02T17:19:32.382014+00:00,1,0,2359.3,0.904,19010.88,21,RECOVERED,0.9102,True,1853.98
pay_100586,cust_01586,592.6,INR,netbanking,network_failure,2026-09-03T21:08:11.905011+00:00,2,2,690.7,0.901,22460.04,11,RECOVERED,0.4153,True,592.6
pay_100587,cust_01587,1437.78,INR,card,temporary_bank_error,2026-09-01T15:55:59.942949+00:00,1,1,3882.9,0.826,100840.6,47,RECOVERED,0.6632,True,1437.78
pay_100588,cust_01588,2327.01,INR,card,network_failure,2026-09-03T17:09:21.829434+00:00,3,2,929.5,0.823,41561.52,32,FAILED,0.4766,False,0.0
pay_100589,cust_01589,2872.12,INR,emi,authentication_failure,2026-09-03T02:32:32.220451+00:00,1,1,1806.3,0.943,66393.24,13,RECOVERED,0.5975,True,2872.12
pay_100590,cust_01590,925.02,INR,card,customer_abandonment,2026-09-03T06:37:50.354451+00:00,1,0,1561.0,0.928,150079.71,36,FAILED,0.3191,False,0.0
pay_100591,cust_01591,3539.31,INR,upi,insufficient_funds,2026-09-02T16:11:34.647958+00:00,2,0,2427.3,0.692,28651.96,6,FAILED,0.3304,False,0.0
pay_100592,cust_01592,666.91,INR,upi,temporary_bank_error,2026-09-03T19:51:19.139488+00:00,1,0,767.6,0.703,61962.24,18,RECOVERED,0.8363,True,666.91
pay_100593,cust_01593,1281.21,INR,upi,network_failure,2026-09-04T04:33:15.530517+00:00,2,0,245.6,0.758,67270.65,21,RECOVERED,0.867,True,1281.21
pay_100594,cust_01594,1854.35,INR,upi,insufficient_funds,2026-09-03T13:06:18.917749+00:00,1,0,1172.6,0.801,196213.05,42,RECOVERED,0.514,True,1854.35
pay_100595,cust_01595,8135.13,INR,wallet,network_failure,2026-09-02T04:29:32.063291+00:00,1,2,3129.3,0.841,11828.36,37,FAILED,0.5807,False,0.0
pay_100596,cust_01596,2392.78,INR,card,temporary_bank_error,2026-09-02T23:08:43.906732+00:00,1,0,2010.1,0.448,5038.26,7,RECOVERED,0.7289,True,2392.78
pay_100597,cust_01597,1111.62,INR,card,insufficient_funds,2026-09-04T04:50:52.298806+00:00,1,0,228.0,0.064,0.0,8,RECOVERED,0.3586,True,1111.62
pay_100598,cust_01598,5220.9,INR,upi,temporary_bank_error,2026-09-01T21:28:05.705118+00:00,1,2,3550.8,0.576,23018.24,13,FAILED,0.4969,False,0.0
pay_100599,cust_01599,1909.75,INR,card,temporary_bank_error,2026-09-03T12:13:19.990806+00:00,1,0,1225.5,0.16,5178.47,9,RECOVERED,0.6914,True,1909.75
pay_100600,cust_01600,1852.76,INR,card,temporary_bank_error,2026-09-03T05:57:37.313288+00:00,1,2,1601.3,0.79,115725.24,46,FAILED,0.5654,False,0.0
pay_100601,cust_01601,1801.52,INR,netbanking,temporary_bank_error,2026-08-30T17:18:45.850874+00:00,2,2,6680.1,0.974,76969.08,19,FAILED,0.4008,False,0.0
pay_100602,cust_01602,7476.98,INR,card,network_failure,2026-09-01T13:42:25.351060+00:00,1,1,4016.5,0.702,4164.14,2,RECOVERED,0.6586,True,7476.98
pay_100603,cust_01603,710.16,INR,upi,authentication_failure,2026-09-03T19:41:25.095151+00:00,2,0,777.5,0.898,23309.6,18,RECOVERED,0.8357,True,710.16
pay_100604,cust_01604,1570.76,INR,netbanking,insufficient_funds,2026-09-04T06:32:19.763002+00:00,3,0,126.5,0.541,35075.82,12,FAILED,0.183,False,0.0
pay_100605,cust_01605,4623.77,INR,upi,network_failure,2026-09-04T08:04:19.426021+00:00,2,1,34.6,0.787,11347.92,31,FAILED,0.8012,False,0.0
pay_100606,cust_01606,2960.06,INR,wallet,temporary_bank_error,2026-09-04T07:24:04.076138+00:00,3,1,74.8,0.895,42954.84,7,RECOVERED,0.6024,True,2960.06
pay_100607,cust_01607,433.77,INR,upi,authentication_failure,2026-09-04T08:22:30.347758+00:00,2,0,16.4,0.226,4915.05,7,FAILED,0.6901,False,0.0
pay_100608,cust_01608,1860.52,INR,card,temporary_bank_error,2026-08-31T17:14:22.641386+00:00,1,0,5244.5,0.722,18794.35,8,RECOVERED,0.6692,True,1860.52
pay_100609,cust_01609,4278.0,INR,upi,insufficient_funds,2026-09-03T21:22:42.560227+00:00,3,0,676.2,0.844,70603.94,14,FAILED,0.3624,False,0.0
pay_100610,cust_01610,1845.9,INR,netbanking,payment_method_issue,2026-09-04T02:33:05.693492+00:00,2,0,365.8,0.917,170248.53,26,FAILED,0.4937,False,0.0
pay_100611,cust_01611,1828.9,INR,upi,insufficient_funds,2026-09-04T06:33:16.605271+00:00,2,1,125.6,0.78,7432.32,6,FAILED,0.2966,False,0.0
pay_100612,cust_01612,195.28,INR,upi,temporary_bank_error,2026-09-03T14:31:49.417463+00:00,1,2,1087.1,0.46,44267.13,21,RECOVERED,0.5004,True,195.28
pay_100613,cust_01613,5784.36,INR,netbanking,network_failure,2026-09-04T04:46:07.067567+00:00,1,2,232.8,0.78,146932.5,43,RECOVERED,0.591,True,5784.36
pay_100614,cust_01614,793.54,INR,card,network_failure,2026-09-04T07:48:03.558421+00:00,1,0,50.8,0.847,28359.25,7,RECOVERED,0.8523,True,793.54
pay_100615,cust_01615,937.67,INR,card,temporary_bank_error,2026-09-02T04:30:44.651304+00:00,2,0,3128.1,0.935,213125.85,49,FAILED,0.7487,False,0.0
pay_100616,cust_01616,896.26,INR,upi,network_failure,2026-09-03T05:51:57.598055+00:00,1,1,1606.9,0.709,4962.3,4,FAILED,0.714,False,0.0
pay_100617,cust_01617,4370.96,INR,upi,network_failure,2026-09-03T00:30:23.531175+00:00,3,0,1928.5,0.921,19002.0,5,RECOVERED,0.7916,True,4370.96
pay_100618,cust_01618,767.06,INR,upi,account_blocked,2026-09-04T04:34:18.136209+00:00,2,1,244.6,0.634,24136.77,12,FAILED,0.01,False,0.0
pay_100619,cust_01619,4082.08,INR,netbanking,temporary_bank_error,2026-09-03T17:30:56.146422+00:00,1,0,907.9,0.81,110404.02,39,RECOVERED,0.8735,True,4082.08
pay_100620,cust_01620,585.21,INR,upi,authentication_failure,2026-09-02T11:01:29.717331+00:00,2,1,2737.4,0.54,40150.0,19,FAILED,0.4607,False,0.0
pay_100621,cust_01621,2317.26,INR,netbanking,authentication_failure,2026-09-02T20:21:41.407798+00:00,3,0,2177.2,0.821,137748.6,27,RECOVERED,0.606,True,2317.26
pay_100622,cust_01622,932.76,INR,netbanking,temporary_bank_error,2026-09-02T08:29:17.455289+00:00,1,1,2889.6,0.803,296758.41,49,RECOVERED,0.5877,True,932.76
pay_100623,cust_01623,4106.47,INR,upi,3ds_timeout,2026-09-03T10:59:59.826339+00:00,2,1,1298.9,0.672,79342.76,21,FAILED,0.5877,False,0.0
pay_100624,cust_01624,3599.31,INR,upi,temporary_bank_error,2026-09-02T21:31:23.733006+00:00,2,1,2107.5,0.771,39318.5,14,RECOVERED,0.6988,True,3599.31
pay_100625,cust_01625,862.55,INR,card,payment_method_issue,2026-09-04T02:43:27.730315+00:00,1,0,355.4,0.835,20675.2,43,RECOVERED,0.6416,True,862.55
pay_100626,cust_01626,2507.4,INR,netbanking,network_failure,2026-09-03T00:51:07.327787+00:00,1,0,1907.8,0.497,7424.7,21,RECOVERED,0.6836,True,2507.4
pay_100627,cust_01627,3727.45,INR,upi,authentication_failure,2026-09-04T08:19:02.124966+00:00,2,1,19.8,0.946,87578.75,38,RECOVERED,0.7117,True,3727.45
pay_100628,cust_01628,848.37,INR,card,network_failure,2026-09-04T00:13:36.382850+00:00,1,0,505.3,0.803,65879.88,15,RECOVERED,0.95,True,848.37
pay_100629,cust_01629,2316.4,INR,card,authentication_failure,2026-09-04T06:55:18.612727+00:00,1,0,103.6,0.08,0.0,5,RECOVERED,0.6588,True,2316.4
pay_100630,cust_01630,525.91,INR,wallet,temporary_bank_error,2026-09-04T04:56:11.047179+00:00,1,1,222.7,0.869,35619.05,50,RECOVERED,0.8059,True,525.91
pay_100631,cust_01631,2399.94,INR,card,insufficient_funds,2026-09-02T18:56:26.225622+00:00,1,0,2262.4,0.168,0.0,5,FAILED,0.224,False,0.0
pay_100632,cust_01632,2681.4,INR,upi,network_failure,2026-09-04T01:01:49.794785+00:00,1,0,457.0,0.79,32473.62,37,RECOVERED,0.9455,True,2681.4
pay_100633,cust_01633,5163.59,INR,card,network_failure,2026-09-03T01:19:56.189103+00:00,1,0,1878.9,0.323,7046.07,5,RECOVERED,0.7629,True,5163.59
pay_100634,cust_01634,3402.73,INR,upi,network_failure,2026-09-04T06:16:03.430387+00:00,1,2,142.8,0.241,0.0,4,FAILED,0.5866,False,0.0
pay_100635,cust_01635,2404.64,INR,upi,temporary_bank_error,2026-09-03T01:19:04.839562+00:00,2,1,1879.8,0.564,4100.85,10,FAILED,0.6062,False,0.0
pay_100636,cust_01636,960.05,INR,upi,network_failure,2026-09-03T13:59:44.105420+00:00,2,1,1119.1,0.54,29939.56,13,FAILED,0.6844,False,0.0
pay_100637,cust_01637,2129.58,INR,card,network_failure,2026-09-03T13:32:37.534089+00:00,2,0,1146.2,0.842,18593.82,26,RECOVERED,0.8254,True,2129.58
pay_100638,cust_01638,572.95,INR,upi,network_failure,2026-09-03T23:34:14.465150+00:00,1,1,544.6,0.882,106299.34,16,RECOVERED,0.8852,True,572.95
pay_100639,cust_01639,6215.65,INR,netbanking,account_blocked,2026-09-03T11:40:20.185207+00:00,1,1,1258.5,0.697,10324.5,8,FAILED,0.01,False,0.0
pay_100640,cust_01640,760.81,INR,upi,3ds_timeout,2026-09-03T05:08:11.533599+00:00,2,1,1650.7,0.775,38526.25,10,RECOVERED,0.5509,True,760.81
pay_100641,cust_01641,2619.77,INR,upi,authentication_failure,2026-09-03T04:16:23.154219+00:00,1,0,1702.5,0.338,10158.28,6,FAILED,0.6657,False,0.0
pay_100642,cust_01642,3058.27,INR,card,payment_method_issue,2026-09-03T09:28:41.077083+00:00,1,1,1390.2,0.976,88489.8,37,RECOVERED,0.5076,True,3058.27
pay_100643,cust_01643,10602.42,INR,netbanking,network_failure,2026-09-04T05:25:41.030332+00:00,3,1,193.2,0.934,241130.88,35,FAILED,0.5652,False,0.0
pay_100644,cust_01644,1913.86,INR,card,authentication_failure,2026-09-04T06:29:19.912970+00:00,1,2,129.5,0.664,78191.1,16,FAILED,0.4774,False,0.0
pay_100645,cust_01645,2337.66,INR,card,network_failure,2026-09-03T08:16:34.341008+00:00,3,0,1462.3,0.798,35500.08,42,FAILED,0.6718,False,0.0
pay_100646,cust_01646,1994.36,INR,card,temporary_bank_error,2026-09-03T23:49:11.217003+00:00,1,2,529.7,0.805,215058.48,35,FAILED,0.556,False,0.0
pay_100647,cust_01647,7128.61,INR,upi,3ds_timeout,2026-09-03T17:34:59.205892+00:00,3,0,903.9,0.846,71555.3,28,RECOVERED,0.7103,True,7128.61
pay_100648,cust_01648,2987.61,INR,upi,insufficient_funds,2026-09-04T08:08:24.539478+00:00,2,0,30.5,0.975,94758.16,48,RECOVERED,0.6036,True,2987.61
pay_100649,cust_01649,879.11,INR,card,temporary_bank_error,2026-09-02T22:46:07.812209+00:00,1,0,2032.7,0.947,22768.0,17,RECOVERED,0.8856,True,879.11
pay_100650,cust_01650,3439.72,INR,upi,network_failure,2026-09-03T11:34:00.723781+00:00,1,0,1264.9,0.781,149833.25,45,FAILED,0.9012,False,0.0
pay_100651,cust_01651,1242.59,INR,upi,authentication_failure,2026-09-04T04:24:30.293174+00:00,1,2,254.4,0.947,23573.83,8,FAILED,0.6409,False,0.0
pay_100652,cust_01652,794.2,INR,upi,insufficient_funds,2026-09-03T19:47:15.400542+00:00,1,1,771.6,0.895,174967.73,33,FAILED,0.3693,False,0.0
pay_100653,cust_01653,1133.18,INR,card,network_failure,2026-09-02T16:18:55.319872+00:00,1,2,2420.0,0.936,11318.25,27,FAILED,0.677,False,0.0
pay_100654,cust_01654,2752.83,INR,upi,authentication_failure,2026-09-03T10:32:53.789756+00:00,1,1,1326.0,0.882,177838.8,46,RECOVERED,0.7388,True,2752.83
pay_100655,cust_01655,520.02,INR,upi,temporary_bank_error,2026-09-04T04:23:14.196671+00:00,1,1,255.6,0.919,29108.25,10,RECOVERED,0.7669,True,520.02
pay_100656,cust_01656,11294.2,INR,netbanking,authentication_failure,2026-09-03T22:28:31.423860+00:00,1,1,610.4,0.618,24835.93,12,FAILED,0.6372,False,0.0
pay_100657,cust_01657,1040.05,INR,card,insufficient_funds,2026-09-03T20:32:06.470624+00:00,2,0,726.8,0.829,54799.2,25,FAILED,0.4291,False,0.0
pay_100658,cust_01658,1883.38,INR,upi,authentication_failure,2026-09-04T06:37:50.462620+00:00,1,0,121.0,0.492,44194.5,16,FAILED,0.7908,False,0.0
pay_100659,cust_01659,2994.32,INR,netbanking,network_failure,2026-09-03T17:05:56.843357+00:00,2,0,932.9,0.191,0.0,3,RECOVERED,0.6422,True,2994.32
pay_100660,cust_01660,2960.59,INR,upi,customer_abandonment,2026-09-04T05:27:39.904573+00:00,3,0,191.2,0.921,17292.6,10,RECOVERED,0.2571,True,2960.59
pay_100661,cust_01661,2832.12,INR,card,customer_abandonment,2026-09-03T05:52:32.707254+00:00,1,0,1606.3,0.211,0.0,1,FAILED,0.03,False,0.0
pay_100662,cust_01662,1164.51,INR,upi,3ds_timeout,2026-09-03T21:08:17.408208+00:00,1,0,690.6,0.786,269036.64,46,RECOVERED,0.8167,True,1164.51
pay_100663,cust_01663,3915.07,INR,upi,network_failure,2026-09-03T18:37:17.564010+00:00,1,0,841.6,0.551,3932.49,6,RECOVERED,0.8638,True,3915.07
pay_100664,cust_01664,2809.26,INR,card,temporary_bank_error,2026-09-02T18:02:50.547819+00:00,1,2,2316.0,0.961,128613.87,35,RECOVERED,0.5948,True,2809.26
pay_100665,cust_01665,2850.81,INR,netbanking,authentication_failure,2026-09-03T19:48:56.419618+00:00,1,1,769.9,0.973,209267.97,49,FAILED,0.7329,False,0.0
pay_100666,cust_01666,12307.3,INR,upi,3ds_timeout,2026-09-03T12:18:09.802725+00:00,1,0,1220.7,0.698,43306.4,15,RECOVERED,0.8231,True,12307.3
pay_100667,cust_01667,2244.9,INR,netbanking,authentication_failure,2026-09-04T02:28:31.911694+00:00,1,0,370.3,0.935,80117.7,33,RECOVERED,0.8039,True,2244.9
pay_100668,cust_01668,1827.66,INR,upi,network_failure,2026-09-04T03:13:24.742321+00:00,1,1,325.5,0.87,32427.01,13,RECOVERED,0.7984,True,1827.66
pay_100669,cust_01669,1804.21,INR,card,authentication_failure,2026-09-03T21:04:01.302758+00:00,2,1,694.9,0.212,0.0,1,RECOVERED,0.4096,True,1804.21
pay_100670,cust_01670,2028.51,INR,upi,network_failure,2026-09-03T12:10:33.154626+00:00,2,0,1228.3,0.793,113637.32,40,RECOVERED,0.7905,True,2028.51
pay_100671,cust_01671,2265.06,INR,wallet,network_failure,2026-09-04T06:10:20.349866+00:00,1,0,148.5,0.475,3551.24,4,RECOVERED,0.8683,True,2265.06
pay_100672,cust_01672,2299.0,INR,card,network_failure,2026-09-01T10:36:37.176760+00:00,1,0,4202.3,0.921,69587.2,22,FAILED,0.7439,False,0.0
pay_100673,cust_01673,1389.03,INR,upi,network_failure,2026-09-04T05:29:24.633779+00:00,3,2,189.5,0.855,67072.04,33,RECOVERED,0.5238,True,1389.03
pay_100674,cust_01674,1125.96,INR,emi,3ds_timeout,2026-09-01T09:14:04.872197+00:00,3,2,4284.8,0.761,13641.89,39,FAILED,0.2049,False,0.0
pay_100675,cust_01675,4368.84,INR,upi,network_failure,2026-09-03T06:00:30.205399+00:00,1,1,1598.4,0.647,4972.6,9,RECOVERED,0.6461,True,4368.84
pay_100676,cust_01676,1569.1,INR,upi,network_failure,2026-09-03T22:50:35.697389+00:00,1,0,588.3,0.931,263482.56,36,RECOVERED,0.8743,True,1569.1
pay_100677,cust_01677,6796.45,INR,upi,temporary_bank_error,2026-09-04T02:09:30.091633+00:00,1,0,389.4,0.923,8778.0,14,RECOVERED,0.95,True,6796.45
pay_100678,cust_01678,2971.91,INR,card,authentication_failure,2026-09-03T17:10:45.209555+00:00,1,0,928.1,0.956,131856.6,21,FAILED,0.8335,False,0.0
pay_100679,cust_01679,1725.86,INR,upi,payment_method_issue,2026-08-30T11:10:21.423775+00:00,3,0,7048.5,0.551,103452.96,25,FAILED,0.2961,False,0.0
pay_100680,cust_01680,2071.81,INR,upi,temporary_bank_error,2026-09-03T19:59:52.870594+00:00,1,0,759.0,0.471,33282.66,14,FAILED,0.7985,False,0.0
pay_100681,cust_01681,2981.53,INR,upi,payment_method_issue,2026-09-03T19:34:26.380309+00:00,1,2,784.4,0.414,30177.91,19,FAILED,0.2353,False,0.0
pay_100682,cust_01682,2829.39,INR,netbanking,network_failure,2026-09-03T04:22:48.830411+00:00,2,0,1696.1,0.954,86986.68,47,RECOVERED,0.7977,True,2829.39
pay_100683,cust_01683,5561.45,INR,upi,authentication_failure,2026-08-29T16:44:49.207231+00:00,1,0,8154.1,0.788,81636.89,22,RECOVERED,0.5396,True,5561.45
pay_100684,cust_01684,922.85,INR,upi,network_failure,2026-09-01T09:05:48.208740+00:00,1,0,4293.1,0.248,5600.73,8,FAILED,0.7131,False,0.0
pay_100685,cust_01685,1254.6,INR,card,authentication_failure,2026-09-03T19:38:27.591127+00:00,1,0,780.4,0.771,95893.05,44,RECOVERED,0.7601,True,1254.6
pay_100686,cust_01686,6620.63,INR,upi,authentication_failure,2026-09-03T13:17:52.216899+00:00,2,1,1161.0,0.873,11419.83,11,RECOVERED,0.7309,True,6620.63
pay_100687,cust_01687,3439.76,INR,upi,temporary_bank_error,2026-09-02T20:17:08.258177+00:00,2,2,2181.7,0.674,59455.5,16,RECOVERED,0.4473,True,3439.76
pay_100688,cust_01688,4038.12,INR,card,payment_method_issue,2026-09-03T00:46:22.836366+00:00,1,1,1912.5,0.485,4036.83,3,FAILED,0.3072,False,0.0
pay_100689,cust_01689,821.17,INR,upi,temporary_bank_error,2026-09-03T10:41:56.149901+00:00,1,1,1316.9,0.465,13457.64,7,RECOVERED,0.6426,True,821.17
pay_100690,cust_01690,458.49,INR,card,network_failure,2026-09-03T11:33:01.496593+00:00,1,0,1265.8,0.604,16881.04,19,FAILED,0.8072,False,0.0
pay_100691,cust_01691,1825.3,INR,upi,3ds_timeout,2026-09-03T13:27:19.239562+00:00,2,0,1151.6,0.584,2749.86,16,RECOVERED,0.6329,True,1825.3
pay_100692,cust_01692,4301.46,INR,upi,network_failure,2026-09-02T09:10:26.666817+00:00,3,1,2848.4,0.524,23525.26,21,FAILED,0.5138,False,0.0
pay_100693,cust_01693,2391.01,INR,netbanking,temporary_bank_error,2026-09-02T23:23:25.008933+00:00,1,1,1995.5,0.907,53525.16,40,FAILED,0.6982,False,0.0
pay_100694,cust_01694,723.39,INR,upi,network_failure,2026-09-04T01:50:38.030365+00:00,1,1,408.2,0.772,29283.48,47,RECOVERED,0.8097,True,723.39
pay_100695,cust_01695,10936.02,INR,upi,3ds_timeout,2026-09-04T06:36:20.243730+00:00,1,0,122.5,0.794,23483.95,7,RECOVERED,0.907,True,10936.02
pay_100696,cust_01696,2115.41,INR,upi,temporary_bank_error,2026-09-03T20:22:32.053493+00:00,1,0,736.3,0.601,3120.93,3,FAILED,0.7849,False,0.0
pay_100697,cust_01697,4697.11,INR,wallet,network_failure,2026-09-04T04:38:25.350935+00:00,1,1,240.5,0.121,0.0,8,FAILED,0.6046,False,0.0
pay_100698,cust_01698,12618.4,INR,card,3ds_timeout,2026-09-01T16:13:17.069657+00:00,1,2,3865.6,0.921,185628.8,31,RECOVERED,0.4293,True,12618.4
pay_100699,cust_01699,917.17,INR,netbanking,network_failure,2026-09-04T02:20:29.166607+00:00,3,0,378.4,0.919,19802.2,24,FAILED,0.7742,False,0.0
pay_100700,cust_01700,1033.65,INR,upi,insufficient_funds,2026-09-03T16:00:34.463368+00:00,1,1,998.3,0.581,7148.08,8,FAILED,0.3126,False,0.0
pay_100701,cust_01701,3735.75,INR,netbanking,temporary_bank_error,2026-09-03T19:57:24.955511+00:00,1,0,761.5,0.878,55803.42,11,RECOVERED,0.7969,True,3735.75
pay_100702,cust_01702,2053.34,INR,wallet,temporary_bank_error,2026-09-02T20:06:05.988532+00:00,2,1,2192.8,0.545,3168.86,5,FAILED,0.5459,False,0.0
pay_100703,cust_01703,908.1,INR,card,payment_method_issue,2026-09-03T12:06:30.580529+00:00,1,0,1232.4,0.786,122469.27,43,RECOVERED,0.5654,True,908.1
pay_100704,cust_01704,410.52,INR,upi,3ds_timeout,2026-09-02T23:49:54.771210+00:00,2,0,1969.0,0.16,0.0,6,RECOVERED,0.5438,True,410.52
pay_100705,cust_01705,581.59,INR,upi,payment_method_issue,2026-09-01T23:03:20.398198+00:00,1,0,3455.5,0.875,154898.75,29,RECOVERED,0.5671,True,581.59
pay_100706,cust_01706,2799.61,INR,netbanking,network_failure,2026-09-01T05:31:21.317165+00:00,1,1,4507.5,0.05,0.0,1,FAILED,0.4234,False,0.0
pay_100707,cust_01707,1342.72,INR,card,network_failure,2026-09-04T01:47:24.765578+00:00,1,0,411.5,0.153,0.0,5,RECOVERED,0.697,True,1342.72
pay_100708,cust_01708,2457.57,INR,upi,insufficient_funds,2026-09-02T09:55:52.523314+00:00,3,0,2803.0,0.721,51640.12,10,RECOVERED,0.342,True,2457.57
pay_100709,cust_01709,2852.12,INR,wallet,3ds_timeout,2026-09-03T22:58:42.432667+00:00,1,0,580.2,0.759,30040.4,27,RECOVERED,0.7666,True,2852.12
pay_100710,cust_01710,2271.95,INR,upi,temporary_bank_error,2026-09-02T17:43:55.676501+00:00,1,1,2334.9,0.937,42234.75,10,FAILED,0.8253,False,0.0
pay_100711,cust_01711,5188.44,INR,netbanking,payment_method_issue,2026-09-01T10:42:30.164226+00:00,1,1,4196.4,0.67,16238.92,7,FAILED,0.284,False,0.0
pay_100712,cust_01712,4553.11,INR,card,temporary_bank_error,2026-09-02T07:06:50.797162+00:00,1,1,2972.0,0.413,25903.28,20,RECOVERED,0.5723,True,4553.11
pay_100713,cust_01713,2118.7,INR,card,insufficient_funds,2026-09-03T21:02:35.444577+00:00,1,0,696.3,0.548,13994.72,5,FAILED,0.4166,False,0.0
pay_100714,cust_01714,2305.28,INR,upi,payment_method_issue,2026-09-03T15:28:22.429739+00:00,1,2,1030.5,0.266,716.79,7,FAILED,0.258,False,0.0
pay_100715,cust_01715,5543.12,INR,netbanking,3ds_timeout,2026-09-04T05:58:29.204513+00:00,2,0,160.4,0.825,80005.6,49,FAILED,0.687,False,0.0
pay_100716,cust_01716,5295.2,INR,upi,insufficient_funds,2026-09-03T01:37:54.585288+00:00,1,1,1861.0,0.596,4020.12,4,FAILED,0.3715,False,0.0
pay_100717,cust_01717,4215.41,INR,upi,customer_abandonment,2026-09-03T05:21:51.136687+00:00,1,0,1637.0,0.769,187206.83,41,FAILED,0.3196,False,0.0
pay_100718,cust_01718,960.01,INR,wallet,temporary_bank_error,2026-09-02T20:47:39.214045+00:00,3,0,2151.2,0.85,53459.49,49,RECOVERED,0.6508,True,960.01
pay_100719,cust_01719,2805.27,INR,upi,temporary_bank_error,2026-09-03T22:31:34.616020+00:00,1,2,607.3,0.9,69314.85,17,RECOVERED,0.6554,True,2805.27
pay_100720,cust_01720,4492.25,INR,card,authentication_failure,2026-09-04T05:04:24.793105+00:00,1,2,214.5,0.849,296634.4,48,FAILED,0.5635,False,0.0
pay_100721,cust_01721,1728.21,INR,card,authentication_failure,2026-09-03T19:46:28.140387+00:00,1,1,772.4,0.83,59056.8,25,RECOVERED,0.6831,True,1728.21
pay_100722,cust_01722,1214.85,INR,netbanking,3ds_timeout,2026-09-03T19:37:01.351629+00:00,2,2,781.9,0.26,10197.0,8,FAILED,0.2629,False,0.0
pay_100723,cust_01723,3969.56,INR,card,temporary_bank_error,2026-09-03T10:53:33.918404+00:00,1,0,1305.3,0.453,75529.08,25,FAILED,0.6948,False,0.0
pay_100724,cust_01724,3768.91,INR,upi,network_failure,2026-09-04T03:09:53.478216+00:00,1,0,329.0,0.365,405.75,5,RECOVERED,0.8139,True,3768.91
pay_100725,cust_01725,1128.06,INR,upi,network_failure,2026-09-03T01:44:55.888399+00:00,1,0,1853.9,0.798,59874.64,39,FAILED,0.9081,False,0.0
pay_100726,cust_01726,901.34,INR,card,temporary_bank_error,2026-09-03T21:22:28.333045+00:00,1,2,676.4,0.918,67824.6,14,FAILED,0.6015,False,0.0
pay_100727,cust_01727,1250.45,INR,upi,account_blocked,2026-09-04T02:17:23.846251+00:00,1,0,381.5,0.809,14921.4,8,FAILED,0.1732,False,0.0
pay_100728,cust_01728,5444.03,INR,upi,temporary_bank_error,2026-09-03T05:37:48.754708+00:00,1,2,1621.1,0.403,26924.35,14,FAILED,0.4706,False,0.0
pay_100729,cust_01729,2494.61,INR,card,account_blocked,2026-09-02T22:56:02.833607+00:00,2,0,2022.8,0.953,56160.0,29,FAILED,0.069,False,0.0
pay_100730,cust_01730,2393.73,INR,netbanking,network_failure,2026-09-03T03:14:14.292605+00:00,2,0,1764.6,0.887,13883.28,10,RECOVERED,0.7596,True,2393.73
pay_100731,cust_01731,3400.79,INR,upi,insufficient_funds,2026-09-04T08:33:52.447543+00:00,2,0,5.0,0.962,65975.27,24,RECOVERED,0.5064,True,3400.79
pay_100732,cust_01732,1068.91,INR,upi,network_failure,2026-09-03T13:11:09.240468+00:00,2,1,1167.7,0.831,97232.67,45,RECOVERED,0.6856,True,1068.91
pay_100733,cust_01733,461.78,INR,netbanking,insufficient_funds,2026-09-03T16:20:53.074479+00:00,1,0,978.0,0.839,37849.25,6,FAILED,0.4158,False,0.0
pay_100734,cust_01734,1771.79,INR,upi,temporary_bank_error,2026-09-04T04:20:26.253476+00:00,1,1,258.4,0.623,11840.3,4,FAILED,0.7065,False,0.0
pay_100735,cust_01735,2573.67,INR,upi,network_failure,2026-09-01T23:00:31.894899+00:00,1,1,3458.3,0.542,14761.7,20,RECOVERED,0.6101,True,2573.67
pay_100736,cust_01736,2309.65,INR,upi,customer_abandonment,2026-09-04T01:50:26.082746+00:00,1,1,408.4,0.78,47846.4,46,RECOVERED,0.2618,True,2309.65
pay_100737,cust_01737,2454.7,INR,upi,authentication_failure,2026-09-02T21:26:01.586648+00:00,2,0,2112.8,0.912,248323.42,38,FAILED,0.7641,False,0.0
pay_100738,cust_01738,1752.03,INR,upi,temporary_bank_error,2026-09-03T21:17:19.730983+00:00,1,1,681.5,0.362,1644.34,6,RECOVERED,0.6393,True,1752.03
pay_100739,cust_01739,754.59,INR,card,network_failure,2026-09-03T23:43:53.909509+00:00,1,0,535.0,0.952,30969.25,6,RECOVERED,0.9416,True,754.59
pay_100740,cust_01740,3374.43,INR,card,network_failure,2026-09-03T13:38:26.821948+00:00,1,1,1140.4,0.679,104804.42,22,RECOVERED,0.7315,True,3374.43
pay_100741,cust_01741,726.62,INR,upi,temporary_bank_error,2026-09-01T05:52:21.967309+00:00,2,0,4486.5,0.756,166666.17,44,FAILED,0.6206,False,0.0
pay_100742,cust_01742,1471.07,INR,upi,temporary_bank_error,2026-09-01T09:47:35.115826+00:00,1,0,4251.3,0.803,12265.24,6,RECOVERED,0.7614,True,1471.07
pay_100743,cust_01743,1451.11,INR,emi,temporary_bank_error,2026-09-02T20:49:23.356279+00:00,1,0,2149.5,0.899,96059.6,16,RECOVERED,0.7779,True,1451.11
pay_100744,cust_01744,779.82,INR,upi,customer_abandonment,2026-09-01T20:43:33.786013+00:00,1,0,3595.3,0.757,22277.55,5,RECOVERED,0.3143,True,779.82
pay_100745,cust_01745,5143.62,INR,upi,temporary_bank_error,2026-09-03T23:36:47.601087+00:00,1,0,542.1,0.422,41861.34,16,RECOVERED,0.8081,True,5143.62
pay_100746,cust_01746,919.56,INR,card,payment_method_issue,2026-09-03T21:05:33.727193+00:00,1,0,693.3,0.545,4981.06,3,RECOVERED,0.5034,True,919.56
pay_100747,cust_01747,1222.36,INR,upi,3ds_timeout,2026-09-03T10:36:00.461904+00:00,1,0,1322.9,0.652,57569.59,21,RECOVERED,0.7459,True,1222.36
pay_100748,cust_01748,4782.36,INR,upi,authentication_failure,2026-09-02T17:54:30.529520+00:00,1,2,2324.4,0.952,81586.19,20,RECOVERED,0.5783,True,4782.36
pay_100749,cust_01749,5635.55,INR,upi,3ds_timeout,2026-09-03T23:31:45.157326+00:00,1,0,547.1,0.926,12332.95,8,RECOVERED,0.835,True,5635.55
pay_100750,cust_01750,654.17,INR,upi,network_failure,2026-09-04T04:49:38.679127+00:00,1,2,229.2,0.847,272932.35,44,RECOVERED,0.7112,True,654.17
pay_100751,cust_01751,1986.97,INR,upi,temporary_bank_error,2026-09-01T18:08:24.047380+00:00,2,0,3750.5,0.554,54015.78,25,RECOVERED,0.6448,True,1986.97
pay_100752,cust_01752,2580.19,INR,netbanking,authentication_failure,2026-09-03T14:17:36.284414+00:00,1,0,1101.3,0.845,13279.14,33,RECOVERED,0.8412,True,2580.19
pay_100753,cust_01753,830.56,INR,netbanking,temporary_bank_error,2026-09-01T07:44:21.681651+00:00,1,0,4374.5,0.825,269550.55,46,FAILED,0.6433,False,0.0
pay_100754,cust_01754,4272.75,INR,upi,temporary_bank_error,2026-09-03T17:38:04.370365+00:00,1,0,900.8,0.853,22007.78,28,RECOVERED,0.9118,True,4272.75
pay_100755,cust_01755,2543.66,INR,upi,temporary_bank_error,2026-09-01T02:26:45.337586+00:00,1,1,4692.1,0.179,638.08,7,FAILED,0.4889,False,0.0
pay_100756,cust_01756,344.85,INR,wallet,authentication_failure,2026-09-02T22:10:43.174838+00:00,1,0,2068.2,0.693,27959.6,7,FAILED,0.754,False,0.0
pay_100757,cust_01757,1053.68,INR,netbanking,temporary_bank_error,2026-09-02T18:44:18.094304+00:00,1,0,2274.6,0.918,75708.3,33,FAILED,0.7179,False,0.0
pay_100758,cust_01758,6092.19,INR,netbanking,insufficient_funds,2026-09-03T20:35:06.512702+00:00,1,0,723.8,0.926,15326.2,5,RECOVERED,0.5208,True,6092.19
pay_100759,cust_01759,7595.08,INR,card,payment_method_issue,2026-09-03T22:02:59.656536+00:00,1,0,635.9,0.481,48401.28,20,RECOVERED,0.4646,True,7595.08
pay_100760,cust_01760,3193.02,INR,card,network_failure,2026-09-04T00:21:48.400298+00:00,1,0,497.1,0.402,17090.29,19,FAILED,0.7461,False,0.0
pay_100761,cust_01761,602.32,INR,emi,3ds_timeout,2026-09-01T05:03:18.736456+00:00,1,1,4535.6,0.763,11655.0,27,FAILED,0.4881,False,0.0
pay_100762,cust_01762,4271.31,INR,card,3ds_timeout,2026-09-04T01:40:26.037691+00:00,1,0,418.4,0.962,7969.01,8,RECOVERED,0.842,True,4271.31
pay_100763,cust_01763,1619.5,INR,upi,network_failure,2026-08-31T13:48:56.270683+00:00,1,1,5449.9,0.635,61185.54,21,RECOVERED,0.5933,True,1619.5
pay_100764,cust_01764,4308.06,INR,card,network_failure,2026-09-03T01:23:26.696071+00:00,1,0,1875.4,0.758,50143.14,24,RECOVERED,0.8477,True,4308.06
pay_100765,cust_01765,4064.33,INR,emi,authentication_failure,2026-09-03T22:36:56.809071+00:00,3,1,601.9,0.422,9352.0,17,RECOVERED,0.3876,True,4064.33
pay_100766,cust_01766,1510.88,INR,netbanking,authentication_failure,2026-09-03T20:38:28.772040+00:00,1,0,720.4,0.91,29920.8,44,RECOVERED,0.7792,True,1510.88
pay_100767,cust_01767,1436.87,INR,netbanking,network_failure,2026-09-02T20:39:20.091504+00:00,2,0,2159.5,0.214,14981.94,10,FAILED,0.595,False,0.0
pay_100768,cust_01768,1597.2,INR,upi,3ds_timeout,2026-09-03T14:15:09.781557+00:00,2,0,1103.7,0.882,114937.46,44,RECOVERED,0.7204,True,1597.2
pay_100769,cust_01769,1255.74,INR,upi,temporary_bank_error,2026-09-03T12:57:29.852531+00:00,1,0,1181.4,0.895,208686.4,36,RECOVERED,0.8807,True,1255.74
pay_100770,cust_01770,1112.87,INR,wallet,3ds_timeout,2026-09-01T16:46:08.231824+00:00,1,0,3832.7,0.756,218784.56,45,RECOVERED,0.7567,True,1112.87
pay_100771,cust_01771,1228.34,INR,upi,authentication_failure,2026-09-03T12:42:08.088626+00:00,1,1,1196.7,0.827,214715.82,40,RECOVERED,0.7359,True,1228.34
pay_100772,cust_01772,1454.25,INR,card,customer_abandonment,2026-09-03T01:26:00.778617+00:00,2,2,1872.9,0.487,2669.85,4,FAILED,0.01,False,0.0
pay_100773,cust_01773,2995.88,INR,upi,3ds_timeout,2026-09-03T09:12:41.343754+00:00,1,0,1406.2,0.827,141068.4,30,RECOVERED,0.8743,True,2995.88
pay_100774,cust_01774,24875.67,INR,upi,authentication_failure,2026-09-04T03:21:56.404498+00:00,1,2,316.9,0.828,155576.07,48,FAILED,0.5662,False,0.0
pay_100775,cust_01775,9309.18,INR,upi,temporary_bank_error,2026-09-03T13:02:38.096579+00:00,1,1,1176.2,0.786,186390.1,34,RECOVERED,0.7101,True,9309.18
pay_100776,cust_01776,382.96,INR,card,network_failure,2026-09-03T17:11:38.007972+00:00,1,0,927.2,0.541,9507.81,25,RECOVERED,0.8028,True,382.96
pay_100777,cust_01777,7440.57,INR,card,network_failure,2026-08-31T18:26:09.282678+00:00,1,0,5172.7,0.754,167349.0,41,RECOVERED,0.7237,True,7440.57
pay_100778,cust_01778,669.49,INR,card,temporary_bank_error,2026-09-04T06:46:46.298732+00:00,1,0,112.1,0.515,35868.91,14,RECOVERED,0.8046,True,669.49
pay_100779,cust_01779,1352.05,INR,upi,authentication_failure,2026-09-02T21:30:21.809338+00:00,1,2,2108.5,0.777,103149.9,24,RECOVERED,0.5759,True,1352.05
pay_100780,cust_01780,908.69,INR,upi,network_failure,2026-09-02T13:31:32.678747+00:00,2,0,2587.3,0.864,53740.23,20,RECOVERED,0.814,True,908.69
pay_100781,cust_01781,1875.72,INR,netbanking,temporary_bank_error,2026-09-03T19:30:12.521227+00:00,1,0,788.7,0.836,31444.95,7,RECOVERED,0.792,True,1875.72
pay_100782,cust_01782,11338.39,INR,card,temporary_bank_error,2026-09-03T23:32:56.902062+00:00,1,0,545.9,0.708,7058.52,6,RECOVERED,0.7684,True,11338.39
pay_100783,cust_01783,1069.64,INR,netbanking,customer_abandonment,2026-08-31T20:25:51.143471+00:00,2,0,5053.0,0.449,13260.94,5,FAILED,0.0594,False,0.0
pay_100784,cust_01784,7178.39,INR,upi,3ds_timeout,2026-09-03T18:03:07.248242+00:00,1,0,875.8,0.556,90467.52,24,RECOVERED,0.7904,True,7178.39
pay_100785,cust_01785,1045.76,INR,upi,customer_abandonment,2026-09-04T07:15:32.761073+00:00,1,0,83.3,0.602,5732.66,4,FAILED,0.3377,False,0.0
pay_100786,cust_01786,2353.85,INR,card,network_failure,2026-09-03T22:33:22.054339+00:00,1,0,605.5,0.408,20876.6,11,FAILED,0.8033,False,0.0
pay_100787,cust_01787,3500.15,INR,upi,network_failure,2026-09-01T01:04:30.690468+00:00,2,2,4774.4,0.872,153094.48,33,RECOVERED,0.5951,True,3500.15
pay_100788,cust_01788,1107.16,INR,card,customer_abandonment,2026-09-03T12:04:27.547655+00:00,1,1,1234.4,0.97,161814.26,40,FAILED,0.2171,False,0.0
pay_100789,cust_01789,6436.61,INR,upi,insufficient_funds,2026-09-03T07:32:32.328172+00:00,1,0,1506.3,0.783,253141.98,50,FAILED,0.5386,False,0.0
pay_100790,cust_01790,933.81,INR,upi,network_failure,2026-09-01T23:10:05.227799+00:00,1,1,3448.8,0.955,137495.33,39,FAILED,0.7589,False,0.0
pay_100791,cust_01791,771.71,INR,upi,payment_method_issue,2026-09-03T17:13:18.468362+00:00,1,0,925.6,0.762,79626.24,32,RECOVERED,0.6654,True,771.71
pay_100792,cust_01792,1398.63,INR,upi,authentication_failure,2026-09-04T04:48:18.092527+00:00,1,1,230.6,0.638,39498.03,21,FAILED,0.6995,False,0.0
pay_100793,cust_01793,1464.58,INR,upi,payment_method_issue,2026-09-03T19:20:43.948733+00:00,3,1,798.1,0.962,149503.36,34,FAILED,0.3838,False,0.0
pay_100794,cust_01794,5704.06,INR,netbanking,network_failure,2026-09-03T14:05:47.266522+00:00,2,0,1113.1,0.821,213440.42,46,FAILED,0.7526,False,0.0
pay_100795,cust_01795,4972.33,INR,upi,customer_abandonment,2026-09-02T23:14:23.310610+00:00,1,0,2004.5,0.956,146580.6,21,RECOVERED,0.3602,True,4972.33
pay_100796,cust_01796,829.73,INR,wallet,temporary_bank_error,2026-09-03T22:57:30.572520+00:00,1,0,581.4,0.948,87176.44,25,RECOVERED,0.95,True,829.73
pay_100797,cust_01797,3217.61,INR,card,network_failure,2026-09-03T20:53:37.665280+00:00,1,0,705.2,0.856,29680.56,15,RECOVERED,0.8779,True,3217.61
pay_100798,cust_01798,5889.1,INR,emi,temporary_bank_error,2026-09-02T17:47:58.379431+00:00,1,1,2330.9,0.843,270271.26,50,RECOVERED,0.6519,True,5889.1
pay_100799,cust_01799,1702.27,INR,wallet,network_failure,2026-09-03T23:10:17.201627+00:00,1,1,568.6,0.581,38777.04,14,FAILED,0.717,False,0.0
pay_100800,cust_01800,6953.72,INR,upi,payment_method_issue,2026-09-04T02:25:37.575801+00:00,1,0,373.2,0.861,20464.5,9,RECOVERED,0.6079,True,6953.72
pay_100801,cust_01001,1645.57,INR,upi,temporary_bank_error,2026-09-03T20:23:19.558981+00:00,1,0,735.5,0.919,264138.16,48,RECOVERED,0.8544,True,1645.57
pay_100802,cust_01002,4299.41,INR,upi,authentication_failure,2026-09-03T06:25:10.504999+00:00,2,0,1573.7,0.772,58677.36,19,RECOVERED,0.7593,True,4299.41
pay_100803,cust_01003,1109.69,INR,card,network_failure,2026-09-03T04:24:21.490474+00:00,1,0,1694.5,0.543,38698.8,16,RECOVERED,0.8387,True,1109.69
pay_100804,cust_01004,1828.68,INR,emi,temporary_bank_error,2026-09-03T15:55:07.709455+00:00,3,0,1003.7,0.786,21740.4,26,FAILED,0.6052,False,0.0
pay_100805,cust_01005,3278.39,INR,netbanking,insufficient_funds,2026-09-03T17:59:50.444426+00:00,1,0,879.0,0.674,61401.12,25,FAILED,0.4804,False,0.0
pay_100806,cust_01006,2726.3,INR,card,network_failure,2026-09-02T08:56:54.203517+00:00,1,0,2862.0,0.941,291837.18,44,RECOVERED,0.8408,True,2726.3
pay_100807,cust_01007,2140.7,INR,upi,insufficient_funds,2026-09-04T03:10:20.346833+00:00,1,0,328.5,0.802,141951.78,23,FAILED,0.5238,False,0.0
pay_100808,cust_01008,1188.13,INR,emi,authentication_failure,2026-09-04T00:23:54.514390+00:00,1,2,495.0,0.896,38811.0,28,RECOVERED,0.5217,True,1188.13
pay_100809,cust_01009,1413.44,INR,upi,network_failure,2026-09-04T00:09:39.540628+00:00,1,0,509.2,0.632,9980.62,4,RECOVERED,0.9223,True,1413.44
pay_100810,cust_01010,581.59,INR,upi,temporary_bank_error,2026-09-01T13:09:22.596084+00:00,2,1,4049.5,0.812,201558.6,45,RECOVERED,0.5851,True,581.59
pay_100811,cust_01011,1983.4,INR,upi,insufficient_funds,2026-09-03T17:50:37.086677+00:00,1,0,888.3,0.757,61001.46,25,FAILED,0.5397,False,0.0
pay_100812,cust_01012,2496.58,INR,upi,network_failure,2026-09-04T07:41:02.838954+00:00,2,2,57.8,0.865,149493.24,46,RECOVERED,0.5978,True,2496.58
pay_100813,cust_01013,1362.39,INR,card,3ds_timeout,2026-09-03T19:13:34.844839+00:00,2,1,805.3,0.922,209183.96,32,RECOVERED,0.6205,True,1362.39
pay_100814,cust_01014,2742.54,INR,upi,authentication_failure,2026-09-03T17:05:32.973443+00:00,2,1,933.3,0.771,41582.94,8,RECOVERED,0.647,True,2742.54
pay_100815,cust_01015,4807.06,INR,wallet,customer_abandonment,2026-09-03T15:34:42.371331+00:00,2,1,1024.2,0.838,286924.68,43,FAILED,0.0564,False,0.0
pay_100816,cust_01016,2428.25,INR,upi,temporary_bank_error,2026-09-03T20:11:18.658187+00:00,1,0,747.6,0.439,48654.08,19,FAILED,0.7453,False,0.0
pay_100817,cust_01017,2182.94,INR,upi,network_failure,2026-09-03T18:45:03.535094+00:00,2,1,833.8,0.751,116753.1,21,RECOVERED,0.6771,True,2182.94
pay_100818,cust_01018,1006.79,INR,upi,temporary_bank_error,2026-08-31T23:05:49.064469+00:00,1,0,4893.1,0.897,69601.56,43,FAILED,0.7285,False,0.0
pay_100819,cust_01019,3783.01,INR,wallet,network_failure,2026-09-02T16:42:13.866143+00:00,1,0,2396.6,0.364,0.0,1,FAILED,0.6559,False,0.0
pay_100820,cust_01020,2072.26,INR,upi,temporary_bank_error,2026-09-03T18:18:08.178485+00:00,1,2,860.7,0.683,15006.46,11,FAILED,0.6058,False,0.0
pay_100821,cust_01021,2590.4,INR,card,temporary_bank_error,2026-09-04T04:12:00.771791+00:00,1,0,266.9,0.862,54813.36,9,FAILED,0.8078,False,0.0
pay_100822,cust_01022,1989.33,INR,card,network_failure,2026-09-03T13:48:46.105322+00:00,1,0,1130.1,0.722,11704.7,7,RECOVERED,0.8919,True,1989.33
pay_100823,cust_01023,2493.06,INR,card,temporary_bank_error,2026-09-02T21:09:00.224100+00:00,2,0,2129.9,0.635,40503.3,24,RECOVERED,0.6782,True,2493.06
pay_100824,cust_01024,572.25,INR,upi,payment_method_issue,2026-09-03T16:45:37.038290+00:00,1,1,953.3,0.802,9239.2,26,RECOVERED,0.4555,True,572.25
pay_100825,cust_01025,457.82,INR,netbanking,network_failure,2026-09-04T02:32:58.517607+00:00,2,0,365.9,0.913,14439.95,8,RECOVERED,0.8471,True,457.82
pay_100826,cust_01026,2278.87,INR,upi,customer_abandonment,2026-09-03T12:19:32.144547+00:00,1,0,1219.3,0.814,56538.98,36,RECOVERED,0.4302,True,2278.87
pay_100827,cust_01027,2362.86,INR,netbanking,authentication_failure,2026-09-03T02:15:58.818322+00:00,1,0,1822.9,0.93,49452.48,31,RECOVERED,0.7378,True,2362.86
pay_100828,cust_01028,1856.85,INR,upi,insufficient_funds,2026-09-04T01:56:05.703213+00:00,1,0,402.8,0.857,32909.46,8,FAILED,0.5329,False,0.0
pay_100829,cust_01029,3668.77,INR,emi,temporary_bank_error,2026-09-03T23:21:24.432789+00:00,1,0,557.5,0.437,5293.83,8,RECOVERED,0.6742,True,3668.77
pay_100830,cust_01030,814.85,INR,card,network_failure,2026-09-04T07:26:04.847121+00:00,1,1,72.8,0.807,25984.77,9,RECOVERED,0.8069,True,814.85
pay_100831,cust_01031,673.94,INR,card,temporary_bank_error,2026-09-04T03:31:24.969492+00:00,1,0,307.5,0.334,0.0,2,RECOVERED,0.6786,True,673.94
pay_100832,cust_01032,1892.21,INR,upi,authentication_failure,2026-08-31T06:22:22.525308+00:00,1,0,5896.5,0.949,10973.97,8,RECOVERED,0.7271,True,1892.21
pay_100833,cust_01033,5051.82,INR,card,network_failure,2026-09-03T05:32:05.710640+00:00,1,1,1626.8,0.91,194270.76,40,RECOVERED,0.7876,True,5051.82
pay_100834,cust_01034,6682.88,INR,upi,insufficient_funds,2026-09-04T07:54:29.252043+00:00,3,0,44.4,0.763,22311.73,39,RECOVERED,0.4124,True,6682.88
pay_100835,cust_01035,609.57,INR,upi,customer_abandonment,2026-09-04T06:50:14.342419+00:00,1,1,108.6,0.961,54440.28,38,FAILED,0.2588,False,0.0
pay_100836,cust_01036,5246.34,INR,card,network_failure,2026-09-04T00:26:14.380208+00:00,1,0,492.6,0.905,61363.26,20,RECOVERED,0.8632,True,5246.34
pay_100837,cust_01037,1423.85,INR,card,network_failure,2026-09-03T21:41:06.855436+00:00,1,1,657.8,0.769,172594.08,47,RECOVERED,0.6876,True,1423.85
pay_100838,cust_01038,1207.1,INR,upi,temporary_bank_error,2026-09-04T01:11:59.993509+00:00,3,1,446.9,0.507,16737.75,10,RECOVERED,0.5514,True,1207.1
pay_100839,cust_01039,2968.36,INR,netbanking,temporary_bank_error,2026-09-03T04:45:09.635094+00:00,1,0,1673.7,0.893,286917.84,41,RECOVERED,0.8152,True,2968.36
pay_100840,cust_01040,2261.07,INR,upi,temporary_bank_error,2026-09-03T23:03:31.195198+00:00,1,1,575.4,0.965,56563.04,9,RECOVERED,0.7974,True,2261.07
pay_100841,cust_01041,1085.7,INR,netbanking,temporary_bank_error,2026-09-03T18:27:34.507357+00:00,3,0,851.3,0.639,102383.71,21,FAILED,0.6407,False,0.0
pay_100842,cust_01042,3446.42,INR,card,insufficient_funds,2026-09-04T04:34:01.686696+00:00,1,0,244.8,0.903,25700.29,13,RECOVERED,0.4899,True,3446.42
pay_100843,cust_01043,529.08,INR,card,temporary_bank_error,2026-09-03T11:52:01.526025+00:00,1,1,1246.8,0.889,129367.92,50,FAILED,0.7384,False,0.0
pay_100844,cust_01044,9496.46,INR,card,network_failure,2026-09-04T02:17:09.182706+00:00,1,0,381.7,0.338,0.0,2,RECOVERED,0.8001,True,9496.46
pay_100845,cust_01045,941.69,INR,card,temporary_bank_error,2026-09-04T01:28:57.630948+00:00,1,0,429.9,0.617,9265.08,10,RECOVERED,0.7791,True,941.69
pay_100846,cust_01046,2761.06,INR,upi,payment_method_issue,2026-09-02T17:02:49.191800+00:00,2,0,2376.1,0.767,268629.25,49,FAILED,0.5423,False,0.0
pay_100847,cust_01047,2555.29,INR,netbanking,authentication_failure,2026-09-03T07:41:50.160306+00:00,1,1,1497.0,0.849,13367.95,7,RECOVERED,0.6036,True,2555.29
pay_100848,cust_01048,1312.25,INR,card,network_failure,2026-09-03T18:56:41.902809+00:00,1,1,822.2,0.627,50455.2,13,RECOVERED,0.6959,True,1312.25
pay_100849,cust_01049,834.06,INR,card,payment_method_issue,2026-09-04T04:22:02.595019+00:00,1,0,256.8,0.732,35434.5,7,RECOVERED,0.5889,True,834.06
pay_100850,cust_01050,299.67,INR,upi,3ds_timeout,2026-09-02T08:02:56.744673+00:00,1,0,2915.9,0.694,14126.4,9,FAILED,0.8046,False,0.0
pay_100851,cust_01051,1172.06,INR,upi,network_failure,2026-09-04T01:30:10.785876+00:00,2,0,428.7,0.938,92763.47,34,RECOVERED,0.9135,True,1172.06
pay_100852,cust_01052,1153.99,INR,wallet,3ds_timeout,2026-09-02T13:24:29.806063+00:00,1,0,2594.4,0.826,54215.35,9,FAILED,0.7001,False,0.0
pay_100853,cust_01053,2590.15,INR,upi,3ds_timeout,2026-09-03T22:38:25.890226+00:00,2,0,600.4,0.976,108294.3,39,FAILED,0.7922,False,0.0
pay_100854,cust_01054,972.1,INR,wallet,network_failure,2026-09-03T04:00:57.544997+00:00,1,1,1717.9,0.976,6808.2,7,RECOVERED,0.7494,True,972.1
pay_100855,cust_01055,2950.84,INR,card,network_failure,2026-09-03T07:26:21.600254+00:00,1,0,1512.5,0.574,57809.52,14,FAILED,0.832,False,0.0
pay_100856,cust_01056,1807.79,INR,upi,temporary_bank_error,2026-09-02T14:37:30.741693+00:00,1,1,2521.4,0.963,206785.6,39,RECOVERED,0.7765,True,1807.79
pay_100857,cust_01057,1170.66,INR,upi,authentication_failure,2026-09-01T17:18:57.119536+00:00,2,0,3799.9,0.363,8151.45,10,FAILED,0.5745,False,0.0
pay_100858,cust_01058,2464.28,INR,upi,account_blocked,2026-09-03T21:56:05.154737+00:00,1,0,642.8,0.844,141712.5,30,FAILED,0.0928,False,0.0
pay_100859,cust_01059,5977.52,INR,card,3ds_timeout,2026-09-04T01:09:20.920401+00:00,1,1,449.5,0.529,94270.8,25,RECOVERED,0.5355,True,5977.52
pay_100860,cust_01060,2644.66,INR,upi,authentication_failure,2026-09-02T07:44:19.251519+00:00,3,0,2934.6,0.75,32612.97,23,FAILED,0.6019,False,0.0
pay_100861,cust_01061,480.62,INR,upi,3ds_timeout,2026-09-02T15:19:27.216807+00:00,1,2,2479.4,0.852,63540.6,18,FAILED,0.4566,False,0.0
pay_100862,cust_01062,5108.97,INR,netbanking,network_failure,2026-09-03T13:27:11.751233+00:00,1,0,1151.7,0.896,23438.84,26,RECOVERED,0.8473,True,5108.97
pay_100863,cust_01063,3107.3,INR,upi,insufficient_funds,2026-09-03T18:48:57.374922+00:00,2,1,829.9,0.45,2185.29,3,FAILED,0.2536,False,0.0
pay_100864,cust_01064,989.69,INR,netbanking,authentication_failure,2026-09-04T03:41:29.109987+00:00,1,2,297.4,0.895,87468.9,17,RECOVERED,0.546,True,989.69
pay_100865,cust_01065,5012.74,INR,upi,network_failure,2026-09-03T12:14:15.000339+00:00,1,0,1224.6,0.908,56644.56,11,RECOVERED,0.95,True,5012.74
pay_100866,cust_01066,791.8,INR,card,temporary_bank_error,2026-09-04T08:00:02.345269+00:00,2,1,38.8,0.878,38147.6,12,FAILED,0.6191,False,0.0
pay_100867,cust_01067,5171.29,INR,card,3ds_timeout,2026-09-04T03:06:55.243125+00:00,1,0,332.0,0.969,155540.02,33,RECOVERED,0.9224,True,5171.29
pay_100868,cust_01068,3944.44,INR,emi,3ds_timeout,2026-09-04T03:45:53.062686+00:00,1,1,293.0,0.653,41420.94,17,RECOVERED,0.5758,True,3944.44
pay_100869,cust_01069,2587.76,INR,card,payment_method_issue,2026-09-03T03:29:20.162501+00:00,1,0,1749.5,0.577,25706.28,22,FAILED,0.5532,False,0.0
pay_100870,cust_01070,1381.69,INR,card,temporary_bank_error,2026-09-01T04:34:56.546345+00:00,2,2,4563.9,0.824,29454.4,39,FAILED,0.4483,False,0.0
pay_100871,cust_01071,768.45,INR,card,network_failure,2026-09-04T02:12:24.366585+00:00,1,0,386.5,0.422,17086.74,15,RECOVERED,0.7956,True,768.45
pay_100872,cust_01072,2797.72,INR,card,insufficient_funds,2026-09-04T04:50:34.248862+00:00,1,2,228.3,0.532,75846.8,20,FAILED,0.1253,False,0.0
pay_100873,cust_01073,1247.05,INR,card,authentication_failure,2026-09-02T22:54:31.926751+00:00,2,0,2024.3,0.967,140340.48,24,RECOVERED,0.7282,True,1247.05
pay_100874,cust_01074,352.22,INR,emi,temporary_bank_error,2026-09-04T00:15:53.076723+00:00,1,0,503.0,0.566,18279.7,10,RECOVERED,0.6782,True,352.22
pay_100875,cust_01075,562.92,INR,wallet,temporary_bank_error,2026-09-02T02:22:10.714216+00:00,2,1,3256.7,0.537,20315.67,7,RECOVERED,0.5291,True,562.92
pay_100876,cust_01076,3471.63,INR,upi,customer_abandonment,2026-09-03T18:10:25.189514+00:00,1,1,868.5,0.251,0.0,1,RECOVERED,0.0637,True,3471.63
pay_100877,cust_01077,773.1,INR,upi,temporary_bank_error,2026-09-04T06:18:17.040722+00:00,2,0,140.6,0.837,57017.7,18,RECOVERED,0.8884,True,773.1
pay_100878,cust_01078,1733.1,INR,netbanking,network_failure,2026-09-04T05:17:48.376735+00:00,1,0,201.1,0.683,40372.86,10,RECOVERED,0.792,True,1733.1
pay_100879,cust_01079,1352.67,INR,card,authentication_failure,2026-09-03T05:30:58.306250+00:00,1,0,1627.9,0.169,0.0,2,FAILED,0.6489,False,0.0
pay_100880,cust_01080,658.33,INR,upi,authentication_failure,2026-09-02T03:27:35.546560+00:00,2,1,3191.3,0.755,21368.0,14,RECOVERED,0.6,True,658.33
pay_100881,cust_01081,2982.94,INR,card,account_blocked,2026-08-31T02:52:26.504659+00:00,1,2,6106.4,0.208,6205.12,5,FAILED,0.01,False,0.0
pay_100882,cust_01082,3619.05,INR,upi,payment_method_issue,2026-09-01T22:48:17.462333+00:00,1,0,3470.6,0.456,5661.8,11,FAILED,0.4581,False,0.0
pay_100883,cust_01083,869.44,INR,upi,temporary_bank_error,2026-09-02T22:10:59.509335+00:00,1,0,2067.9,0.726,75493.2,14,FAILED,0.8956,False,0.0
pay_100884,cust_01084,2686.97,INR,upi,network_failure,2026-09-04T01:09:38.150442+00:00,2,0,449.2,0.91,143792.46,24,RECOVERED,0.9197,True,2686.97
pay_100885,cust_01085,6090.86,INR,upi,3ds_timeout,2026-09-04T07:57:47.931711+00:00,1,1,41.1,0.518,37755.97,15,RECOVERED,0.6679,True,6090.86
pay_100886,cust_01086,893.83,INR,netbanking,network_failure,2026-09-03T07:17:42.863959+00:00,1,0,1521.2,0.847,33379.5,36,RECOVERED,0.8443,True,893.83
pay_100887,cust_01087,975.48,INR,upi,insufficient_funds,2026-09-04T01:06:25.218838+00:00,2,1,452.5,0.919,99944.46,46,RECOVERED,0.3776,True,975.48
pay_100888,cust_01088,3951.99,INR,emi,insufficient_funds,2026-09-03T15:52:26.206957+00:00,3,0,1006.4,0.918,55635.0,22,RECOVERED,0.2652,True,3951.99
pay_100889,cust_01089,1240.01,INR,upi,payment_method_issue,2026-09-03T21:14:24.564359+00:00,1,0,684.5,0.483,32814.88,16,RECOVERED,0.5379,True,1240.01
pay_100890,cust_01090,779.33,INR,upi,account_blocked,2026-09-02T15:22:45.374788+00:00,1,0,2476.1,0.462,9096.45,8,FAILED,0.1185,False,0.0
pay_100891,cust_01091,2362.74,INR,wallet,authentication_failure,2026-09-02T12:13:12.025825+00:00,1,1,2665.7,0.494,0.0,2,RECOVERED,0.5265,True,2362.74
pay_100892,cust_01092,4524.27,INR,upi,temporary_bank_error,2026-09-03T08:18:26.848121+00:00,1,0,1460.4,0.924,178466.4,49,RECOVERED,0.9364,True,4524.27
pay_100893,cust_01093,3092.17,INR,emi,authentication_failure,2026-09-02T16:00:46.185618+00:00,2,0,2438.1,0.843,42524.64,20,RECOVERED,0.5655,True,3092.17
pay_100894,cust_01094,2800.14,INR,netbanking,temporary_bank_error,2026-09-03T10:23:50.134879+00:00,3,1,1335.0,0.848,93953.97,40,FAILED,0.5652,False,0.0
pay_100895,cust_01095,834.04,INR,upi,network_failure,2026-09-02T07:01:15.921080+00:00,3,0,2977.6,0.916,26852.54,25,RECOVERED,0.7272,True,834.04
pay_100896,cust_01096,3460.2,INR,upi,authentication_failure,2026-09-04T04:23:29.647073+00:00,2,0,255.4,0.92,117586.0,22,FAILED,0.8042,False,0.0
pay_100897,cust_01097,6333.17,INR,upi,network_failure,2026-09-04T08:09:49.319950+00:00,1,0,29.1,0.501,10090.2,13,RECOVERED,0.8488,True,6333.17
pay_100898,cust_01098,4998.14,INR,upi,temporary_bank_error,2026-09-03T02:15:42.276412+00:00,1,0,1823.2,0.974,96879.1,40,RECOVERED,0.7966,True,4998.14
pay_100899,cust_01099,982.54,INR,netbanking,authentication_failure,2026-09-04T02:58:02.539630+00:00,2,1,340.8,0.595,39861.0,17,RECOVERED,0.5419,True,982.54
pay_100900,cust_01100,4802.33,INR,upi,temporary_bank_error,2026-09-02T08:13:41.015660+00:00,1,1,2905.2,0.212,0.0,2,FAILED,0.5491,False,0.0
pay_100901,cust_01101,1160.51,INR,upi,3ds_timeout,2026-09-03T21:59:02.836395+00:00,1,0,639.8,0.937,21029.58,24,FAILED,0.7646,False,0.0
pay_100902,cust_01102,397.87,INR,card,insufficient_funds,2026-09-02T17:55:22.867962+00:00,1,0,2323.5,0.669,37637.04,9,FAILED,0.3245,False,0.0
pay_100903,cust_01103,3327.11,INR,card,network_failure,2026-09-03T17:41:01.856295+00:00,2,0,897.8,0.737,37427.6,11,RECOVERED,0.8446,True,3327.11
pay_100904,cust_01104,1637.8,INR,wallet,authentication_failure,2026-09-03T08:41:07.663093+00:00,1,1,1437.7,0.49,1509.34,4,RECOVERED,0.6149,True,1637.8
pay_100905,cust_01105,1552.72,INR,upi,3ds_timeout,2026-09-03T18:26:08.976113+00:00,2,0,852.7,0.854,141059.88,43,FAILED,0.7329,False,0.0
pay_100906,cust_01106,1270.97,INR,upi,customer_abandonment,2026-09-03T02:54:14.339916+00:00,1,1,1784.6,0.554,25168.32,23,FAILED,0.1183,False,0.0
pay_100907,cust_01107,1007.34,INR,emi,3ds_timeout,2026-09-04T00:34:58.762032+00:00,1,0,483.9,0.717,11837.8,15,RECOVERED,0.7126,True,1007.34
pay_100908,cust_01108,2934.25,INR,upi,3ds_timeout,2026-09-02T20:39:11.214969+00:00,1,0,2159.7,0.424,12806.48,7,FAILED,0.6446,False,0.0
pay_100909,cust_01109,3980.45,INR,upi,temporary_bank_error,2026-09-04T01:47:53.773939+00:00,1,0,411.0,0.858,113759.0,24,FAILED,0.932,False,0.0
pay_100910,cust_01110,6482.28,INR,card,network_failure,2026-09-04T02:05:34.976935+00:00,1,0,393.3,0.888,166765.48,32,RECOVERED,0.8942,True,6482.28
pay_100911,cust_01111,629.62,INR,upi,insufficient_funds,2026-08-31T23:46:05.782302+00:00,1,0,4852.8,0.905,178371.45,41,FAILED,0.462,False,0.0
pay_100912,cust_01112,4277.16,INR,upi,network_failure,2026-09-02T19:10:58.223885+00:00,1,2,2247.9,0.926,54920.04,16,RECOVERED,0.673,True,4277.16
pay_100913,cust_01113,2210.67,INR,upi,temporary_bank_error,2026-09-02T21:24:13.278167+00:00,1,2,2114.7,0.198,7761.73,8,RECOVERED,0.4037,True,2210.67
pay_100914,cust_01114,3171.28,INR,upi,payment_method_issue,2026-09-03T16:46:26.564583+00:00,2,0,952.4,0.774,31234.39,15,FAILED,0.5456,False,0.0
pay_100915,cust_01115,1228.22,INR,netbanking,insufficient_funds,2026-09-04T00:27:24.618952+00:00,1,1,491.5,0.587,8802.54,16,RECOVERED,0.2841,True,1228.22
pay_100916,cust_01116,13503.41,INR,card,network_failure,2026-09-01T03:10:25.688596+00:00,1,1,4648.4,0.68,5363.98,2,RECOVERED,0.6372,True,13503.41
pay_100917,cust_01117,3562.66,INR,card,insufficient_funds,2026-09-04T08:19:37.263352+00:00,2,0,19.3,0.833,148353.85,36,FAILED,0.444,False,0.0
pay_100918,cust_01118,1872.94,INR,upi,3ds_timeout,2026-09-03T15:51:26.243601+00:00,1,0,1007.4,0.816,157258.92,49,FAILED,0.7085,False,0.0
pay_100919,cust_01119,771.88,INR,card,network_failure,2026-09-02T07:14:11.064647+00:00,2,2,2964.7,0.506,4552.34,2,RECOVERED,0.4057,True,771.88
pay_100920,cust_01120,1061.35,INR,card,temporary_bank_error,2026-09-02T17:34:26.523850+00:00,1,2,2344.4,0.27,0.0,3,RECOVERED,0.3921,True,1061.35
pay_100921,cust_01121,2000.79,INR,card,payment_method_issue,2026-09-04T05:14:14.494138+00:00,1,0,204.6,0.733,22903.56,9,RECOVERED,0.6016,True,2000.79
pay_100922,cust_01122,997.64,INR,upi,insufficient_funds,2026-09-02T10:06:42.038124+00:00,1,0,2792.2,0.952,19416.88,9,RECOVERED,0.542,True,997.64
pay_100923,cust_01123,1654.52,INR,netbanking,network_failure,2026-09-03T02:05:49.199765+00:00,1,0,1833.1,0.496,33742.8,11,RECOVERED,0.7071,True,1654.52
pay_100924,cust_01124,603.17,INR,netbanking,network_failure,2026-09-03T08:10:53.128657+00:00,1,2,1468.0,0.861,100094.72,26,RECOVERED,0.6211,True,603.17
pay_100925,cust_01125,3420.55,INR,upi,insufficient_funds,2026-09-03T11:02:21.646389+00:00,1,0,1296.5,0.733,28217.04,9,RECOVERED,0.5267,True,3420.55
pay_100926,cust_01126,775.54,INR,card,payment_method_issue,2026-09-04T05:57:51.033331+00:00,2,0,161.0,0.859,78547.44,29,RECOVERED,0.5342,True,775.54
pay_100927,cust_01127,3349.18,INR,card,temporary_bank_error,2026-09-02T11:24:10.128675+00:00,1,0,2714.7,0.886,63281.43,11,RECOVERED,0.8,True,3349.18
pay_100928,cust_01128,831.96,INR,netbanking,insufficient_funds,2026-09-03T20:14:48.742056+00:00,2,1,744.1,0.783,279672.12,46,FAILED,0.1144,False,0.0
pay_100929,cust_01129,18109.18,INR,upi,payment_method_issue,2026-09-03T16:39:09.293715+00:00,1,1,959.7,0.535,13717.18,4,FAILED,0.412,False,0.0
pay_100930,cust_01130,1615.69,INR,wallet,temporary_bank_error,2026-09-04T04:12:32.234318+00:00,1,0,266.3,0.658,6917.04,19,RECOVERED,0.8226,True,1615.69
pay_100931,cust_01131,2948.19,INR,card,temporary_bank_error,2026-09-03T18:25:02.007575+00:00,1,1,853.8,0.304,15666.4,7,RECOVERED,0.4862,True,2948.19
pay_100932,cust_01132,654.35,INR,upi,authentication_failure,2026-09-02T22:26:42.168414+00:00,1,0,2052.2,0.066,0.0,1,RECOVERED,0.5892,True,654.35
pay_100933,cust_01133,6259.43,INR,upi,authentication_failure,2026-09-04T03:08:33.407076+00:00,1,2,330.3,0.88,22524.18,16,FAILED,0.6091,False,0.0
pay_100934,cust_01134,2555.18,INR,upi,payment_method_issue,2026-09-03T23:25:09.585925+00:00,2,0,553.7,0.569,15422.11,20,RECOVERED,0.4898,True,2555.18
pay_100935,cust_01135,1760.5,INR,card,network_failure,2026-09-04T03:24:45.897675+00:00,2,0,314.1,0.752,180982.75,34,FAILED,0.7982,False,0.0
pay_100936,cust_01136,1900.52,INR,wallet,authentication_failure,2026-09-04T01:06:11.914565+00:00,2,0,452.7,0.386,5219.83,5,FAILED,0.6535,False,0.0
pay_100937,cust_01137,4003.88,INR,upi,network_failure,2026-09-04T08:33:13.234931+00:00,1,0,5.7,0.468,41224.08,14,FAILED,0.8128,False,0.0
pay_100938,cust_01138,3198.01,INR,card,temporary_bank_error,2026-09-04T04:42:42.205569+00:00,1,1,236.2,0.818,102931.2,49,RECOVERED,0.7531,True,3198.01
pay_100939,cust_01139,5888.06,INR,card,network_failure,2026-09-04T08:12:40.528127+00:00,1,1,26.2,0.665,7311.75,3,RECOVERED,0.7026,True,5888.06
pay_100940,cust_01140,3458.09,INR,card,payment_method_issue,2026-09-03T17:34:27.962108+00:00,1,0,904.4,0.52,19404.22,22,RECOVERED,0.5017,True,3458.09
pay_100941,cust_01141,1274.78,INR,card,authentication_failure,2026-09-03T09:06:07.703768+00:00,1,0,1412.7,0.707,9053.25,22,FAILED,0.7847,False,0.0
pay_100942,cust_01142,5142.29,INR,upi,network_failure,2026-09-04T03:40:08.696865+00:00,1,2,298.7,0.431,11262.96,11,RECOVERED,0.6552,True,5142.29
pay_100943,cust_01143,4010.2,INR,upi,insufficient_funds,2026-09-04T04:36:42.950894+00:00,2,1,242.2,0.698,39488.04,13,FAILED,0.344,False,0.0
pay_100944,cust_01144,1153.31,INR,upi,authentication_failure,2026-09-03T20:05:23.738820+00:00,1,1,753.5,0.371,6048.51,5,FAILED,0.5503,False,0.0
pay_100945,cust_01145,2247.44,INR,upi,insufficient_funds,2026-09-03T15:25:56.507209+00:00,2,0,1032.9,0.098,0.0,4,FAILED,0.2383,False,0.0
pay_100946,cust_01146,738.31,INR,upi,temporary_bank_error,2026-09-03T11:02:38.404703+00:00,2,1,1296.2,0.841,75337.37,21,RECOVERED,0.6845,True,738.31
pay_100947,cust_01147,1158.52,INR,upi,network_failure,2026-09-03T03:57:25.743079+00:00,1,0,1721.4,0.939,29490.76,28,RECOVERED,0.95,True,1158.52
pay_100948,cust_01148,1010.39,INR,upi,insufficient_funds,2026-09-04T03:00:41.897081+00:00,1,0,338.2,0.591,24054.36,21,RECOVERED,0.5094,True,1010.39
pay_100949,cust_01149,1077.7,INR,wallet,3ds_timeout,2026-09-04T06:22:24.215807+00:00,1,0,136.5,0.44,7586.21,3,FAILED,0.7821,False,0.0
pay_100950,cust_01150,1035.19,INR,upi,network_failure,2026-09-03T16:10:44.577693+00:00,1,0,988.1,0.874,94826.5,29,RECOVERED,0.8968,True,1035.19
pay_100951,cust_01151,517.6,INR,netbanking,payment_method_issue,2026-09-04T04:39:03.204260+00:00,1,0,239.8,0.623,50405.2,17,FAILED,0.4676,False,0.0
pay_100952,cust_01152,878.38,INR,netbanking,3ds_timeout,2026-09-04T03:34:45.416965+00:00,2,0,304.1,0.852,117078.49,20,RECOVERED,0.6823,True,878.38
pay_100953,cust_01153,2475.69,INR,upi,account_blocked,2026-09-02T20:14:03.526009+00:00,3,0,2184.8,0.269,0.0,1,FAILED,0.01,False,0.0
pay_100954,cust_01154,3872.64,INR,card,network_failure,2026-09-03T21:13:30.659330+00:00,1,1,685.4,0.618,93329.04,21,FAILED,0.7021,False,0.0
pay_100955,cust_01155,5889.29,INR,netbanking,insufficient_funds,2026-09-01T20:05:33.225225+00:00,1,1,3633.3,0.318,828.3,4,FAILED,0.2029,False,0.0
pay_100956,cust_01156,7562.72,INR,netbanking,3ds_timeout,2026-09-04T04:16:07.353218+00:00,2,0,262.8,0.479,12745.12,6,FAILED,0.5996,False,0.0
pay_100957,cust_01157,1395.72,INR,card,network_failure,2026-09-03T22:46:01.561172+00:00,2,0,592.8,0.234,0.0,3,RECOVERED,0.654,True,1395.72
pay_100958,cust_01158,4804.16,INR,card,3ds_timeout,2026-09-02T13:12:57.242066+00:00,1,0,2605.9,0.481,2107.55,12,RECOVERED,0.5618,True,4804.16
pay_100959,cust_01159,2003.23,INR,emi,network_failure,2026-09-03T23:58:56.498800+00:00,2,0,519.9,0.922,120055.04,35,RECOVERED,0.8381,True,2003.23
pay_100960,cust_01160,3196.49,INR,upi,authentication_failure,2026-09-03T11:11:55.626907+00:00,1,0,1286.9,0.801,22186.85,44,RECOVERED,0.837,True,3196.49
pay_100961,cust_01161,1105.64,INR,netbanking,network_failure,2026-09-02T14:33:32.760032+00:00,2,0,2525.3,0.071,0.0,8,RECOVERED,0.466,True,1105.64
pay_100962,cust_01162,3759.1,INR,upi,authentication_failure,2026-09-02T08:05:57.496861+00:00,1,0,2912.9,0.551,5560.52,4,RECOVERED,0.7554,True,3759.1
pay_100963,cust_01163,1917.51,INR,upi,temporary_bank_error,2026-09-01T07:55:08.173573+00:00,1,0,4363.7,0.599,39255.02,24,RECOVERED,0.7275,True,1917.51
pay_100964,cust_01164,1182.58,INR,card,temporary_bank_error,2026-09-02T19:59:15.930927+00:00,1,0,2199.6,0.849,48420.59,49,RECOVERED,0.7989,True,1182.58
pay_100965,cust_01165,6788.59,INR,upi,temporary_bank_error,2026-09-03T21:19:19.406641+00:00,1,0,679.6,0.803,133422.6,26,RECOVERED,0.8929,True,6788.59
pay_100966,cust_01166,6019.6,INR,upi,authentication_failure,2026-09-03T05:59:13.359598+00:00,1,0,1599.7,0.903,191066.5,28,RECOVERED,0.8668,True,6019.6
pay_100967,cust_01167,2513.47,INR,card,authentication_failure,2026-09-03T07:36:28.811616+00:00,1,0,1502.4,0.772,137563.02,28,RECOVERED,0.7765,True,2513.47
pay_100968,cust_01168,2331.06,INR,card,temporary_bank_error,2026-09-04T06:36:29.747315+00:00,1,0,122.4,0.904,84635.88,31,RECOVERED,0.95,True,2331.06
pay_100969,cust_01169,1822.85,INR,card,network_failure,2026-09-04T07:43:44.189374+00:00,1,0,55.1,0.52,42070.8,20,RECOVERED,0.8468,True,1822.85
pay_100970,cust_01170,3530.27,INR,upi,payment_method_issue,2026-09-04T04:13:36.943002+00:00,1,0,265.3,0.519,28171.98,19,RECOVERED,0.6928,True,3530.27
pay_100971,cust_01171,475.08,INR,upi,3ds_timeout,2026-09-03T07:23:07.600114+00:00,1,1,1515.7,0.731,75367.65,21,FAILED,0.6448,False,0.0
pay_100972,cust_01172,1110.55,INR,upi,account_blocked,2026-09-03T10:52:49.319933+00:00,1,0,1306.1,0.491,7212.54,7,FAILED,0.0584,False,0.0
pay_100973,cust_01173,2012.29,INR,upi,authentication_failure,2026-09-01T19:47:52.938203+00:00,2,0,3651.0,0.95,203738.9,41,FAILED,0.723,False,0.0
pay_100974,cust_01174,371.0,INR,wallet,3ds_timeout,2026-09-04T07:02:14.918285+00:00,1,1,96.6,0.872,88317.75,29,RECOVERED,0.7902,True,371.0
pay_100975,cust_01175,1722.03,INR,card,authentication_failure,2026-09-03T22:03:28.129354+00:00,1,0,635.4,0.664,63581.96,20,RECOVERED,0.7167,True,1722.03
pay_100976,cust_01176,5599.66,INR,card,temporary_bank_error,2026-09-01T14:51:11.421481+00:00,1,0,3947.7,0.769,134923.25,33,FAILED,0.7264,False,0.0
pay_100977,cust_01177,3586.03,INR,emi,insufficient_funds,2026-09-03T10:37:29.341094+00:00,1,0,1321.4,0.924,32536.13,12,RECOVERED,0.4821,True,3586.03
pay_100978,cust_01178,11476.72,INR,card,payment_method_issue,2026-09-04T00:46:17.659924+00:00,1,0,472.6,0.903,11987.94,7,RECOVERED,0.6019,True,11476.72
pay_100979,cust_01179,1743.57,INR,netbanking,3ds_timeout,2026-08-30T16:31:45.994637+00:00,2,0,6727.1,0.799,61840.4,13,FAILED,0.4818,False,0.0
pay_100980,cust_01180,380.09,INR,upi,insufficient_funds,2026-09-03T04:59:01.334912+00:00,3,1,1659.9,0.849,35503.6,13,RECOVERED,0.2558,True,380.09
pay_100981,cust_01181,2626.29,INR,upi,insufficient_funds,2026-09-03T23:04:10.544283+00:00,1,0,574.7,0.425,6257.3,25,FAILED,0.4267,False,0.0
pay_100982,cust_01182,3524.46,INR,upi,temporary_bank_error,2026-09-02T10:02:30.383896+00:00,2,0,2796.4,0.882,230079.96,50,RECOVERED,0.7693,True,3524.46
pay_100983,cust_01183,1528.14,INR,upi,insufficient_funds,2026-09-02T22:12:10.397620+00:00,1,0,2066.7,0.108,3842.75,10,FAILED,0.2743,False,0.0
pay_100984,cust_01184,1965.6,INR,upi,temporary_bank_error,2026-09-03T18:54:00.281124+00:00,1,0,824.9,0.885,29884.14,38,RECOVERED,0.9257,True,1965.6
pay_100985,cust_01185,3253.94,INR,card,customer_abandonment,2026-09-02T05:25:56.129863+00:00,3,0,3072.9,0.789,150099.07,37,FAILED,0.0742,False,0.0
pay_100986,cust_01186,2611.16,INR,card,network_failure,2026-09-04T05:24:42.926526+00:00,3,1,194.2,0.97,289334.32,46,RECOVERED,0.7146,True,2611.16
pay_100987,cust_01187,4294.27,INR,emi,authentication_failure,2026-09-04T07:04:14.751264+00:00,1,0,94.6,0.889,35208.8,46,RECOVERED,0.8963,True,4294.27
pay_100988,cust_01188,465.63,INR,wallet,network_failure,2026-09-03T09:42:46.306646+00:00,3,0,1376.1,0.963,204790.56,41,RECOVERED,0.7475,True,465.63
pay_100989,cust_01189,1822.4,INR,upi,3ds_timeout,2026-09-01T09:19:26.320665+00:00,1,0,4279.4,0.766,129041.75,33,RECOVERED,0.694,True,1822.4
pay_100990,cust_01190,1081.94,INR,wallet,payment_method_issue,2026-09-03T06:54:02.692206+00:00,2,0,1544.8,0.821,15918.66,33,FAILED,0.5248,False,0.0
pay_100991,cust_01191,2437.33,INR,card,customer_abandonment,2026-09-03T15:10:32.233988+00:00,3,0,1048.3,0.732,10071.12,4,FAILED,0.1272,False,0.0
pay_100992,cust_01192,846.45,INR,card,authentication_failure,2026-09-03T09:15:45.630234+00:00,3,0,1403.1,0.932,22577.7,7,RECOVERED,0.6826,True,846.45
pay_100993,cust_01193,1935.43,INR,wallet,temporary_bank_error,2026-09-03T19:23:34.271386+00:00,1,1,795.3,0.57,3769.03,3,FAILED,0.6051,False,0.0
pay_100994,cust_01194,563.44,INR,upi,network_failure,2026-08-31T23:28:45.392113+00:00,1,0,4870.1,0.413,33036.66,24,RECOVERED,0.7072,True,563.44
pay_100995,cust_01195,1626.04,INR,upi,payment_method_issue,2026-09-04T03:15:25.826302+00:00,1,0,323.4,0.836,62379.09,23,RECOVERED,0.6594,True,1626.04
pay_100996,cust_01196,1605.22,INR,upi,payment_method_issue,2026-09-02T21:13:17.198217+00:00,1,0,2125.6,0.62,5677.24,4,FAILED,0.5544,False,0.0
pay_100997,cust_01197,2832.19,INR,upi,payment_method_issue,2026-09-02T11:49:29.115477+00:00,2,0,2689.4,0.946,280970.0,43,FAILED,0.5874,False,0.0
pay_100998,cust_01198,563.53,INR,netbanking,payment_method_issue,2026-08-31T09:49:41.178384+00:00,1,0,5689.2,0.83,215775.4,46,FAILED,0.4498,False,0.0
pay_100999,cust_01199,1148.39,INR,netbanking,network_failure,2026-09-04T06:59:32.096341+00:00,1,0,99.3,0.837,137791.92,26,FAILED,0.8514,False,0.0
pay_101000,cust_01200,4569.25,INR,card,insufficient_funds,2026-09-01T18:05:47.996486+00:00,1,0,3753.1,0.833,61600.21,28,FAILED,0.4286,False,0.0
pay_101001,cust_01201,1809.08,INR,card,insufficient_funds,2026-09-03T17:51:43.252391+00:00,1,0,887.2,0.782,18043.2,9,RECOVERED,0.4787,True,1809.08
pay_101002,cust_01202,3024.44,INR,emi,temporary_bank_error,2026-09-03T16:15:34.012384+00:00,3,0,983.3,0.827,47126.88,44,RECOVERED,0.6121,True,3024.44
pay_101003,cust_01203,2230.28,INR,upi,temporary_bank_error,2026-09-03T22:53:20.241420+00:00,1,0,585.5,0.662,23412.44,7,RECOVERED,0.95,True,2230.28
pay_101004,cust_01204,1856.47,INR,netbanking,3ds_timeout,2026-09-03T21:42:00.384259+00:00,1,1,656.9,0.258,4203.64,8,FAILED,0.4558,False,0.0
pay_101005,cust_01205,1082.58,INR,upi,authentication_failure,2026-09-04T04:36:37.291683+00:00,1,0,242.3,0.968,119503.14,33,RECOVERED,0.8867,True,1082.58
pay_101006,cust_01206,3101.83,INR,upi,temporary_bank_error,2026-09-03T12:49:44.229790+00:00,3,0,1189.1,0.972,103515.2,17,RECOVERED,0.842,True,3101.83
pay_101007,cust_01207,2380.17,INR,wallet,temporary_bank_error,2026-09-03T21:32:25.160451+00:00,1,0,666.5,0.697,97422.78,19,RECOVERED,0.819,True,2380.17
pay_101008,cust_01208,1487.49,INR,card,temporary_bank_error,2026-09-03T17:22:44.613021+00:00,1,1,916.1,0.787,181771.5,33,RECOVERED,0.7079,True,1487.49
pay_101009,cust_01209,3117.6,INR,card,temporary_bank_error,2026-09-03T21:01:08.253737+00:00,1,0,697.7,0.125,7111.65,8,FAILED,0.626,False,0.0
pay_101010,cust_01210,1015.21,INR,upi,temporary_bank_error,2026-09-01T19:48:08.638541+00:00,1,2,3650.7,0.804,25494.64,10,FAILED,0.58,False,0.0
pay_101011,cust_01211,13431.67,INR,upi,payment_method_issue,2026-09-03T14:52:03.951758+00:00,1,0,1066.8,0.784,12544.85,7,RECOVERED,0.6592,True,13431.67
pay_101012,cust_01212,2177.07,INR,wallet,temporary_bank_error,2026-09-02T07:46:01.777307+00:00,2,1,2932.8,0.751,3124.31,10,FAILED,0.5409,False,0.0
pay_101013,cust_01213,2521.91,INR,upi,temporary_bank_error,2026-09-03T15:55:50.415221+00:00,2,0,1003.0,0.257,1156.14,7,FAILED,0.6307,False,0.0
pay_101014,cust_01214,1669.23,INR,card,authentication_failure,2026-09-02T15:42:37.193767+00:00,2,0,2456.3,0.847,141331.49,44,RECOVERED,0.6651,True,1669.23
pay_101015,cust_01215,3229.78,INR,card,3ds_timeout,2026-09-03T19:54:08.993158+00:00,1,0,764.7,0.895,77865.12,41,RECOVERED,0.8502,True,3229.78
pay_101016,cust_01216,2556.17,INR,card,temporary_bank_error,2026-09-01T23:40:42.852772+00:00,2,1,3418.2,0.482,12196.24,15,FAILED,0.5509,False,0.0
pay_101017,cust_01217,1841.63,INR,netbanking,payment_method_issue,2026-09-03T16:16:13.152122+00:00,1,0,982.7,0.235,9133.94,9,RECOVERED,0.3525,True,1841.63
pay_101018,cust_01218,1236.63,INR,netbanking,insufficient_funds,2026-09-03T04:52:08.943606+00:00,2,1,1666.7,0.734,42380.38,10,RECOVERED,0.1567,True,1236.63
pay_101019,cust_01219,922.76,INR,upi,temporary_bank_error,2026-09-04T01:42:19.288314+00:00,1,0,416.6,0.901,56165.04,11,RECOVERED,0.9134,True,922.76
pay_101020,cust_01220,1436.57,INR,card,temporary_bank_error,2026-09-03T22:25:47.858775+00:00,2,1,613.1,0.937,93715.3,16,FAILED,0.6455,False,0.0
pay_101021,cust_01221,2484.77,INR,upi,payment_method_issue,2026-09-04T04:41:29.297492+00:00,1,0,237.4,0.781,244790.13,50,RECOVERED,0.6647,True,2484.77
pay_101022,cust_01222,4787.13,INR,upi,network_failure,2026-09-04T05:15:30.263374+00:00,3,0,203.4,0.796,13650.45,7,FAILED,0.7706,False,0.0
pay_101023,cust_01223,686.3,INR,card,authentication_failure,2026-09-03T07:04:35.375858+00:00,1,0,1534.3,0.758,60231.0,46,RECOVERED,0.8042,True,686.3
pay_101024,cust_01224,1439.66,INR,card,network_failure,2026-09-03T21:27:27.406808+00:00,1,2,671.4,0.779,76955.13,28,RECOVERED,0.6376,True,1439.66
pay_101025,cust_01225,1074.17,INR,netbanking,network_failure,2026-09-03T05:31:21.436385+00:00,1,0,1627.5,0.793,156975.34,49,RECOVERED,0.8148,True,1074.17
pay_101026,cust_01226,7295.62,INR,card,temporary_bank_error,2026-09-02T16:56:02.782657+00:00,1,0,2382.8,0.889,63002.1,16,RECOVERED,0.827,True,7295.62
pay_101027,cust_01227,7037.35,INR,upi,temporary_bank_error,2026-09-03T17:53:18.540157+00:00,2,0,885.6,0.504,58260.0,21,FAILED,0.7424,False,0.0
pay_101028,cust_01228,2129.53,INR,card,insufficient_funds,2026-09-04T06:09:28.688755+00:00,1,0,149.4,0.917,120824.64,27,RECOVERED,0.572,True,2129.53
pay_101029,cust_01229,3969.2,INR,netbanking,temporary_bank_error,2026-09-04T06:24:06.655130+00:00,1,2,134.8,0.897,106269.0,28,RECOVERED,0.598,True,3969.2
pay_101030,cust_01230,1088.79,INR,netbanking,network_failure,2026-09-02T14:27:36.023726+00:00,2,0,2531.3,0.549,2453.1,6,RECOVERED,0.6077,True,1088.79
pay_101031,cust_01231,1049.35,INR,upi,network_failure,2026-09-01T02:27:01.086769+00:00,1,1,4691.9,0.785,190148.5,33,FAILED,0.6698,False,0.0
pay_101032,cust_01232,597.03,INR,wallet,temporary_bank_error,2026-09-04T04:26:06.999684+00:00,1,1,252.8,0.834,106032.4,25,RECOVERED,0.7438,True,597.03
pay_101033,cust_01233,4756.93,INR,card,account_blocked,2026-09-03T05:21:48.677658+00:00,1,0,1637.1,0.839,39823.08,40,FAILED,0.1217,False,0.0
pay_101034,cust_01234,2923.31,INR,upi,network_failure,2026-09-04T08:33:52.447543+00:00,1,1,5.0,0.147,1841.37,8,RECOVERED,0.5541,True,2923.31
pay_101035,cust_01235,2452.68,INR,emi,temporary_bank_error,2026-09-04T00:44:55.071121+00:00,1,1,474.0,0.914,58868.55,10,RECOVERED,0.7378,True,2452.68
pay_101036,cust_01236,1326.07,INR,netbanking,insufficient_funds,2026-08-31T16:01:51.477761+00:00,1,0,5317.0,0.817,130254.31,24,FAILED,0.3496,False,0.0
pay_101037,cust_01237,1513.61,INR,upi,insufficient_funds,2026-09-03T08:23:11.408246+00:00,1,0,1455.7,0.977,25474.44,13,RECOVERED,0.6067,True,1513.61
pay_101038,cust_01238,512.08,INR,card,authentication_failure,2026-08-30T19:47:33.237711+00:00,1,0,6531.3,0.858,44174.16,40,RECOVERED,0.6185,True,512.08
pay_101039,cust_01239,1603.84,INR,card,temporary_bank_error,2026-09-03T01:17:28.827568+00:00,1,0,1881.4,0.294,6926.24,9,FAILED,0.5831,False,0.0
pay_101040,cust_01240,2284.85,INR,netbanking,temporary_bank_error,2026-09-03T20:26:55.894675+00:00,2,0,731.9,0.823,26353.6,9,RECOVERED,0.7801,True,2284.85
pay_101041,cust_01241,470.77,INR,emi,temporary_bank_error,2026-09-04T06:10:16.819689+00:00,1,2,148.6,0.462,7262.32,6,FAILED,0.4151,False,0.0
pay_101042,cust_01242,1716.1,INR,upi,payment_method_issue,2026-09-03T00:21:59.684780+00:00,1,0,1936.9,0.788,142452.12,25,RECOVERED,0.5507,True,1716.1
pay_101043,cust_01243,739.67,INR,netbanking,network_failure,2026-09-04T08:20:17.493880+00:00,1,0,18.6,0.485,76639.1,22,FAILED,0.7299,False,0.0
pay_101044,cust_01244,831.33,INR,upi,customer_abandonment,2026-09-02T09:32:46.488599+00:00,1,2,2826.1,0.432,14386.5,22,FAILED,0.01,False,0.0
pay_101045,cust_01245,15640.14,INR,emi,customer_abandonment,2026-09-04T02:49:47.847407+00:00,1,2,349.1,0.707,54299.84,12,FAILED,0.01,False,0.0
pay_101046,cust_01246,1249.96,INR,card,temporary_bank_error,2026-09-01T16:17:24.797567+00:00,1,2,3861.5,0.898,84162.6,41,RECOVERED,0.5035,True,1249.96
pay_101047,cust_01247,3919.96,INR,wallet,network_failure,2026-09-03T21:41:12.473127+00:00,1,2,657.7,0.41,40508.55,22,FAILED,0.52,False,0.0
pay_101048,cust_01248,689.13,INR,card,network_failure,2026-09-04T02:28:33.476917+00:00,1,1,370.3,0.767,9103.32,8,FAILED,0.6631,False,0.0
pay_101049,cust_01249,2169.58,INR,upi,temporary_bank_error,2026-09-03T08:55:04.403966+00:00,1,0,1423.8,0.783,107590.86,50,RECOVERED,0.8688,True,2169.58
pay_101050,cust_01250,2420.43,INR,upi,insufficient_funds,2026-09-01T04:41:55.735413+00:00,2,1,4556.9,0.774,58377.6,20,FAILED,0.2961,False,0.0
pay_101051,cust_01251,439.57,INR,upi,network_failure,2026-09-03T11:56:16.087192+00:00,1,0,1242.6,0.817,159943.38,29,FAILED,0.9294,False,0.0
pay_101052,cust_01252,1011.07,INR,card,temporary_bank_error,2026-09-02T10:08:59.135112+00:00,1,0,2789.9,0.295,6176.03,4,RECOVERED,0.6392,True,1011.07
pay_101053,cust_01253,1311.3,INR,netbanking,temporary_bank_error,2026-09-02T21:39:45.524291+00:00,1,0,2099.1,0.569,15156.58,4,RECOVERED,0.6781,True,1311.3
pay_101054,cust_01254,1471.5,INR,wallet,customer_abandonment,2026-09-04T03:05:07.476261+00:00,1,0,333.7,0.761,69881.73,23,FAILED,0.2361,False,0.0
pay_101055,cust_01255,2053.13,INR,card,insufficient_funds,2026-09-01T16:49:25.742366+00:00,1,1,3829.4,0.547,29509.05,10,FAILED,0.209,False,0.0
pay_101056,cust_01256,4320.5,INR,netbanking,network_failure,2026-09-03T23:23:23.640714+00:00,3,0,555.5,0.879,109435.68,28,RECOVERED,0.7167,True,4320.5
pay_101057,cust_01257,1154.2,INR,upi,3ds_timeout,2026-09-04T01:20:23.375896+00:00,1,0,438.5,0.495,55390.7,21,RECOVERED,0.7309,True,1154.2
pay_101058,cust_01258,3464.58,INR,netbanking,authentication_failure,2026-09-03T19:44:11.380375+00:00,1,0,774.7,0.977,293666.1,40,FAILED,0.8031,False,0.0
pay_101059,cust_01259,1234.53,INR,upi,network_failure,2026-09-03T21:11:58.516102+00:00,1,0,686.9,0.759,6775.9,7,FAILED,0.8972,False,0.0
pay_101060,cust_01260,678.7,INR,wallet,network_failure,2026-09-04T02:58:55.827873+00:00,1,1,339.9,0.889,44041.92,37,RECOVERED,0.8755,True,678.7
pay_101061,cust_01261,1403.21,INR,upi,3ds_timeout,2026-09-03T03:54:23.100570+00:00,1,0,1724.5,0.301,4871.68,5,RECOVERED,0.6658,True,1403.21
pay_101062,cust_01262,1208.43,INR,upi,network_failure,2026-09-01T09:51:52.902651+00:00,1,0,4247.0,0.879,197438.1,35,RECOVERED,0.8087,True,1208.43
pay_101063,cust_01263,4779.77,INR,card,temporary_bank_error,2026-09-02T16:32:25.800529+00:00,1,0,2406.4,0.248,0.0,1,FAILED,0.6101,False,0.0
pay_101064,cust_01264,1538.65,INR,card,payment_method_issue,2026-09-04T05:07:31.962807+00:00,1,0,211.3,0.762,41936.44,35,RECOVERED,0.5985,True,1538.65
pay_101065,cust_01265,1744.32,INR,upi,network_failure,2026-09-02T15:34:22.230731+00:00,1,1,2464.5,0.482,68410.62,20,RECOVERED,0.7128,True,1744.32
pay_101066,cust_01266,9584.19,INR,card,customer_abandonment,2026-09-03T14:27:31.821145+00:00,3,1,1091.3,0.785,71058.86,49,FAILED,0.0225,False,0.0
pay_101067,cust_01267,2224.6,INR,upi,network_failure,2026-09-02T12:16:46.847912+00:00,1,1,2662.1,0.65,5734.47,3,RECOVERED,0.7085,True,2224.6
pay_101068,cust_01268,1475.85,INR,upi,3ds_timeout,2026-09-04T07:08:43.605629+00:00,1,0,90.1,0.213,2715.9,7,RECOVERED,0.7645,True,1475.85
pay_101069,cust_01269,345.33,INR,card,insufficient_funds,2026-09-02T21:14:44.213810+00:00,1,0,2124.1,0.905,225899.64,48,RECOVERED,0.5544,True,345.33
pay_101070,cust_01270,2280.89,INR,wallet,insufficient_funds,2026-09-02T12:16:57.818663+00:00,1,0,2661.9,0.145,0.0,5,FAILED,0.2488,False,0.0
pay_101071,cust_01271,861.8,INR,upi,network_failure,2026-09-01T10:11:33.760144+00:00,2,0,4227.3,0.566,26872.02,17,RECOVERED,0.5897,True,861.8
pay_101072,cust_01272,1666.22,INR,wallet,authentication_failure,2026-09-03T06:15:16.339114+00:00,1,2,1583.6,0.529,46210.57,14,RECOVERED,0.462,True,1666.22
pay_101073,cust_01273,5200.06,INR,upi,network_failure,2026-09-02T13:56:39.882897+00:00,1,0,2562.2,0.077,0.0,8,FAILED,0.613,False,0.0
pay_101074,cust_01274,741.26,INR,card,network_failure,2026-09-04T02:01:19.526781+00:00,1,0,397.5,0.879,25783.0,22,RECOVERED,0.8598,True,741.26
pay_101075,cust_01275,3650.92,INR,upi,network_failure,2026-09-03T15:48:24.646145+00:00,1,0,1010.5,0.904,69280.78,38,RECOVERED,0.9279,True,3650.92
pay_101076,cust_01276,1731.25,INR,upi,payment_method_issue,2026-09-03T13:26:48.696176+00:00,1,0,1152.1,0.859,255630.9,48,FAILED,0.6425,False,0.0
pay_101077,cust_01277,1757.53,INR,upi,account_blocked,2026-09-03T21:02:23.676067+00:00,1,1,696.5,0.699,43739.85,17,FAILED,0.0873,False,0.0
pay_101078,cust_01278,745.5,INR,card,authentication_failure,2026-09-03T18:29:07.546337+00:00,1,0,849.7,0.764,37258.9,10,RECOVERED,0.8381,True,745.5
pay_101079,cust_01279,1491.9,INR,card,3ds_timeout,2026-09-02T19:52:17.704927+00:00,1,0,2206.6,0.943,47869.32,7,RECOVERED,0.7172,True,1491.9
pay_101080,cust_01280,917.62,INR,wallet,temporary_bank_error,2026-09-03T01:15:59.058099+00:00,1,1,1882.9,0.377,7050.92,5,RECOVERED,0.5916,True,917.62
pay_101081,cust_01281,1899.11,INR,netbanking,authentication_failure,2026-09-01T16:52:12.094496+00:00,2,0,3826.7,0.976,83566.78,23,RECOVERED,0.6062,True,1899.11
pay_101082,cust_01282,865.73,INR,netbanking,network_failure,2026-09-02T01:28:43.257651+00:00,1,2,3310.2,0.559,26111.48,8,RECOVERED,0.4488,True,865.73
pay_101083,cust_01283,2049.18,INR,card,payment_method_issue,2026-09-04T05:16:39.383996+00:00,2,0,202.2,0.793,127778.2,26,FAILED,0.551,False,0.0
pay_101084,cust_01284,1993.75,INR,upi,network_failure,2026-09-03T21:44:49.119034+00:00,1,0,654.1,0.617,53342.56,14,RECOVERED,0.8608,True,1993.75
pay_101085,cust_01285,1170.85,INR,card,network_failure,2026-09-03T12:10:10.985733+00:00,1,0,1228.7,0.463,7952.8,6,RECOVERED,0.7768,True,1170.85
pay_101086,cust_01286,7441.54,INR,upi,payment_method_issue,2026-09-03T19:02:24.920304+00:00,1,1,816.5,0.923,60374.54,26,RECOVERED,0.554,True,7441.54
pay_101087,cust_01287,5161.16,INR,upi,network_failure,2026-09-04T06:21:35.142812+00:00,1,0,137.3,0.804,44782.21,47,RECOVERED,0.95,True,5161.16
pay_101088,cust_01288,1093.25,INR,upi,authentication_failure,2026-09-02T13:19:16.194975+00:00,1,0,2599.6,0.352,5615.24,5,RECOVERED,0.6914,True,1093.25
pay_101089,cust_01289,2772.63,INR,upi,network_failure,2026-09-01T03:58:24.056535+00:00,1,1,4600.5,0.781,38033.4,14,RECOVERED,0.6566,True,2772.63
pay_101090,cust_01290,1718.9,INR,upi,network_failure,2026-09-02T05:27:45.209749+00:00,1,0,3071.1,0.307,6166.32,4,RECOVERED,0.7095,True,1718.9
pay_101091,cust_01291,2793.38,INR,upi,network_failure,2026-09-03T15:10:34.732033+00:00,2,0,1048.3,0.912,58902.24,9,FAILED,0.8841,False,0.0
pay_101092,cust_01292,3386.75,INR,wallet,network_failure,2026-09-03T14:19:13.334301+00:00,1,0,1099.7,0.873,36744.63,15,RECOVERED,0.95,True,3386.75
pay_101093,cust_01293,1327.71,INR,upi,temporary_bank_error,2026-09-03T23:13:56.693770+00:00,3,1,564.9,0.566,37302.2,18,RECOVERED,0.4376,True,1327.71
pay_101094,cust_01294,1546.41,INR,card,network_failure,2026-09-03T16:39:16.087203+00:00,1,1,959.6,0.88,135110.85,40,FAILED,0.6953,False,0.0
pay_101095,cust_01295,2597.35,INR,card,network_failure,2026-09-01T10:41:47.479452+00:00,2,0,4197.1,0.751,61789.0,18,RECOVERED,0.7113,True,2597.35
pay_101096,cust_01296,1105.01,INR,wallet,3ds_timeout,2026-09-02T23:00:28.439020+00:00,1,0,2018.4,0.764,47359.56,9,RECOVERED,0.7854,True,1105.01
pay_101097,cust_01297,10591.11,INR,netbanking,network_failure,2026-09-01T01:55:55.203017+00:00,1,0,4723.0,0.781,274160.95,46,FAILED,0.6696,False,0.0
pay_101098,cust_01298,3748.55,INR,card,authentication_failure,2026-09-03T23:35:15.526617+00:00,1,1,543.6,0.708,8261.28,14,RECOVERED,0.636,True,3748.55
pay_101099,cust_01299,1228.99,INR,card,3ds_timeout,2026-09-03T02:50:45.230963+00:00,1,0,1788.1,0.978,126790.61,30,RECOVERED,0.8604,True,1228.99
pay_101100,cust_01300,1799.49,INR,upi,network_failure,2026-09-03T16:48:50.937254+00:00,2,1,950.0,0.207,3565.79,9,FAILED,0.5843,False,0.0
pay_101101,cust_01301,6019.59,INR,upi,authentication_failure,2026-08-30T13:41:31.021098+00:00,1,0,6897.4,0.786,97734.78,17,FAILED,0.6238,False,0.0
pay_101102,cust_01302,2010.0,INR,upi,temporary_bank_error,2026-09-02T20:17:58.806728+00:00,1,2,2180.9,0.718,2153.13,2,FAILED,0.5081,False,0.0
pay_101103,cust_01303,500.59,INR,card,3ds_timeout,2026-09-03T12:57:01.220735+00:00,2,0,1181.9,0.905,15291.15,8,RECOVERED,0.7766,True,500.59
pay_101104,cust_01304,695.64,INR,netbanking,authentication_failure,2026-09-04T05:16:32.896877+00:00,1,1,202.3,0.924,9653.28,8,FAILED,0.6924,False,0.0
pay_101105,cust_01305,933.6,INR,card,network_failure,2026-09-01T15:25:05.029891+00:00,3,0,3913.8,0.928,48855.68,25,RECOVERED,0.6544,True,933.6
pay_101106,cust_01306,1272.38,INR,upi,payment_method_issue,2026-09-03T18:01:21.273151+00:00,1,0,877.5,0.813,243315.52,40,RECOVERED,0.5831,True,1272.38
pay_101107,cust_01307,2110.54,INR,upi,3ds_timeout,2026-09-03T12:37:43.730338+00:00,3,0,1201.1,0.761,151004.4,27,FAILED,0.589,False,0.0
pay_101108,cust_01308,1451.1,INR,netbanking,account_blocked,2026-09-02T09:34:35.897214+00:00,1,0,2824.3,0.539,15993.7,11,FAILED,0.01,False,0.0
pay_101109,cust_01309,1837.25,INR,upi,temporary_bank_error,2026-09-04T07:30:57.468002+00:00,1,1,67.9,0.913,227648.81,34,RECOVERED,0.8362,True,1837.25
pay_101110,cust_01310,1518.43,INR,card,insufficient_funds,2026-09-03T06:37:18.712297+00:00,1,0,1561.6,0.839,31716.73,21,FAILED,0.4111,False,0.0
pay_101111,cust_01311,2142.25,INR,upi,network_failure,2026-09-03T06:08:43.663023+00:00,1,0,1590.1,0.917,10452.45,17,RECOVERED,0.8935,True,2142.25
pay_101112,cust_01312,2739.87,INR,netbanking,insufficient_funds,2026-09-04T01:14:57.683557+00:00,1,0,443.9,0.767,188068.8,42,RECOVERED,0.4353,True,2739.87
pay_101113,cust_01313,3117.4,INR,upi,network_failure,2026-09-03T02:03:52.973548+00:00,1,1,1835.0,0.513,1930.92,2,RECOVERED,0.6098,True,3117.4
pay_101114,cust_01314,1081.76,INR,card,network_failure,2026-09-02T17:18:13.791768+00:00,3,0,2360.6,0.287,3354.07,4,RECOVERED,0.5184,True,1081.76
pay_101115,cust_01315,1396.37,INR,card,temporary_bank_error,2026-09-03T23:22:00.674939+00:00,2,0,556.9,0.873,61521.55,27,FAILED,0.7464,False,0.0
pay_101116,cust_01316,1779.52,INR,upi,insufficient_funds,2026-09-04T00:02:15.810170+00:00,1,2,516.6,0.976,209594.36,35,FAILED,0.3277,False,0.0
pay_101117,cust_01317,3176.32,INR,card,network_failure,2026-09-04T05:00:51.202242+00:00,1,0,218.0,0.761,84106.96,19,RECOVERED,0.9465,True,3176.32
pay_101118,cust_01318,2031.1,INR,card,temporary_bank_error,2026-09-01T09:29:40.532765+00:00,1,0,4269.2,0.846,19917.48,14,FAILED,0.6854,False,0.0
pay_101119,cust_01319,1469.83,INR,upi,authentication_failure,2026-09-04T04:26:34.910661+00:00,1,0,252.3,0.901,124667.32,48,FAILED,0.9191,False,0.0
pay_101120,cust_01320,1927.15,INR,upi,3ds_timeout,2026-09-04T05:19:55.846535+00:00,1,1,198.9,0.919,38480.4,27,RECOVERED,0.7008,True,1927.15
pay_101121,cust_01321,3153.72,INR,upi,insufficient_funds,2026-09-02T13:41:40.089288+00:00,1,0,2577.2,0.375,1681.32,9,FAILED,0.3764,False,0.0
pay_101122,cust_01322,2045.8,INR,upi,temporary_bank_error,2026-09-04T06:59:55.650198+00:00,1,0,98.9,0.54,22902.44,22,FAILED,0.8593,False,0.0
pay_101123,cust_01323,2177.14,INR,upi,customer_abandonment,2026-09-04T01:52:16.321793+00:00,2,1,406.6,0.764,184756.34,45,FAILED,0.1146,False,0.0
pay_101124,cust_01324,9052.08,INR,upi,network_failure,2026-09-04T02:51:05.348892+00:00,1,0,347.8,0.752,104019.3,40,RECOVERED,0.9261,True,9052.08
pay_101125,cust_01325,2556.53,INR,upi,insufficient_funds,2026-09-01T12:14:07.961692+00:00,1,0,4104.7,0.056,0.0,7,FAILED,0.2383,False,0.0
pay_101126,cust_01326,745.43,INR,upi,temporary_bank_error,2026-09-03T07:09:35.804692+00:00,2,2,1529.3,0.794,67308.6,38,RECOVERED,0.4986,True,745.43
pay_101127,cust_01327,1789.22,INR,card,authentication_failure,2026-09-03T15:24:03.563670+00:00,1,1,1034.8,0.843,73871.8,41,RECOVERED,0.7063,True,1789.22
pay_101128,cust_01328,544.33,INR,card,customer_abandonment,2026-09-03T23:03:38.666301+00:00,1,1,575.2,0.692,2039.9,3,FAILED,0.0365,False,0.0
pay_101129,cust_01329,23828.55,INR,upi,payment_method_issue,2026-08-31T03:58:05.302303+00:00,1,2,6040.8,0.752,10303.48,15,RECOVERED,0.2701,True,23828.55
pay_101130,cust_01330,2530.54,INR,card,authentication_failure,2026-09-03T13:58:45.523174+00:00,1,0,1120.1,0.381,22132.41,9,FAILED,0.6734,False,0.0
pay_101131,cust_01331,316.28,INR,card,authentication_failure,2026-09-04T03:37:04.478062+00:00,2,1,301.8,0.761,33420.6,9,FAILED,0.5867,False,0.0
pay_101132,cust_01332,4829.87,INR,upi,3ds_timeout,2026-09-04T05:33:13.273159+00:00,3,2,185.7,0.461,2102.85,12,FAILED,0.3732,False,0.0
pay_101133,cust_01333,284.79,INR,card,network_failure,2026-09-03T19:06:56.232737+00:00,3,1,811.9,0.152,2151.64,10,FAILED,0.4287,False,0.0
pay_101134,cust_01334,2052.83,INR,card,temporary_bank_error,2026-09-04T06:15:32.892685+00:00,2,0,143.3,0.92,264422.7,49,FAILED,0.832,False,0.0
pay_101135,cust_01335,1239.53,INR,card,network_failure,2026-09-02T16:45:27.354652+00:00,1,2,2393.4,0.803,20457.92,9,FAILED,0.5104,False,0.0
pay_101136,cust_01336,1653.82,INR,upi,insufficient_funds,2026-09-03T04:50:43.279725+00:00,2,0,1668.2,0.813,106018.9,33,FAILED,0.4474,False,0.0
pay_101137,cust_01337,2315.65,INR,card,temporary_bank_error,2026-09-03T21:48:04.315455+00:00,1,0,650.8,0.885,23996.0,29,RECOVERED,0.856,True,2315.65
pay_101138,cust_01338,2661.58,INR,upi,temporary_bank_error,2026-09-04T01:36:37.623968+00:00,1,2,422.2,0.785,247102.44,50,FAILED,0.5778,False,0.0
pay_101139,cust_01339,20781.45,INR,upi,network_failure,2026-09-04T06:29:31.423359+00:00,1,0,129.4,0.771,67040.46,24,RECOVERED,0.9068,True,20781.45
pay_101140,cust_01340,3261.25,INR,upi,temporary_bank_error,2026-09-03T17:26:52.944526+00:00,1,0,912.0,0.853,144356.86,40,RECOVERED,0.8643,True,3261.25
pay_101141,cust_01341,1570.6,INR,card,3ds_timeout,2026-09-04T00:33:19.532060+00:00,1,1,485.5,0.887,152913.86,25,RECOVERED,0.6579,True,1570.6
pay_101142,cust_01342,1269.83,INR,upi,insufficient_funds,2026-09-04T02:58:08.717438+00:00,1,0,340.7,0.646,87241.2,19,FAILED,0.4832,False,0.0
pay_101143,cust_01343,1184.68,INR,card,network_failure,2026-09-04T05:11:21.849295+00:00,2,1,207.5,0.458,10474.84,10,FAILED,0.5672,False,0.0
pay_101144,cust_01344,5523.97,INR,card,temporary_bank_error,2026-09-03T07:23:43.188368+00:00,2,2,1515.2,0.847,183469.37,35,FAILED,0.4557,False,0.0
pay_101145,cust_01345,292.09,INR,upi,3ds_timeout,2026-09-02T07:26:06.464496+00:00,2,0,2952.8,0.892,33710.7,34,FAILED,0.7621,False,0.0
pay_101146,cust_01346,612.15,INR,upi,temporary_bank_error,2026-09-03T16:58:43.710811+00:00,1,0,940.1,0.529,22138.32,12,RECOVERED,0.8718,True,612.15
pay_101147,cust_01347,1665.41,INR,upi,temporary_bank_error,2026-09-02T13:10:03.486429+00:00,1,0,2608.8,0.824,73862.4,49,RECOVERED,0.8569,True,1665.41
pay_101148,cust_01348,568.54,INR,netbanking,network_failure,2026-09-02T07:32:05.923855+00:00,1,1,2946.8,0.91,248056.96,36,RECOVERED,0.712,True,568.54
pay_101149,cust_01349,1889.04,INR,card,network_failure,2026-09-02T07:23:39.774826+00:00,1,0,2955.2,0.534,14953.84,5,RECOVERED,0.6438,True,1889.04
pay_101150,cust_01350,977.5,INR,upi,authentication_failure,2026-09-03T20:14:30.387341+00:00,1,0,744.4,0.587,53962.86,25,RECOVERED,0.7866,True,977.5
pay_101151,cust_01351,2994.67,INR,card,payment_method_issue,2026-09-04T05:52:06.431261+00:00,1,0,166.8,0.671,54819.3,15,RECOVERED,0.5641,True,2994.67
pay_101152,cust_01352,3783.03,INR,netbanking,network_failure,2026-09-04T06:50:22.800891+00:00,1,1,108.5,0.785,159397.25,32,FAILED,0.6478,False,0.0
pay_101153,cust_01353,3349.99,INR,card,insufficient_funds,2026-09-04T05:26:26.555563+00:00,1,0,192.4,0.873,147878.64,49,FAILED,0.4842,False,0.0
pay_101154,cust_01354,3345.26,INR,upi,temporary_bank_error,2026-09-03T10:15:07.816387+00:00,1,2,1343.7,0.96,62209.5,11,FAILED,0.6544,False,0.0
pay_101155,cust_01355,5139.92,INR,upi,network_failure,2026-09-02T19:32:07.850588+00:00,1,0,2226.7,0.976,242876.78,48,RECOVERED,0.938,True,5139.92
pay_101156,cust_01356,2169.68,INR,card,payment_method_issue,2026-09-03T22:07:46.282224+00:00,1,0,631.1,0.81,175472.33,37,FAILED,0.5074,False,0.0
pay_101157,cust_01357,5408.09,INR,card,temporary_bank_error,2026-09-04T06:31:30.591189+00:00,2,0,127.4,0.836,174917.12,34,RECOVERED,0.8856,True,5408.09
pay_101158,cust_01358,1999.97,INR,netbanking,3ds_timeout,2026-09-02T19:18:06.306017+00:00,1,1,2240.8,0.756,20598.64,11,RECOVERED,0.5057,True,1999.97
pay_101159,cust_01359,526.68,INR,upi,network_failure,2026-09-03T11:11:45.104237+00:00,1,2,1287.1,0.855,64688.7,18,FAILED,0.6042,False,0.0
pay_101160,cust_01360,1126.35,INR,netbanking,3ds_timeout,2026-09-01T10:44:31.381182+00:00,1,0,4194.4,0.554,5224.06,4,RECOVERED,0.6073,True,1126.35
pay_101161,cust_01361,1398.95,INR,card,temporary_bank_error,2026-09-04T03:37:51.921114+00:00,1,0,301.0,0.934,76916.7,20,RECOVERED,0.95,True,1398.95
pay_101162,cust_01362,5969.77,INR,card,3ds_timeout,2026-09-04T05:45:34.483868+00:00,1,0,173.3,0.856,128728.75,30,RECOVERED,0.8261,True,5969.77
pay_101163,cust_01363,4361.5,INR,wallet,network_failure,2026-09-02T15:24:25.364279+00:00,1,0,2474.5,0.92,56425.95,17,RECOVERED,0.8712,True,4361.5
pay_101164,cust_01364,3458.83,INR,upi,payment_method_issue,2026-09-04T08:26:47.568795+00:00,1,0,12.1,0.923,37964.64,9,RECOVERED,0.6105,True,3458.83
pay_101165,cust_01365,7499.92,INR,wallet,3ds_timeout,2026-09-03T05:54:36.891093+00:00,1,0,1604.3,0.776,249922.8,47,RECOVERED,0.7938,True,7499.92
pay_101166,cust_01366,9829.04,INR,upi,payment_method_issue,2026-09-03T14:56:21.645692+00:00,2,0,1062.5,0.84,29790.2,12,RECOVERED,0.5821,True,9829.04
pay_101167,cust_01367,2829.78,INR,card,insufficient_funds,2026-09-04T05:38:47.145710+00:00,1,0,180.1,0.251,0.0,3,RECOVERED,0.3272,True,2829.78
pay_101168,cust_01368,899.06,INR,card,insufficient_funds,2026-09-03T23:23:08.187214+00:00,1,0,555.7,0.783,77449.68,29,FAILED,0.5141,False,0.0
pay_101169,cust_01369,2905.5,INR,upi,network_failure,2026-09-03T23:37:53.175793+00:00,1,0,541.0,0.896,317234.22,49,RECOVERED,0.9218,True,2905.5
pay_101170,cust_01370,1683.58,INR,upi,temporary_bank_error,2026-09-03T23:22:23.057606+00:00,2,0,556.5,0.793,131805.96,33,RECOVERED,0.8521,True,1683.58
pay_101171,cust_01371,1906.5,INR,netbanking,authentication_failure,2026-09-04T04:32:32.179658+00:00,1,1,246.3,0.838,138331.71,40,FAILED,0.6825,False,0.0
pay_101172,cust_01372,11416.9,INR,netbanking,temporary_bank_error,2026-09-02T01:06:05.590635+00:00,3,0,3332.8,0.943,52399.05,36,FAILED,0.6254,False,0.0
pay_101173,cust_01373,14672.75,INR,upi,account_blocked,2026-09-03T06:13:54.741923+00:00,1,0,1585.0,0.802,28713.78,23,FAILED,0.1402,False,0.0
pay_101174,cust_01374,4708.91,INR,upi,network_failure,2026-09-03T18:17:55.522784+00:00,1,0,860.9,0.882,119099.03,22,RECOVERED,0.8928,True,4708.91
pay_101175,cust_01375,540.7,INR,upi,3ds_timeout,2026-09-03T15:18:09.225059+00:00,1,0,1040.7,0.978,59671.1,11,RECOVERED,0.8594,True,540.7
pay_101176,cust_01376,3983.97,INR,upi,network_failure,2026-09-04T06:49:20.285214+00:00,2,1,109.5,0.948,33127.56,10,FAILED,0.7135,False,0.0
pay_101177,cust_01377,3851.38,INR,card,3ds_timeout,2026-09-03T17:05:31.565510+00:00,1,1,933.3,0.6,48510.49,13,FAILED,0.6189,False,0.0
pay_101178,cust_01378,2181.26,INR,netbanking,authentication_failure,2026-09-03T22:01:48.292053+00:00,3,2,637.1,0.667,32509.45,8,FAILED,0.2958,False,0.0
pay_101179,cust_01379,6013.39,INR,netbanking,temporary_bank_error,2026-09-02T21:23:57.934646+00:00,2,1,2114.9,0.789,99578.31,50,RECOVERED,0.5932,True,6013.39
pay_101180,cust_01380,2120.93,INR,card,authentication_failure,2026-09-02T23:26:32.904603+00:00,3,0,1992.3,0.923,206486.56,31,FAILED,0.698,False,0.0
pay_101181,cust_01381,2078.63,INR,card,authentication_failure,2026-09-04T06:17:16.048078+00:00,1,1,141.6,0.445,11555.48,6,FAILED,0.6189,False,0.0
pay_101182,cust_01382,1023.98,INR,upi,insufficient_funds,2026-09-04T06:50:43.064820+00:00,2,0,108.2,0.883,97549.04,22,FAILED,0.5464,False,0.0
pay_101183,cust_01383,3168.97,INR,wallet,3ds_timeout,2026-09-03T19:48:13.826339+00:00,1,0,770.6,0.661,38431.98,14,RECOVERED,0.7057,True,3168.97
pay_101184,cust_01384,718.61,INR,emi,payment_method_issue,2026-09-03T07:48:41.493568+00:00,1,0,1490.2,0.161,0.0,1,FAILED,0.3034,False,0.0
pay_101185,cust_01385,6897.48,INR,card,insufficient_funds,2026-09-04T07:49:55.022946+00:00,1,1,49.0,0.522,12853.44,4,FAILED,0.2988,False,0.0
pay_101186,cust_01386,1558.82,INR,upi,customer_abandonment,2026-09-04T02:35:04.033232+00:00,1,0,363.8,0.824,52212.78,23,RECOVERED,0.3009,True,1558.82
pay_101187,cust_01387,2468.59,INR,card,customer_abandonment,2026-09-04T08:31:09.054470+00:00,1,1,7.7,0.704,1307.52,3,FAILED,0.1395,False,0.0
pay_101188,cust_01388,1754.32,INR,wallet,authentication_failure,2026-09-03T14:39:24.813327+00:00,1,0,1079.5,0.75,44588.4,32,RECOVERED,0.7754,True,1754.32
pay_101189,cust_01389,2407.72,INR,wallet,network_failure,2026-09-03T06:22:52.873402+00:00,2,1,1576.0,0.965,21393.12,22,RECOVERED,0.6851,True,2407.72
pay_101190,cust_01390,806.95,INR,card,temporary_bank_error,2026-09-03T17:42:29.692976+00:00,2,0,896.4,0.621,3351.83,3,RECOVERED,0.7236,True,806.95
pay_101191,cust_01391,3063.66,INR,upi,3ds_timeout,2026-09-04T04:30:44.735154+00:00,2,0,248.1,0.771,2466.88,11,RECOVERED,0.7349,True,3063.66
pay_101192,cust_01392,1693.26,INR,upi,payment_method_issue,2026-09-04T01:21:19.039699+00:00,1,1,437.6,0.906,1448.32,5,FAILED,0.5017,False,0.0
pay_101193,cust_01393,1823.33,INR,card,network_failure,2026-09-03T20:43:27.256795+00:00,1,0,715.4,0.562,16248.2,9,RECOVERED,0.8205,True,1823.33
pay_101194,cust_01394,5102.31,INR,upi,temporary_bank_error,2026-09-04T06:02:26.005165+00:00,1,0,156.4,0.447,10480.28,6,RECOVERED,0.8686,True,5102.31
pay_101195,cust_01395,8909.58,INR,upi,temporary_bank_error,2026-09-03T22:53:05.878812+00:00,1,0,585.8,0.9,87120.35,33,RECOVERED,0.9293,True,8909.58
pay_101196,cust_01396,4778.7,INR,netbanking,authentication_failure,2026-09-03T18:03:30.712666+00:00,1,2,875.4,0.55,3870.0,8,FAILED,0.4075,False,0.0
pay_101197,cust_01397,1971.89,INR,upi,customer_abandonment,2026-09-04T08:03:18.939465+00:00,1,1,35.6,0.52,19051.76,15,FAILED,0.1631,False,0.0
pay_101198,cust_01398,612.72,INR,upi,3ds_timeout,2026-09-03T01:28:39.222912+00:00,2,0,1870.2,0.877,216563.96,43,RECOVERED,0.753,True,612.72
pay_101199,cust_01399,1076.61,INR,upi,network_failure,2026-08-31T01:35:29.973845+00:00,1,1,6183.4,0.624,11291.58,11,RECOVERED,0.5527,True,1076.61
pay_101200,cust_01400,3567.69,INR,upi,network_failure,2026-09-04T02:35:22.427358+00:00,1,1,363.5,0.763,61659.6,20,RECOVERED,0.8149,True,3567.69
pay_101201,cust_01401,1760.18,INR,upi,authentication_failure,2026-09-04T01:37:53.295742+00:00,1,0,421.0,0.872,31596.0,5,FAILED,0.8603,False,0.0
pay_101202,cust_01402,2241.14,INR,upi,temporary_bank_error,2026-09-03T19:54:33.302345+00:00,1,1,764.3,0.876,86421.86,16,RECOVERED,0.8123,True,2241.14
pay_101203,cust_01403,4958.0,INR,wallet,temporary_bank_error,2026-09-03T12:54:23.249221+00:00,3,0,1184.5,0.8,45629.04,8,RECOVERED,0.6898,True,4958.0
pay_101204,cust_01404,1472.63,INR,upi,insufficient_funds,2026-09-04T04:30:44.406132+00:00,3,0,248.1,0.661,51335.46,15,FAILED,0.3025,False,0.0
pay_101205,cust_01405,7137.52,INR,upi,insufficient_funds,2026-09-03T12:29:10.508458+00:00,1,0,1209.7,0.494,4542.35,11,FAILED,0.4791,False,0.0
pay_101206,cust_01406,1902.88,INR,netbanking,3ds_timeout,2026-09-02T13:48:49.291206+00:00,1,1,2570.1,0.885,221765.2,46,RECOVERED,0.5618,True,1902.88
pay_101207,cust_01407,4752.38,INR,netbanking,temporary_bank_error,2026-09-03T16:13:12.288489+00:00,3,0,985.7,0.688,4364.98,3,RECOVERED,0.5701,True,4752.38
pay_101208,cust_01408,636.09,INR,upi,network_failure,2026-09-04T07:16:54.374145+00:00,1,0,82.0,0.505,64404.0,25,RECOVERED,0.8497,True,636.09
pay_101209,cust_01409,1284.59,INR,upi,network_failure,2026-09-02T12:47:04.059281+00:00,1,0,2631.8,0.456,21635.7,13,RECOVERED,0.728,True,1284.59
pay_101210,cust_01410,12500.56,INR,card,temporary_bank_error,2026-09-03T07:38:30.808513+00:00,1,0,1500.4,0.697,121131.63,25,RECOVERED,0.8594,True,12500.56
pay_101211,cust_01411,1899.57,INR,card,insufficient_funds,2026-09-04T05:59:40.715640+00:00,2,0,159.2,0.81,169356.0,41,RECOVERED,0.404,True,1899.57
pay_101212,cust_01412,1364.79,INR,upi,temporary_bank_error,2026-09-04T04:44:00.431427+00:00,1,0,234.9,0.948,43836.8,15,RECOVERED,0.9037,True,1364.79
pay_101213,cust_01413,1615.75,INR,card,insufficient_funds,2026-09-03T03:15:46.603061+00:00,1,1,1763.1,0.439,42179.5,25,FAILED,0.2944,False,0.0
pay_101214,cust_01414,3030.87,INR,card,network_failure,2026-09-04T01:07:25.559128+00:00,1,0,451.4,0.834,18458.0,14,RECOVERED,0.8908,True,3030.87
pay_101215,cust_01415,2522.39,INR,upi,authentication_failure,2026-09-02T05:37:51.987880+00:00,1,2,3061.0,0.807,47773.8,25,RECOVERED,0.525,True,2522.39
pay_101216,cust_01416,1205.78,INR,upi,network_failure,2026-09-03T05:15:27.746777+00:00,1,0,1643.4,0.957,30277.8,16,RECOVERED,0.9434,True,1205.78
pay_101217,cust_01417,1680.39,INR,card,3ds_timeout,2026-09-04T03:55:49.378457+00:00,1,0,283.1,0.694,19741.54,11,RECOVERED,0.7323,True,1680.39
pay_101218,cust_01418,1231.61,INR,netbanking,payment_method_issue,2026-09-03T10:51:09.878711+00:00,1,0,1307.7,0.88,125889.54,24,RECOVERED,0.5821,True,1231.61
pay_101219,cust_01419,1266.79,INR,card,authentication_failure,2026-09-03T21:57:42.432105+00:00,1,1,641.2,0.389,5939.97,4,RECOVERED,0.5481,True,1266.79
pay_101220,cust_01420,6074.23,INR,wallet,network_failure,2026-09-03T21:07:13.606475+00:00,1,0,691.6,0.844,71518.4,19,RECOVERED,0.865,True,6074.23
pay_101221,cust_01421,6205.12,INR,wallet,temporary_bank_error,2026-09-01T08:38:55.442370+00:00,1,0,4320.0,0.92,24209.02,24,RECOVERED,0.7929,True,6205.12
pay_101222,cust_01422,1236.07,INR,netbanking,authentication_failure,2026-09-03T06:05:14.442169+00:00,1,0,1593.6,0.381,5779.72,3,FAILED,0.6369,False,0.0
pay_101223,cust_01423,1495.36,INR,upi,authentication_failure,2026-09-03T10:45:30.043407+00:00,3,1,1313.4,0.956,249730.24,34,RECOVERED,0.6317,True,1495.36
pay_101224,cust_01424,4138.85,INR,emi,3ds_timeout,2026-09-04T04:24:59.701970+00:00,1,0,253.9,0.939,38860.8,9,FAILED,0.7765,False,0.0
pay_101225,cust_01425,759.49,INR,wallet,payment_method_issue,2026-09-03T01:04:18.630902+00:00,1,1,1894.6,0.81,148610.4,25,RECOVERED,0.458,True,759.49
pay_101226,cust_01426,1242.19,INR,card,network_failure,2026-09-03T18:47:20.825091+00:00,1,0,831.5,0.804,17524.78,17,RECOVERED,0.8573,True,1242.19
pay_101227,cust_01427,1647.24,INR,netbanking,insufficient_funds,2026-09-03T07:07:20.770505+00:00,3,0,1531.5,0.857,31971.42,31,FAILED,0.3623,False,0.0
pay_101228,cust_01428,950.22,INR,upi,temporary_bank_error,2026-09-04T03:00:18.602971+00:00,1,1,338.6,0.811,8966.16,12,RECOVERED,0.728,True,950.22
pay_101229,cust_01429,4302.94,INR,upi,customer_abandonment,2026-09-03T12:28:39.870180+00:00,1,0,1210.2,0.942,33168.07,25,FAILED,0.4262,False,0.0
pay_101230,cust_01430,1044.8,INR,card,network_failure,2026-09-02T12:45:16.478888+00:00,1,0,2633.6,0.819,7011.29,16,RECOVERED,0.8507,True,1044.8
pay_101231,cust_01431,741.24,INR,card,payment_method_issue,2026-09-03T17:15:53.560439+00:00,1,1,923.0,0.485,7592.83,16,RECOVERED,0.3852,True,741.24
pay_101232,cust_01432,4297.74,INR,card,insufficient_funds,2026-09-02T17:51:30.939486+00:00,1,2,2327.4,0.734,7302.48,6,FAILED,0.1869,False,0.0
pay_101233,cust_01433,1348.5,INR,netbanking,network_failure,2026-09-03T14:48:35.255447+00:00,2,0,1070.3,0.079,0.0,10,RECOVERED,0.4952,True,1348.5
pay_101234,cust_01434,5736.23,INR,upi,network_failure,2026-09-02T18:41:09.591230+00:00,1,1,2277.7,0.201,0.0,3,RECOVERED,0.533,True,5736.23
pay_101235,cust_01435,3472.84,INR,upi,account_blocked,2026-08-31T11:04:33.778061+00:00,1,1,5614.3,0.963,198809.4,32,FAILED,0.0397,False,0.0
pay_101236,cust_01436,952.69,INR,card,network_failure,2026-09-02T07:38:46.545439+00:00,1,1,2940.1,0.459,21881.82,8,RECOVERED,0.5858,True,952.69
pay_101237,cust_01437,1781.25,INR,emi,3ds_timeout,2026-09-02T17:51:22.467654+00:00,2,0,2327.5,0.892,89828.68,20,RECOVERED,0.6272,True,1781.25
pay_101238,cust_01438,784.01,INR,card,authentication_failure,2026-09-03T08:40:13.603926+00:00,1,1,1438.6,0.814,35281.1,13,RECOVERED,0.6368,True,784.01
pay_101239,cust_01439,379.29,INR,upi,authentication_failure,2026-09-03T18:55:13.993352+00:00,1,0,823.6,0.736,52107.72,24,RECOVERED,0.8332,True,379.29
pay_101240,cust_01440,4099.78,INR,netbanking,network_failure,2026-09-03T10:04:41.859834+00:00,2,1,1354.2,0.221,2382.35,7,RECOVERED,0.4933,True,4099.78
pay_101241,cust_01441,1640.79,INR,upi,network_failure,2026-09-04T02:52:29.307194+00:00,1,2,346.4,0.936,15023.0,22,RECOVERED,0.6201,True,1640.79
pay_101242,cust_01442,4890.82,INR,wallet,payment_method_issue,2026-09-04T07:21:54.442623+00:00,1,0,77.0,0.381,0.0,2,FAILED,0.5536,False,0.0
pay_101243,cust_01443,1741.78,INR,card,account_blocked,2026-09-03T14:24:33.843678+00:00,1,2,1094.3,0.722,95453.26,20,FAILED,0.01,False,0.0
pay_101244,cust_01444,10365.61,INR,netbanking,account_blocked,2026-09-03T20:49:47.765676+00:00,1,1,709.1,0.823,122505.2,49,FAILED,0.01,False,0.0
pay_101245,cust_01445,2840.01,INR,upi,authentication_failure,2026-09-03T00:06:14.140880+00:00,1,0,1952.6,0.242,15204.88,10,FAILED,0.7134,False,0.0
pay_101246,cust_01446,422.64,INR,emi,3ds_timeout,2026-09-03T20:03:22.692751+00:00,1,2,755.5,0.771,69059.2,19,FAILED,0.4473,False,0.0
pay_101247,cust_01447,970.44,INR,upi,authentication_failure,2026-09-04T00:25:42.819027+00:00,1,1,493.2,0.891,32162.24,13,RECOVERED,0.7938,True,970.44
pay_101248,cust_01448,2602.14,INR,upi,network_failure,2026-09-04T05:23:23.951544+00:00,1,0,195.5,0.885,75151.44,14,RECOVERED,0.9455,True,2602.14
pay_101249,cust_01449,1491.38,INR,netbanking,3ds_timeout,2026-08-31T19:45:20.179921+00:00,3,0,5093.5,0.967,139557.57,30,RECOVERED,0.5428,True,1491.38
pay_101250,cust_01450,1407.84,INR,upi,customer_abandonment,2026-09-03T14:03:51.566764+00:00,3,0,1115.0,0.299,12794.38,7,FAILED,0.0545,False,0.0
pay_101251,cust_01451,2674.85,INR,card,temporary_bank_error,2026-09-01T08:17:39.015578+00:00,1,1,4341.2,0.591,76318.08,21,RECOVERED,0.5298,True,2674.85
pay_101252,cust_01452,2960.63,INR,upi,temporary_bank_error,2026-09-03T14:18:39.154856+00:00,1,0,1100.2,0.919,26892.18,23,RECOVERED,0.9052,True,2960.63
pay_101253,cust_01453,1286.31,INR,card,temporary_bank_error,2026-09-03T20:17:46.046525+00:00,1,0,741.1,0.662,7141.55,20,RECOVERED,0.824,True,1286.31
pay_101254,cust_01454,1208.41,INR,upi,temporary_bank_error,2026-09-04T07:21:34.130806+00:00,1,0,77.3,0.435,9680.65,17,RECOVERED,0.7036,True,1208.41
pay_101255,cust_01455,681.12,INR,netbanking,payment_method_issue,2026-09-03T16:39:24.626392+00:00,1,1,959.5,0.954,59641.2,10,FAILED,0.4473,False,0.0
pay_101256,cust_01456,660.72,INR,upi,payment_method_issue,2026-09-04T07:39:36.150682+00:00,1,1,59.3,0.909,54630.48,27,RECOVERED,0.5874,True,660.72
pay_101257,cust_01457,1082.65,INR,upi,customer_abandonment,2026-09-03T15:01:28.665857+00:00,2,0,1057.4,0.918,92443.65,15,FAILED,0.2845,False,0.0
pay_101258,cust_01458,1606.36,INR,upi,network_failure,2026-09-03T21:15:36.633374+00:00,1,0,683.3,0.773,172076.94,35,RECOVERED,0.95,True,1606.36
pay_101259,cust_01459,776.2,INR,card,network_failure,2026-09-04T03:33:08.530846+00:00,3,0,305.7,0.767,12854.0,7,RECOVERED,0.7705,True,776.2
pay_101260,cust_01460,1746.48,INR,card,temporary_bank_error,2026-09-04T05:23:14.300417+00:00,2,0,195.6,0.954,83108.06,15,RECOVERED,0.8535,True,1746.48
pay_101261,cust_01461,1012.55,INR,upi,payment_method_issue,2026-09-04T08:15:53.085935+00:00,1,0,23.0,0.891,177465.39,35,RECOVERED,0.6674,True,1012.55
pay_101262,cust_01462,2216.08,INR,card,temporary_bank_error,2026-09-04T00:15:17.339409+00:00,1,2,503.6,0.453,5698.86,5,RECOVERED,0.3829,True,2216.08
pay_101263,cust_01463,1643.82,INR,upi,insufficient_funds,2026-09-03T22:18:46.697769+00:00,1,1,620.1,0.648,32319.6,10,FAILED,0.3767,False,0.0
pay_101264,cust_01464,983.55,INR,card,authentication_failure,2026-09-04T03:12:08.933909+00:00,2,0,326.7,0.876,45961.84,36,RECOVERED,0.7595,True,983.55
pay_101265,cust_01465,2756.77,INR,upi,authentication_failure,2026-09-03T03:31:56.945826+00:00,1,0,1746.9,0.902,151944.14,43,RECOVERED,0.906,True,2756.77
pay_101266,cust_01466,879.31,INR,card,3ds_timeout,2026-09-04T08:03:15.761001+00:00,1,0,35.6,0.732,81564.24,17,RECOVERED,0.8037,True,879.31
pay_101267,cust_01467,5333.8,INR,upi,authentication_failure,2026-09-01T21:59:12.069007+00:00,1,0,3519.7,0.902,47181.33,10,FAILED,0.7504,False,0.0
pay_101268,cust_01468,4685.84,INR,upi,account_blocked,2026-09-03T09:49:12.081849+00:00,2,1,1369.7,0.853,62662.0,21,FAILED,0.01,False,0.0
pay_101269,cust_01469,751.01,INR,card,3ds_timeout,2026-09-03T22:35:07.275360+00:00,1,0,603.8,0.923,44918.23,47,RECOVERED,0.8822,True,751.01
pay_101270,cust_01470,2244.73,INR,card,payment_method_issue,2026-09-03T15:32:25.641252+00:00,1,0,1026.4,0.251,1539.14,9,FAILED,0.4002,False,0.0
pay_101271,cust_01471,1512.43,INR,upi,account_blocked,2026-09-02T07:01:01.359741+00:00,1,0,2977.9,0.284,9419.8,8,FAILED,0.01,False,0.0
pay_101272,cust_01472,4893.93,INR,upi,network_failure,2026-09-04T06:47:22.283777+00:00,1,1,111.5,0.946,24997.08,7,RECOVERED,0.8712,True,4893.93
pay_101273,cust_01473,3175.25,INR,card,3ds_timeout,2026-09-04T07:57:28.732147+00:00,2,0,41.4,0.968,50566.27,33,FAILED,0.7975,False,0.0
pay_101274,cust_01474,1154.54,INR,card,network_failure,2026-09-04T07:39:35.707611+00:00,2,1,59.3,0.768,131491.08,48,RECOVERED,0.7115,True,1154.54
pay_101275,cust_01475,1321.75,INR,upi,authentication_failure,2026-09-03T17:06:10.880324+00:00,1,0,932.7,0.917,7760.88,9,RECOVERED,0.8514,True,1321.75
pay_101276,cust_01476,2134.43,INR,upi,temporary_bank_error,2026-09-02T08:14:26.847627+00:00,1,0,2904.4,0.577,6356.44,2,FAILED,0.7417,False,0.0
pay_101277,cust_01477,1972.43,INR,upi,3ds_timeout,2026-09-04T03:06:34.373671+00:00,2,1,332.3,0.784,154466.88,41,RECOVERED,0.6725,True,1972.43
pay_101278,cust_01478,1832.6,INR,card,3ds_timeout,2026-09-02T17:38:58.012114+00:00,3,0,2339.9,0.667,84924.6,19,RECOVERED,0.5938,True,1832.6
pay_101279,cust_01479,1711.9,INR,wallet,authentication_failure,2026-09-03T17:44:33.861906+00:00,1,0,894.3,0.89,9755.64,7,RECOVERED,0.9123,True,1711.9
pay_101280,cust_01480,2379.66,INR,upi,authentication_failure,2026-08-31T21:59:05.993483+00:00,1,2,4959.8,0.537,50048.04,14,RECOVERED,0.468,True,2379.66
pay_101281,cust_01481,11096.73,INR,netbanking,network_failure,2026-09-02T10:43:24.936924+00:00,1,0,2755.5,0.713,4102.11,13,RECOVERED,0.7349,True,11096.73
pay_101282,cust_01482,1228.08,INR,upi,authentication_failure,2026-09-04T07:22:27.262580+00:00,1,0,76.4,0.633,6673.85,9,RECOVERED,0.7972,True,1228.08
pay_101283,cust_01483,1587.12,INR,upi,authentication_failure,2026-09-03T15:10:34.202902+00:00,2,1,1048.3,0.606,3494.2,4,FAILED,0.5957,False,0.0
pay_101284,cust_01484,6278.72,INR,card,network_failure,2026-09-04T04:34:04.831070+00:00,2,0,244.8,0.695,8535.16,3,RECOVERED,0.7804,True,6278.72
pay_101285,cust_01485,6475.8,INR,card,temporary_bank_error,2026-09-04T04:09:14.392958+00:00,1,0,269.6,0.93,247480.1,38,RECOVERED,0.8746,True,6475.8
pay_101286,cust_01486,486.72,INR,card,network_failure,2026-09-03T06:33:01.588286+00:00,1,0,1565.8,0.485,4825.17,16,FAILED,0.8301,False,0.0
pay_101287,cust_01487,1905.07,INR,emi,temporary_bank_error,2026-09-03T10:57:08.346554+00:00,1,0,1301.7,0.857,129816.5,30,RECOVERED,0.7198,True,1905.07
pay_101288,cust_01488,1064.5,INR,wallet,3ds_timeout,2026-09-02T19:24:06.299814+00:00,1,0,2234.8,0.887,107744.14,16,RECOVERED,0.7876,True,1064.5
pay_101289,cust_01489,749.24,INR,netbanking,customer_abandonment,2026-09-03T16:03:30.920146+00:00,3,0,995.4,0.943,115273.0,21,RECOVERED,0.2313,True,749.24
pay_101290,cust_01490,4777.29,INR,card,network_failure,2026-09-04T08:33:30.469652+00:00,1,0,5.4,0.946,117295.92,18,RECOVERED,0.95,True,4777.29
pay_101291,cust_01491,298.05,INR,upi,account_blocked,2026-09-03T22:17:56.591658+00:00,1,0,620.9,0.575,4790.63,23,FAILED,0.0977,False,0.0
pay_101292,cust_01492,2694.12,INR,netbanking,network_failure,2026-09-03T12:17:25.194442+00:00,1,0,1221.5,0.476,58492.44,21,RECOVERED,0.7907,True,2694.12
pay_101293,cust_01493,1458.69,INR,upi,account_blocked,2026-09-03T23:47:23.592233+00:00,1,0,531.5,0.837,84354.16,27,FAILED,0.1376,False,0.0
pay_101294,cust_01494,2713.37,INR,upi,insufficient_funds,2026-09-01T02:28:39.983326+00:00,2,0,4690.2,0.535,713.16,5,FAILED,0.2832,False,0.0
pay_101295,cust_01495,1454.34,INR,card,temporary_bank_error,2026-09-04T01:05:34.519088+00:00,1,0,453.3,0.501,8018.78,5,RECOVERED,0.7646,True,1454.34
pay_101296,cust_01496,913.56,INR,upi,3ds_timeout,2026-09-03T12:39:57.930425+00:00,1,0,1198.9,0.489,83950.35,24,FAILED,0.7987,False,0.0
pay_101297,cust_01497,2454.81,INR,card,network_failure,2026-09-03T04:09:48.097426+00:00,1,2,1709.1,0.706,47761.84,21,RECOVERED,0.5481,True,2454.81
pay_101298,cust_01498,723.84,INR,wallet,temporary_bank_error,2026-09-01T02:02:46.098780+00:00,1,0,4716.1,0.739,50982.54,10,FAILED,0.7585,False,0.0
pay_101299,cust_01499,3891.41,INR,emi,temporary_bank_error,2026-09-03T18:52:11.940940+00:00,3,1,826.7,0.594,11769.56,8,FAILED,0.4091,False,0.0
pay_101300,cust_01500,1123.28,INR,upi,network_failure,2026-09-02T07:04:26.939529+00:00,1,2,2974.4,0.708,48966.88,23,FAILED,0.5428,False,0.0
pay_101301,cust_01501,2422.85,INR,card,customer_abandonment,2026-09-04T08:33:52.447543+00:00,1,2,5.0,0.462,7850.02,5,FAILED,0.01,False,0.0
pay_101302,cust_01502,4225.3,INR,upi,authentication_failure,2026-09-04T02:19:32.725131+00:00,1,1,379.3,0.356,0.0,2,RECOVERED,0.6381,True,4225.3
pay_101303,cust_01503,1552.76,INR,card,customer_abandonment,2026-09-04T03:42:49.591266+00:00,3,1,296.0,0.513,24044.45,10,FAILED,0.01,False,0.0
pay_101304,cust_01504,2024.14,INR,upi,temporary_bank_error,2026-09-03T19:23:16.136778+00:00,1,0,795.6,0.896,280131.44,42,RECOVERED,0.9244,True,2024.14
pay_101305,cust_01505,2917.6,INR,upi,authentication_failure,2026-09-01T21:13:03.567483+00:00,2,0,3565.8,0.907,88309.56,38,RECOVERED,0.6988,True,2917.6
pay_101306,cust_01506,3030.71,INR,card,3ds_timeout,2026-09-03T23:24:57.962054+00:00,2,0,553.9,0.167,7174.91,10,FAILED,0.486,False,0.0
pay_101307,cust_01507,5181.62,INR,card,temporary_bank_error,2026-09-04T04:33:20.628957+00:00,1,0,245.5,0.566,94765.56,22,RECOVERED,0.7862,True,5181.62
pay_101308,cust_01508,1435.49,INR,upi,payment_method_issue,2026-09-03T05:17:52.889360+00:00,1,0,1641.0,0.798,52110.85,15,FAILED,0.6177,False,0.0
pay_101309,cust_01509,6294.6,INR,card,temporary_bank_error,2026-09-04T05:07:57.218520+00:00,1,0,210.9,0.615,28828.0,14,FAILED,0.819,False,0.0
pay_101310,cust_01510,4622.63,INR,card,3ds_timeout,2026-09-02T17:30:16.300120+00:00,1,2,2348.6,0.918,28673.8,5,FAILED,0.5098,False,0.0
pay_101311,cust_01511,2608.93,INR,netbanking,temporary_bank_error,2026-09-03T20:51:30.912108+00:00,1,0,707.4,0.485,77580.69,24,RECOVERED,0.6179,True,2608.93
pay_101312,cust_01512,866.21,INR,upi,3ds_timeout,2026-09-04T06:58:51.920293+00:00,2,0,100.0,0.82,46505.2,9,RECOVERED,0.854,True,866.21
pay_101313,cust_01513,3268.07,INR,upi,insufficient_funds,2026-09-03T07:01:37.130006+00:00,2,1,1537.3,0.828,310640.46,48,RECOVERED,0.3463,True,3268.07
pay_101314,cust_01514,20917.16,INR,wallet,insufficient_funds,2026-09-03T18:22:47.758788+00:00,1,0,856.1,0.456,2683.56,14,FAILED,0.3726,False,0.0
pay_101315,cust_01515,569.98,INR,upi,temporary_bank_error,2026-09-02T09:16:41.810173+00:00,1,0,2842.2,0.6,4993.4,7,RECOVERED,0.71,True,569.98
pay_101316,cust_01516,931.04,INR,upi,network_failure,2026-09-04T01:05:44.559373+00:00,1,0,453.1,0.612,95508.48,21,RECOVERED,0.9077,True,931.04
pay_101317,cust_01517,1617.06,INR,card,authentication_failure,2026-09-02T07:00:47.877418+00:00,1,2,2978.1,0.542,8761.76,14,RECOVERED,0.4385,True,1617.06
pay_101318,cust_01518,10418.89,INR,netbanking,network_failure,2026-09-03T20:16:19.943675+00:00,1,2,742.5,0.908,10474.4,5,FAILED,0.6102,False,0.0
pay_101319,cust_01519,2534.58,INR,card,temporary_bank_error,2026-09-03T15:00:23.763920+00:00,2,0,1058.5,0.638,60264.27,15,RECOVERED,0.7741,True,2534.58
pay_101320,cust_01520,7483.52,INR,netbanking,network_failure,2026-09-03T18:13:55.965031+00:00,1,0,864.9,0.93,60376.14,36,RECOVERED,0.8535,True,7483.52
pay_101321,cust_01521,830.89,INR,card,insufficient_funds,2026-09-03T19:39:05.899450+00:00,2,0,779.8,0.172,2574.2,7,RECOVERED,0.266,True,830.89
pay_101322,cust_01522,5226.75,INR,upi,3ds_timeout,2026-09-04T00:51:45.906987+00:00,3,0,467.1,0.563,1605.4,9,FAILED,0.6176,False,0.0
pay_101323,cust_01523,4364.0,INR,card,network_failure,2026-09-04T07:47:52.235899+00:00,1,0,51.0,0.451,6302.35,4,RECOVERED,0.7585,True,4364.0
pay_101324,cust_01524,4072.64,INR,netbanking,authentication_failure,2026-09-03T10:15:46.711371+00:00,2,0,1343.1,0.555,14002.56,11,FAILED,0.589,False,0.0
pay_101325,cust_01525,1594.47,INR,upi,temporary_bank_error,2026-09-03T14:12:32.605602+00:00,1,0,1106.3,0.522,32494.08,23,RECOVERED,0.8469,True,1594.47
pay_101326,cust_01526,1001.06,INR,card,network_failure,2026-09-04T03:23:01.227808+00:00,3,1,315.9,0.626,11322.76,7,RECOVERED,0.5458,True,1001.06
pay_101327,cust_01527,2845.03,INR,upi,temporary_bank_error,2026-09-03T14:09:30.406186+00:00,1,1,1109.4,0.829,30473.91,12,RECOVERED,0.6992,True,2845.03
pay_101328,cust_01528,415.04,INR,upi,authentication_failure,2026-09-03T13:15:37.063831+00:00,2,0,1163.3,0.621,4682.16,7,RECOVERED,0.6649,True,415.04
pay_101329,cust_01529,997.91,INR,upi,payment_method_issue,2026-09-01T10:04:17.026472+00:00,1,0,4234.6,0.886,198850.68,41,RECOVERED,0.5891,True,997.91
pay_101330,cust_01530,604.0,INR,upi,temporary_bank_error,2026-09-04T04:55:30.075607+00:00,1,0,223.4,0.693,132523.84,25,RECOVERED,0.8795,True,604.0
pay_101331,cust_01531,795.05,INR,upi,payment_method_issue,2026-09-04T03:59:46.338482+00:00,2,0,279.1,0.55,4628.84,4,FAILED,0.5037,False,0.0
pay_101332,cust_01532,4198.46,INR,upi,network_failure,2026-09-04T02:35:37.996426+00:00,1,0,363.2,0.596,22271.48,20,RECOVERED,0.816,True,4198.46
pay_101333,cust_01533,8927.21,INR,upi,network_failure,2026-09-03T15:05:08.573836+00:00,1,0,1053.7,0.902,72195.48,20,RECOVERED,0.9166,True,8927.21
pay_101334,cust_01534,2150.91,INR,card,authentication_failure,2026-09-01T17:32:05.506076+00:00,1,0,3786.8,0.898,54507.31,15,FAILED,0.7549,False,0.0
pay_101335,cust_01535,815.39,INR,upi,authentication_failure,2026-09-02T23:56:29.031240+00:00,2,2,1962.4,0.863,48414.13,20,FAILED,0.4783,False,0.0
pay_101336,cust_01536,2255.5,INR,netbanking,temporary_bank_error,2026-09-03T06:27:48.456650+00:00,1,0,1571.1,0.837,14512.0,20,RECOVERED,0.7777,True,2255.5
pay_101337,cust_01537,9383.31,INR,netbanking,authentication_failure,2026-09-03T23:37:44.534356+00:00,2,0,541.1,0.865,25494.84,25,FAILED,0.7337,False,0.0
pay_101338,cust_01538,1311.28,INR,netbanking,payment_method_issue,2026-09-03T20:14:06.578627+00:00,2,0,744.8,0.845,149425.98,40,FAILED,0.4373,False,0.0
pay_101339,cust_01539,680.07,INR,upi,payment_method_issue,2026-09-04T01:40:37.935867+00:00,1,0,418.2,0.703,24605.75,19,RECOVERED,0.5851,True,680.07
pay_101340,cust_01540,2320.63,INR,upi,network_failure,2026-09-04T06:23:20.547185+00:00,1,0,135.5,0.687,36905.28,12,RECOVERED,0.9194,True,2320.63
pay_101341,cust_01541,613.38,INR,upi,network_failure,2026-09-03T15:12:16.913379+00:00,1,0,1046.6,0.854,55320.84,11,RECOVERED,0.95,True,613.38
pay_101342,cust_01542,738.34,INR,upi,network_failure,2026-09-01T04:39:35.186191+00:00,2,0,4559.3,0.728,36137.76,11,FAILED,0.7178,False,0.0
pay_101343,cust_01543,1123.08,INR,upi,authentication_failure,2026-09-04T08:10:21.263538+00:00,3,0,28.5,0.567,78225.29,24,FAILED,0.6144,False,0.0
pay_101344,cust_01544,4261.8,INR,upi,payment_method_issue,2026-09-02T18:58:01.873998+00:00,1,0,2260.8,0.778,45080.92,30,RECOVERED,0.5968,True,4261.8
pay_101345,cust_01545,787.42,INR,upi,temporary_bank_error,2026-09-03T13:08:55.620383+00:00,1,1,1169.9,0.416,60736.41,22,RECOVERED,0.6203,True,787.42
pay_101346,cust_01546,1153.75,INR,upi,insufficient_funds,2026-09-03T23:46:55.063090+00:00,2,1,532.0,0.725,30886.72,6,RECOVERED,0.3564,True,1153.75
pay_101347,cust_01547,836.54,INR,card,payment_method_issue,2026-09-04T06:26:35.197302+00:00,2,0,132.3,0.335,14835.32,8,RECOVERED,0.4903,True,836.54
pay_101348,cust_01548,2823.92,INR,upi,temporary_bank_error,2026-09-04T05:06:45.561096+00:00,1,1,212.1,0.444,32177.52,14,RECOVERED,0.6391,True,2823.92
pay_101349,cust_01549,1893.49,INR,netbanking,temporary_bank_error,2026-09-03T16:55:02.477049+00:00,2,2,943.8,0.542,80877.61,21,RECOVERED,0.3365,True,1893.49
pay_101350,cust_01550,4036.65,INR,upi,payment_method_issue,2026-09-04T07:39:19.589495+00:00,1,0,59.5,0.204,0.0,3,FAILED,0.4992,False,0.0
pay_101351,cust_01551,1416.99,INR,netbanking,temporary_bank_error,2026-09-03T07:07:59.443347+00:00,2,0,1530.9,0.586,40470.01,12,FAILED,0.5953,False,0.0
pay_101352,cust_01552,475.63,INR,card,temporary_bank_error,2026-09-04T06:32:43.713903+00:00,1,0,126.1,0.914,127226.68,48,FAILED,0.9428,False,0.0
pay_101353,cust_01553,1488.87,INR,card,temporary_bank_error,2026-09-03T20:43:39.017450+00:00,1,0,715.2,0.91,126933.84,25,RECOVERED,0.9047,True,1488.87
pay_101354,cust_01554,899.22,INR,card,authentication_failure,2026-09-01T11:39:20.994665+00:00,1,0,4139.5,0.903,148275.09,31,RECOVERED,0.6692,True,899.22
pay_101355,cust_01555,16873.91,INR,wallet,network_failure,2026-09-03T12:11:47.384025+00:00,1,0,1227.1,0.756,7086.0,14,RECOVERED,0.8759,True,16873.91
pay_101356,cust_01556,2978.3,INR,upi,payment_method_issue,2026-09-01T15:44:01.705639+00:00,1,0,3894.8,0.282,0.0,3,RECOVERED,0.415,True,2978.3
pay_101357,cust_01557,1257.94,INR,wallet,authentication_failure,2026-09-04T07:56:30.087989+00:00,1,1,42.4,0.854,258403.19,44,RECOVERED,0.7319,True,1257.94
pay_101358,cust_01558,851.65,INR,upi,network_failure,2026-09-03T12:09:06.395622+00:00,1,2,1229.8,0.805,98077.98,49,RECOVERED,0.6463,True,851.65
pay_101359,cust_01559,5880.18,INR,netbanking,3ds_timeout,2026-09-04T08:20:23.197495+00:00,3,2,18.5,0.931,119127.36,48,RECOVERED,0.37,True,5880.18
pay_101360,cust_01560,6961.88,INR,card,temporary_bank_error,2026-09-01T20:53:07.618733+00:00,1,0,3585.7,0.95,207416.97,33,RECOVERED,0.7178,True,6961.88
pay_101361,cust_01561,1601.17,INR,upi,network_failure,2026-09-03T11:32:00.322948+00:00,1,0,1266.9,0.467,84975.33,25,RECOVERED,0.7913,True,1601.17
pay_101362,cust_01562,1962.65,INR,netbanking,3ds_timeout,2026-09-03T01:40:31.980210+00:00,1,0,1858.3,0.79,35351.58,37,RECOVERED,0.7083,True,1962.65
pay_101363,cust_01563,1206.31,INR,upi,insufficient_funds,2026-08-31T10:11:15.492762+00:00,3,0,5667.6,0.787,5495.52,21,FAILED,0.2978,False,0.0
pay_101364,cust_01564,3744.89,INR,upi,customer_abandonment,2026-09-03T21:44:44.205756+00:00,1,0,654.1,0.824,37543.14,8,RECOVERED,0.2884,True,3744.89
pay_101365,cust_01565,3519.12,INR,card,3ds_timeout,2026-09-03T08:15:39.679175+00:00,1,0,1463.2,0.882,19807.14,27,RECOVERED,0.8154,True,3519.12
pay_101366,cust_01566,2522.75,INR,card,payment_method_issue,2026-09-02T07:13:24.839916+00:00,3,1,2965.5,0.931,45534.71,15,FAILED,0.3093,False,0.0
pay_101367,cust_01567,1942.87,INR,card,insufficient_funds,2026-09-03T18:34:10.396364+00:00,1,0,844.7,0.799,56984.2,26,RECOVERED,0.4596,True,1942.87
pay_101368,cust_01568,1279.95,INR,card,insufficient_funds,2026-09-04T04:32:05.019649+00:00,1,1,246.8,0.879,14711.6,46,FAILED,0.3911,False,0.0
pay_101369,cust_01569,791.91,INR,upi,account_blocked,2026-09-03T20:38:16.852139+00:00,1,2,720.6,0.611,5555.65,3,FAILED,0.01,False,0.0
pay_101370,cust_01570,2983.15,INR,card,3ds_timeout,2026-09-04T06:26:13.115552+00:00,2,0,132.7,0.917,36586.45,6,FAILED,0.722,False,0.0
pay_101371,cust_01571,568.42,INR,card,temporary_bank_error,2026-09-02T08:50:24.083941+00:00,1,1,2868.5,0.818,65946.95,46,FAILED,0.6186,False,0.0
pay_101372,cust_01572,3689.0,INR,netbanking,customer_abandonment,2026-09-04T01:52:44.898740+00:00,1,1,406.1,0.313,712.9,9,FAILED,0.01,False,0.0
pay_101373,cust_01573,3783.41,INR,upi,authentication_failure,2026-09-03T22:42:16.128396+00:00,1,0,596.6,0.694,67346.2,15,RECOVERED,0.8162,True,3783.41
pay_101374,cust_01574,4333.95,INR,card,insufficient_funds,2026-09-04T01:16:18.549505+00:00,1,0,442.6,0.72,100485.72,25,RECOVERED,0.4931,True,4333.95
pay_101375,cust_01575,1609.54,INR,card,3ds_timeout,2026-09-03T11:08:13.999529+00:00,1,0,1290.6,0.762,73556.0,21,RECOVERED,0.7567,True,1609.54
pay_101376,cust_01576,1131.11,INR,upi,authentication_failure,2026-09-04T00:55:50.102126+00:00,1,2,463.0,0.854,90857.25,30,RECOVERED,0.6193,True,1131.11
pay_101377,cust_01577,7219.17,INR,upi,payment_method_issue,2026-09-03T07:52:32.061296+00:00,2,0,1486.3,0.898,30690.27,44,FAILED,0.4951,False,0.0
pay_101378,cust_01578,3588.6,INR,card,authentication_failure,2026-09-04T08:22:22.733201+00:00,2,0,16.5,0.866,120822.33,23,RECOVERED,0.8294,True,3588.6
pay_101379,cust_01579,3124.34,INR,netbanking,authentication_failure,2026-09-04T01:40:24.985819+00:00,3,0,418.5,0.549,46412.38,14,RECOVERED,0.5492,True,3124.34
pay_101380,cust_01580,1560.61,INR,upi,authentication_failure,2026-09-04T04:18:34.154903+00:00,1,2,260.3,0.922,89996.55,39,FAILED,0.5566,False,0.0
pay_101381,cust_01581,2084.84,INR,card,temporary_bank_error,2026-09-03T08:47:00.976425+00:00,1,0,1431.9,0.968,267356.98,40,RECOVERED,0.9007,True,2084.84
pay_101382,cust_01582,3429.29,INR,card,authentication_failure,2026-09-04T00:32:26.706498+00:00,1,1,486.4,0.841,250527.42,40,RECOVERED,0.6312,True,3429.29
pay_101383,cust_01583,1675.7,INR,upi,payment_method_issue,2026-09-04T07:41:46.735068+00:00,1,0,57.1,0.899,46097.7,37,RECOVERED,0.6831,True,1675.7
pay_101384,cust_01584,3316.22,INR,card,temporary_bank_error,2026-09-03T15:09:01.460565+00:00,3,1,1049.8,0.792,219594.56,41,RECOVERED,0.5291,True,3316.22
pay_101385,cust_01585,912.84,INR,emi,temporary_bank_error,2026-09-03T22:22:27.672884+00:00,1,0,616.4,0.904,19010.88,21,RECOVERED,0.827,True,912.84
pay_101386,cust_01586,4670.42,INR,card,3ds_timeout,2026-09-04T05:55:10.811063+00:00,1,1,163.7,0.901,22460.04,11,FAILED,0.6785,False,0.0
pay_101387,cust_01587,1020.05,INR,upi,temporary_bank_error,2026-08-31T15:03:51.758253+00:00,2,0,5375.0,0.826,100840.6,47,RECOVERED,0.6886,True,1020.05
pay_101388,cust_01588,1363.39,INR,upi,authentication_failure,2026-09-01T07:12:05.765104+00:00,1,1,4406.8,0.823,41561.52,32,RECOVERED,0.6231,True,1363.39
pay_101389,cust_01589,2332.65,INR,upi,temporary_bank_error,2026-09-03T12:04:51.111643+00:00,1,0,1234.0,0.943,66393.24,13,FAILED,0.95,False,0.0
pay_101390,cust_01590,1462.16,INR,upi,network_failure,2026-09-01T19:16:07.635576+00:00,2,2,3682.7,0.928,150079.71,36,FAILED,0.5627,False,0.0
pay_101391,cust_01591,1309.77,INR,card,authentication_failure,2026-09-04T01:38:04.364985+00:00,1,0,420.8,0.692,28651.96,6,RECOVERED,0.8473,True,1309.77
pay_101392,cust_01592,2560.05,INR,upi,authentication_failure,2026-09-03T21:33:32.736616+00:00,3,1,665.3,0.703,61962.24,18,FAILED,0.5646,False,0.0
pay_101393,cust_01593,3460.8,INR,card,network_failure,2026-09-03T22:44:57.253500+00:00,1,0,593.9,0.758,67270.65,21,RECOVERED,0.9052,True,3460.8
pay_101394,cust_01594,5085.73,INR,upi,network_failure,2026-09-03T20:25:35.178184+00:00,1,0,733.3,0.801,196213.05,42,FAILED,0.9023,False,0.0
pay_101395,cust_01595,3097.82,INR,upi,network_failure,2026-09-03T16:35:14.459271+00:00,1,1,963.6,0.841,11828.36,37,RECOVERED,0.7489,True,3097.82
pay_101396,cust_01596,4760.83,INR,upi,network_failure,2026-09-01T14:27:42.919971+00:00,1,0,3971.2,0.448,5038.26,7,RECOVERED,0.7211,True,4760.83
pay_101397,cust_01597,6001.05,INR,upi,3ds_timeout,2026-09-04T05:09:20.374146+00:00,2,0,209.5,0.064,0.0,8,RECOVERED,0.5688,True,6001.05
pay_101398,cust_01598,2569.73,INR,upi,3ds_timeout,2026-09-01T11:46:08.525504+00:00,1,2,4132.7,0.576,23018.24,13,FAILED,0.4167,False,0.0
pay_101399,cust_01599,382.89,INR,upi,authentication_failure,2026-09-03T10:29:16.363124+00:00,1,1,1329.6,0.16,5178.47,9,FAILED,0.6089,False,0.0
pay_101400,cust_01600,1871.48,INR,card,insufficient_funds,2026-09-03T20:40:06.286783+00:00,1,0,718.8,0.79,115725.24,46,FAILED,0.5311,False,0.0
pay_101401,cust_01601,8270.02,INR,card,customer_abandonment,2026-09-04T01:54:54.706298+00:00,1,1,404.0,0.974,76969.08,19,FAILED,0.1604,False,0.0
pay_101402,cust_01602,495.25,INR,netbanking,authentication_failure,2026-09-03T06:41:15.472718+00:00,1,2,1557.6,0.702,4164.14,2,FAILED,0.4662,False,0.0
pay_101403,cust_01603,13278.9,INR,upi,network_failure,2026-09-01T02:23:23.400169+00:00,1,0,4695.5,0.898,23309.6,18,RECOVERED,0.7928,True,13278.9
pay_101404,cust_01604,1244.99,INR,upi,temporary_bank_error,2026-09-03T20:01:02.542635+00:00,1,1,757.8,0.541,35075.82,12,RECOVERED,0.7415,True,1244.99
pay_101405,cust_01605,1697.13,INR,upi,authentication_failure,2026-09-04T04:12:06.802396+00:00,1,0,266.8,0.787,11347.92,31,RECOVERED,0.95,True,1697.13
pay_101406,cust_01606,2272.24,INR,card,temporary_bank_error,2026-09-01T23:07:38.793079+00:00,1,0,3451.2,0.895,42954.84,7,RECOVERED,0.7983,True,2272.24
pay_101407,cust_01607,1208.92,INR,emi,insufficient_funds,2026-09-02T10:28:36.496773+00:00,1,0,2770.3,0.226,4915.05,7,FAILED,0.2931,False,0.0
pay_101408,cust_01608,947.2,INR,upi,insufficient_funds,2026-09-04T07:52:12.725910+00:00,1,1,46.7,0.722,18794.35,8,FAILED,0.3561,False,0.0
pay_101409,cust_01609,1009.23,INR,upi,payment_method_issue,2026-09-03T12:46:23.586779+00:00,1,0,1192.5,0.844,70603.94,14,RECOVERED,0.6168,True,1009.23
pay_101410,cust_01610,431.01,INR,upi,3ds_timeout,2026-09-03T03:35:03.085970+00:00,2,0,1743.8,0.917,170248.53,26,FAILED,0.7039,False,0.0
pay_101411,cust_01611,3552.24,INR,wallet,temporary_bank_error,2026-09-03T10:41:57.383401+00:00,1,2,1316.9,0.78,7432.32,6,RECOVERED,0.6414,True,3552.24
pay_101412,cust_01612,9768.39,INR,netbanking,authentication_failure,2026-09-01T23:08:38.715416+00:00,1,0,3450.2,0.46,44267.13,21,FAILED,0.6028,False,0.0
pay_101413,cust_01613,1776.3,INR,upi,temporary_bank_error,2026-09-03T14:10:26.597135+00:00,1,0,1108.4,0.78,146932.5,43,FAILED,0.8487,False,0.0
pay_101414,cust_01614,2313.22,INR,card,temporary_bank_error,2026-09-02T01:31:00.342963+00:00,3,1,3307.9,0.847,28359.25,7,RECOVERED,0.4784,True,2313.22
pay_101415,cust_01615,4121.49,INR,upi,payment_method_issue,2026-09-03T17:08:24.799927+00:00,3,0,930.5,0.935,213125.85,49,RECOVERED,0.5118,True,4121.49
pay_101416,cust_01616,1870.43,INR,card,temporary_bank_error,2026-09-04T08:11:25.542737+00:00,1,0,27.4,0.709,4962.3,4,RECOVERED,0.8725,True,1870.43
pay_101417,cust_01617,9638.62,INR,upi,3ds_timeout,2026-09-03T03:51:41.256617+00:00,1,1,1727.2,0.921,19002.0,5,FAILED,0.703,False,0.0
pay_101418,cust_01618,3986.82,INR,card,authentication_failure,2026-09-04T03:18:39.690391+00:00,3,1,320.2,0.634,24136.77,12,FAILED,0.4834,False,0.0
pay_101419,cust_01619,2203.48,INR,upi,temporary_bank_error,2026-09-02T21:17:25.923821+00:00,3,1,2121.4,0.81,110404.02,39,RECOVERED,0.5552,True,2203.48
pay_101420,cust_01620,1177.54,INR,netbanking,network_failure,2026-09-03T18:08:07.627570+00:00,1,0,870.7,0.54,40150.0,19,RECOVERED,0.7447,True,1177.54
pay_101421,cust_01621,4524.71,INR,netbanking,network_failure,2026-09-04T00:12:33.935523+00:00,1,0,506.3,0.821,137748.6,27,RECOVERED,0.915,True,4524.71
pay_101422,cust_01622,1393.81,INR,upi,authentication_failure,2026-09-03T06:29:36.753394+00:00,1,0,1569.3,0.803,296758.41,49,RECOVERED,0.8071,True,1393.81
pay_101423,cust_01623,950.91,INR,upi,authentication_failure,2026-09-04T08:04:18.664345+00:00,1,1,34.6,0.672,79342.76,21,RECOVERED,0.7603,True,950.91
pay_101424,cust_01624,3321.8,INR,card,network_failure,2026-09-02T11:41:56.494256+00:00,2,0,2696.9,0.771,39318.5,14,FAILED,0.7292,False,0.0
pay_101425,cust_01625,5128.67,INR,upi,network_failure,2026-09-03T15:25:41.501383+00:00,1,1,1033.2,0.835,20675.2,43,RECOVERED,0.8121,True,5128.67
pay_101426,cust_01626,13298.81,INR,wallet,insufficient_funds,2026-09-02T06:36:11.655715+00:00,1,1,3002.7,0.497,7424.7,21,RECOVERED,0.3126,True,13298.81
pay_101427,cust_01627,1940.57,INR,netbanking,authentication_failure,2026-09-02T23:33:53.153147+00:00,2,0,1985.0,0.946,87578.75,38,RECOVERED,0.6396,True,1940.57
pay_101428,cust_01628,3949.22,INR,upi,temporary_bank_error,2026-09-04T01:15:46.922671+00:00,1,1,443.1,0.803,65879.88,15,RECOVERED,0.7314,True,3949.22
pay_101429,cust_01629,972.28,INR,card,network_failure,2026-09-02T17:24:41.713479+00:00,1,0,2354.2,0.08,0.0,5,RECOVERED,0.6806,True,972.28
pay_101430,cust_01630,5704.04,INR,upi,insufficient_funds,2026-09-03T09:39:47.436632+00:00,1,2,1379.1,0.869,35619.05,50,FAILED,0.3169,False,0.0
pay_101431,cust_01631,1088.18,INR,upi,payment_method_issue,2026-09-03T04:05:45.147813+00:00,3,1,1713.1,0.168,0.0,5,FAILED,0.1836,False,0.0
pay_101432,cust_01632,7961.49,INR,upi,network_failure,2026-09-03T08:36:41.654890+00:00,1,0,1442.2,0.79,32473.62,37,FAILED,0.8845,False,0.0
pay_101433,cust_01633,1458.63,INR,card,authentication_failure,2026-09-02T12:08:46.283813+00:00,1,1,2670.1,0.323,7046.07,5,RECOVERED,0.4296,True,1458.63
pay_101434,cust_01634,3158.83,INR,card,insufficient_funds,2026-09-04T05:47:12.279570+00:00,1,0,171.7,0.241,0.0,4,FAILED,0.3557,False,0.0
pay_101435,cust_01635,1637.33,INR,upi,payment_method_issue,2026-09-02T13:20:01.135842+00:00,1,0,2598.9,0.564,4100.85,10,RECOVERED,0.5397,True,1637.33
pay_101436,cust_01636,2839.32,INR,card,insufficient_funds,2026-09-03T19:36:19.783231+00:00,1,0,782.5,0.54,29939.56,13,FAILED,0.4509,False,0.0
pay_101437,cust_01637,2069.89,INR,card,payment_method_issue,2026-09-02T19:02:14.132681+00:00,1,2,2256.6,0.842,18593.82,26,FAILED,0.2451,False,0.0
pay_101438,cust_01638,1206.99,INR,upi,insufficient_funds,2026-09-04T06:45:44.762115+00:00,3,2,113.1,0.882,106299.34,16,FAILED,0.1668,False,0.0
pay_101439,cust_01639,1077.34,INR,netbanking,temporary_bank_error,2026-09-04T08:21:40.626448+00:00,2,2,17.2,0.697,10324.5,8,RECOVERED,0.5054,True,1077.34
pay_101440,cust_01640,445.86,INR,card,insufficient_funds,2026-09-01T22:11:06.739805+00:00,2,0,3507.8,0.775,38526.25,10,FAILED,0.4043,False,0.0
pay_101441,cust_01641,12469.4,INR,wallet,account_blocked,2026-09-04T02:12:21.656071+00:00,1,0,386.5,0.338,10158.28,6,FAILED,0.01,False,0.0
pay_101442,cust_01642,1966.61,INR,card,network_failure,2026-09-03T04:46:34.380532+00:00,1,0,1672.3,0.976,88489.8,37,RECOVERED,0.8897,True,1966.61
pay_101443,cust_01643,475.65,INR,upi,temporary_bank_error,2026-09-04T02:18:15.065369+00:00,2,0,380.6,0.934,241130.88,35,RECOVERED,0.8882,True,475.65
pay_101444,cust_01644,2062.7,INR,upi,3ds_timeout,2026-09-02T22:59:44.919812+00:00,1,1,2019.1,0.664,78191.1,16,RECOVERED,0.5724,True,2062.7
pay_101445,cust_01645,1077.03,INR,card,temporary_bank_error,2026-09-03T14:38:54.091954+00:00,1,1,1080.0,0.798,35500.08,42,RECOVERED,0.6959,True,1077.03
pay_101446,cust_01646,2149.38,INR,card,temporary_bank_error,2026-09-01T09:11:17.163594+00:00,1,1,4287.6,0.805,215058.48,35,FAILED,0.6332,False,0.0
pay_101447,cust_01647,3718.15,INR,upi,insufficient_funds,2026-09-02T15:06:16.348915+00:00,1,0,2492.6,0.846,71555.3,28,FAILED,0.4996,False,0.0
pay_101448,cust_01648,853.48,INR,upi,temporary_bank_error,2026-09-03T01:36:52.696515+00:00,1,1,1862.0,0.975,94758.16,48,RECOVERED,0.8088,True,853.48
pay_101449,cust_01649,1219.97,INR,card,network_failure,2026-08-31T20:01:38.665203+00:00,1,0,5077.2,0.947,22768.0,17,RECOVERED,0.7188,True,1219.97
pay_101450,cust_01650,776.83,INR,upi,3ds_timeout,2026-09-04T04:50:58.694831+00:00,2,1,227.9,0.781,149833.25,45,RECOVERED,0.5829,True,776.83
pay_101451,cust_01651,1426.41,INR,upi,insufficient_funds,2026-09-03T06:31:59.647831+00:00,1,0,1566.9,0.947,23573.83,8,RECOVERED,0.5898,True,1426.41
pay_101452,cust_01652,1851.46,INR,netbanking,customer_abandonment,2026-09-01T18:13:40.146188+00:00,2,0,3745.2,0.895,174967.73,33,RECOVERED,0.245,True,1851.46
pay_101453,cust_01653,331.47,INR,card,3ds_timeout,2026-09-02T04:56:54.239782+00:00,3,2,3102.0,0.936,11318.25,27,FAILED,0.3671,False,0.0
pay_101454,cust_01654,1277.89,INR,upi,temporary_bank_error,2026-09-03T09:47:25.606660+00:00,2,0,1371.4,0.882,177838.8,46,RECOVERED,0.8057,True,1277.89
pay_101455,cust_01655,2441.83,INR,upi,network_failure,2026-09-04T06:07:35.579423+00:00,1,0,151.3,0.919,29108.25,10,RECOVERED,0.95,True,2441.83
pay_101456,cust_01656,1233.86,INR,upi,network_failure,2026-09-03T07:39:08.056013+00:00,2,0,1499.7,0.618,24835.93,12,RECOVERED,0.7763,True,1233.86
pay_101457,cust_01657,217.23,INR,wallet,network_failure,2026-09-03T15:11:55.867317+00:00,1,0,1046.9,0.829,54799.2,25,RECOVERED,0.8928,True,217.23
pay_101458,cust_01658,3650.92,INR,upi,authentication_failure,2026-09-04T06:25:24.189912+00:00,2,0,133.5,0.492,44194.5,16,RECOVERED,0.7178,True,3650.92
pay_101459,cust_01659,1053.35,INR,card,authentication_failure,2026-09-04T06:45:15.115974+00:00,1,1,113.6,0.191,0.0,3,RECOVERED,0.4951,True,1053.35
pay_101460,cust_01660,779.16,INR,card,payment_method_issue,2026-09-03T14:33:22.161742+00:00,3,1,1085.5,0.921,17292.6,10,FAILED,0.3493,False,0.0
pay_101461,cust_01661,4395.43,INR,wallet,3ds_timeout,2026-09-04T06:47:00.301075+00:00,1,0,111.9,0.211,0.0,1,RECOVERED,0.5872,True,4395.43
pay_101462,cust_01662,4504.13,INR,upi,temporary_bank_error,2026-09-03T08:30:32.506968+00:00,1,1,1448.3,0.786,269036.64,46,FAILED,0.716,False,0.0
pay_101463,cust_01663,2143.89,INR,upi,temporary_bank_error,2026-09-03T22:23:02.393705+00:00,2,0,615.8,0.551,3932.49,6,RECOVERED,0.7294,True,2143.89
pay_101464,cust_01664,1108.93,INR,upi,network_failure,2026-09-03T17:23:58.349651+00:00,1,0,914.9,0.961,128613.87,35,FAILED,0.95,False,0.0
pay_101465,cust_01665,3774.18,INR,card,insufficient_funds,2026-09-04T05:56:02.425002+00:00,2,1,162.8,0.973,209267.97,49,FAILED,0.3933,False,0.0
pay_101466,cust_01666,3611.78,INR,netbanking,network_failure,2026-09-03T04:29:06.630190+00:00,1,0,1689.8,0.698,43306.4,15,RECOVERED,0.8458,True,3611.78
pay_101467,cust_01667,589.66,INR,card,insufficient_funds,2026-09-03T16:11:42.816975+00:00,1,0,987.2,0.935,80117.7,33,RECOVERED,0.4846,True,589.66
pay_101468,cust_01668,997.87,INR,upi,network_failure,2026-09-03T21:10:09.228799+00:00,2,2,688.7,0.87,32427.01,13,RECOVERED,0.5957,True,997.87
pay_101469,cust_01669,4350.1,INR,upi,network_failure,2026-09-04T00:57:15.544766+00:00,2,0,461.6,0.212,0.0,1,RECOVERED,0.725,True,4350.1
pay_101470,cust_01670,1500.09,INR,upi,payment_method_issue,2026-09-03T15:31:01.466248+00:00,1,1,1027.8,0.793,113637.32,40,FAILED,0.4498,False,0.0
pay_101471,cust_01671,1197.36,INR,upi,temporary_bank_error,2026-09-03T16:07:11.329841+00:00,3,0,991.7,0.475,3551.24,4,RECOVERED,0.6934,True,1197.36
pay_101472,cust_01672,1274.69,INR,upi,payment_method_issue,2026-09-04T04:08:55.155952+00:00,1,0,270.0,0.921,69587.2,22,RECOVERED,0.6323,True,1274.69
pay_101473,cust_01673,5173.9,INR,netbanking,authentication_failure,2026-09-04T03:07:51.126842+00:00,1,1,331.0,0.855,67072.04,33,FAILED,0.694,False,0.0
pay_101474,cust_01674,870.11,INR,wallet,network_failure,2026-08-31T07:17:42.147279+00:00,3,0,5841.2,0.761,13641.89,39,FAILED,0.6077,False,0.0
pay_101475,cust_01675,2743.78,INR,card,network_failure,2026-09-03T18:38:22.826182+00:00,1,1,840.5,0.647,4972.6,9,RECOVERED,0.7065,True,2743.78
pay_101476,cust_01676,6358.55,INR,upi,temporary_bank_error,2026-09-03T10:56:02.313222+00:00,2,0,1302.8,0.931,263482.56,36,FAILED,0.8088,False,0.0
pay_101477,cust_01677,1802.44,INR,upi,3ds_timeout,2026-09-04T05:57:57.985977+00:00,1,0,160.9,0.923,8778.0,14,RECOVERED,0.8709,True,1802.44
pay_101478,cust_01678,974.45,INR,wallet,network_failure,2026-09-03T18:49:38.385961+00:00,1,0,829.2,0.956,131856.6,21,RECOVERED,0.92,True,974.45
pay_101479,cust_01679,2412.37,INR,upi,network_failure,2026-09-03T21:18:52.107526+00:00,1,0,680.0,0.551,103452.96,25,RECOVERED,0.7179,True,2412.37
pay_101480,cust_01680,2276.14,INR,card,network_failure,2026-09-04T00:31:05.547727+00:00,3,1,487.8,0.471,33282.66,14,RECOVERED,0.56,True,2276.14
pay_101481,cust_01681,1051.01,INR,card,authentication_failure,2026-09-01T11:03:38.536297+00:00,1,0,4175.2,0.414,30177.91,19,RECOVERED,0.5798,True,1051.01
pay_101482,cust_01682,4824.15,INR,card,temporary_bank_error,2026-09-04T01:20:18.696686+00:00,1,0,438.6,0.954,86986.68,47,RECOVERED,0.9196,True,4824.15
pay_101483,cust_01683,4714.24,INR,upi,network_failure,2026-09-03T03:14:55.330207+00:00,1,1,1764.0,0.788,81636.89,22,FAILED,0.7275,False,0.0
pay_101484,cust_01684,8792.3,INR,upi,network_failure,2026-09-03T20:27:43.176500+00:00,2,0,731.2,0.248,5600.73,8,RECOVERED,0.6774,True,8792.3
pay_101485,cust_01685,381.95,INR,card,network_failure,2026-09-03T23:38:12.885515+00:00,1,2,540.7,0.771,95893.05,44,FAILED,0.6115,False,0.0
pay_101486,cust_01686,446.57,INR,upi,temporary_bank_error,2026-09-03T21:03:16.869946+00:00,1,2,695.6,0.873,11419.83,11,FAILED,0.7232,False,0.0
pay_101487,cust_01687,1899.39,INR,upi,insufficient_funds,2026-09-03T19:17:13.192444+00:00,2,0,801.7,0.674,59455.5,16,FAILED,0.4468,False,0.0
pay_101488,cust_01688,3669.57,INR,card,payment_method_issue,2026-09-02T20:13:43.568101+00:00,2,0,2185.1,0.485,4036.83,3,FAILED,0.3671,False,0.0
pay_101489,cust_01689,4082.85,INR,upi,network_failure,2026-09-04T08:33:52.447543+00:00,2,0,5.0,0.465,13457.64,7,RECOVERED,0.805,True,4082.85
pay_101490,cust_01690,3640.21,INR,upi,insufficient_funds,2026-09-04T01:29:38.664542+00:00,3,0,429.2,0.604,16881.04,19,FAILED,0.2562,False,0.0
pay_101491,cust_01691,1683.06,INR,upi,temporary_bank_error,2026-09-04T04:11:04.250079+00:00,2,0,267.8,0.584,2749.86,16,FAILED,0.6244,False,0.0
pay_101492,cust_01692,1682.29,INR,card,payment_method_issue,2026-09-04T05:04:34.425714+00:00,2,1,214.3,0.524,23525.26,21,RECOVERED,0.3658,True,1682.29
pay_101493,cust_01693,1339.57,INR,upi,network_failure,2026-09-04T05:04:24.094402+00:00,2,0,214.5,0.907,53525.16,40,RECOVERED,0.9259,True,1339.57
pay_101494,cust_01694,6597.21,INR,card,3ds_timeout,2026-09-03T04:49:09.011302+00:00,2,0,1669.7,0.772,29283.48,47,RECOVERED,0.6678,True,6597.21
pay_101495,cust_01695,4561.12,INR,upi,network_failure,2026-09-02T10:48:46.901174+00:00,1,0,2750.1,0.794,23483.95,7,RECOVERED,0.8034,True,4561.12
pay_101496,cust_01696,4078.52,INR,netbanking,temporary_bank_error,2026-09-04T07:46:01.329212+00:00,3,1,52.9,0.601,3120.93,3,RECOVERED,0.4249,True,4078.52
pay_101497,cust_01697,1086.36,INR,card,payment_method_issue,2026-09-04T02:38:02.721370+00:00,2,2,360.8,0.121,0.0,8,FAILED,0.0338,False,0.0
pay_101498,cust_01698,2607.57,INR,wallet,network_failure,2026-08-31T19:47:50.052615+00:00,1,0,5091.0,0.921,185628.8,31,FAILED,0.7285,False,0.0
pay_101499,cust_01699,1639.47,INR,card,payment_method_issue,2026-08-31T02:09:04.415704+00:00,1,2,6149.8,0.919,19802.2,24,FAILED,0.2865,False,0.0
pay_101500,cust_01700,1128.62,INR,upi,temporary_bank_error,2026-09-02T18:44:59.686340+00:00,2,0,2273.9,0.581,7148.08,8,RECOVERED,0.7473,True,1128.62
pay_101501,cust_01701,2280.6,INR,upi,3ds_timeout,2026-09-03T21:44:22.358150+00:00,1,0,654.5,0.878,55803.42,11,RECOVERED,0.8609,True,2280.6
pay_101502,cust_01702,2692.21,INR,card,payment_method_issue,2026-09-04T06:24:19.305330+00:00,1,0,134.6,0.545,3168.86,5,RECOVERED,0.5373,True,2692.21
pay_101503,cust_01703,1446.17,INR,upi,authentication_failure,2026-09-04T08:17:10.032693+00:00,2,0,21.7,0.786,122469.27,43,RECOVERED,0.8052,True,1446.17
pay_101504,cust_01704,17470.44,INR,wallet,3ds_timeout,2026-09-03T19:47:28.666165+00:00,1,1,771.4,0.16,0.0,6,FAILED,0.5029,False,0.0
pay_101505,cust_01705,1205.93,INR,upi,3ds_timeout,2026-09-03T12:57:02.666831+00:00,1,1,1181.8,0.875,154898.75,29,FAILED,0.7305,False,0.0
pay_101506,cust_01706,3582.64,INR,emi,authentication_failure,2026-09-04T05:46:01.895874+00:00,2,1,172.8,0.05,0.0,1,RECOVERED,0.388,True,3582.64
pay_101507,cust_01707,3820.06,INR,wallet,3ds_timeout,2026-09-03T10:53:38.186391+00:00,1,0,1305.2,0.153,0.0,5,RECOVERED,0.5755,True,3820.06
pay_101508,cust_01708,648.18,INR,card,payment_method_issue,2026-09-03T05:24:44.791833+00:00,1,1,1634.1,0.721,51640.12,10,FAILED,0.3688,False,0.0
pay_101509,cust_01709,6465.79,INR,card,authentication_failure,2026-09-02T21:15:24.627328+00:00,1,0,2123.5,0.759,30040.4,27,RECOVERED,0.7568,True,6465.79
pay_101510,cust_01710,4076.83,INR,upi,account_blocked,2026-09-04T05:36:40.226794+00:00,1,1,182.2,0.937,42234.75,10,FAILED,0.0525,False,0.0
pay_101511,cust_01711,1583.9,INR,card,payment_method_issue,2026-09-02T09:38:03.584677+00:00,2,0,2820.8,0.67,16238.92,7,RECOVERED,0.4518,True,1583.9
pay_101512,cust_01712,4591.89,INR,upi,temporary_bank_error,2026-09-02T11:26:21.757059+00:00,2,0,2712.5,0.413,25903.28,20,RECOVERED,0.6096,True,4591.89
pay_101513,cust_01713,2178.49,INR,card,account_blocked,2026-09-04T07:16:17.494853+00:00,1,2,82.6,0.548,13994.72,5,FAILED,0.01,False,0.0
pay_101514,cust_01714,1907.85,INR,upi,authentication_failure,2026-09-03T22:57:43.331967+00:00,1,2,581.2,0.266,716.79,7,FAILED,0.4835,False,0.0
pay_101515,cust_01715,2119.83,INR,wallet,payment_method_issue,2026-09-03T04:18:29.974635+00:00,1,1,1700.4,0.825,80005.6,49,RECOVERED,0.5085,True,2119.83
pay_101516,cust_01716,683.76,INR,wallet,network_failure,2026-09-04T00:33:39.412324+00:00,3,0,485.2,0.596,4020.12,4,RECOVERED,0.6826,True,683.76
pay_101517,cust_01717,1025.69,INR,card,network_failure,2026-09-04T07:12:34.659005+00:00,3,0,86.3,0.769,187206.83,41,RECOVERED,0.7111,True,1025.69
pay_101518,cust_01718,2814.02,INR,upi,authentication_failure,2026-09-03T21:43:54.139142+00:00,1,2,655.0,0.85,53459.49,49,FAILED,0.6759,False,0.0
pay_101519,cust_01719,2262.27,INR,netbanking,payment_method_issue,2026-09-04T03:45:59.446735+00:00,1,0,292.9,0.9,69314.85,17,RECOVERED,0.5773,True,2262.27
pay_101520,cust_01720,1395.55,INR,netbanking,3ds_timeout,2026-09-03T01:15:31.829341+00:00,3,0,1883.3,0.849,296634.4,48,RECOVERED,0.5867,True,1395.55
pay_101521,cust_01721,4315.65,INR,netbanking,network_failure,2026-09-04T08:05:12.250768+00:00,1,0,33.7,0.83,59056.8,25,RECOVERED,0.9244,True,4315.65
pay_101522,cust_01722,2328.31,INR,wallet,temporary_bank_error,2026-09-02T11:54:41.977783+00:00,1,0,2684.2,0.26,10197.0,8,RECOVERED,0.6094,True,2328.31
pay_101523,cust_01723,3339.44,INR,upi,3ds_timeout,2026-09-03T18:14:04.012076+00:00,1,2,864.8,0.453,75529.08,25,RECOVERED,0.4491,True,3339.44
pay_101524,cust_01724,1602.37,INR,upi,temporary_bank_error,2026-09-04T00:50:09.357632+00:00,1,0,468.7,0.365,405.75,5,FAILED,0.7606,False,0.0
pay_101525,cust_01725,7146.45,INR,card,network_failure,2026-09-03T18:30:58.327816+00:00,1,1,847.9,0.798,59874.64,39,FAILED,0.8001,False,0.0
pay_101526,cust_01726,1187.34,INR,card,3ds_timeout,2026-09-02T06:50:09.963554+00:00,1,1,2988.7,0.918,67824.6,14,FAILED,0.6102,False,0.0
pay_101527,cust_01727,897.4,INR,upi,temporary_bank_error,2026-09-03T15:27:25.368731+00:00,2,1,1031.5,0.809,14921.4,8,RECOVERED,0.6411,True,897.4
pay_101528,cust_01728,10335.66,INR,upi,temporary_bank_error,2026-09-04T04:17:08.179868+00:00,1,1,261.7,0.403,26924.35,14,RECOVERED,0.6599,True,10335.66
pay_101529,cust_01729,3976.46,INR,card,network_failure,2026-09-03T11:21:40.720420+00:00,1,0,1277.2,0.953,56160.0,29,RECOVERED,0.9382,True,3976.46
pay_101530,cust_01730,19774.92,INR,card,authentication_failure,2026-09-03T02:28:43.936165+00:00,1,0,1810.1,0.887,13883.28,10,RECOVERED,0.7704,True,19774.92
pay_101531,cust_01731,1254.32,INR,upi,account_blocked,2026-09-01T05:08:06.618680+00:00,1,0,4530.8,0.962,65975.27,24,FAILED,0.1842,False,0.0
pay_101532,cust_01732,695.02,INR,card,insufficient_funds,2026-09-01T08:27:17.511752+00:00,1,0,4331.6,0.831,97232.67,45,RECOVERED,0.4221,True,695.02
pay_101533,cust_01733,5097.62,INR,upi,insufficient_funds,2026-09-02T07:36:30.803232+00:00,1,0,2942.4,0.839,37849.25,6,RECOVERED,0.4465,True,5097.62
pay_101534,cust_01734,768.66,INR,upi,payment_method_issue,2026-09-03T18:16:59.110411+00:00,2,1,861.9,0.623,11840.3,4,FAILED,0.3345,False,0.0
pay_101535,cust_01735,5792.65,INR,upi,insufficient_funds,2026-09-02T01:58:35.089565+00:00,1,0,3280.3,0.542,14761.7,20,RECOVERED,0.4156,True,5792.65
pay_101536,cust_01736,683.96,INR,upi,temporary_bank_error,2026-09-04T03:59:50.585317+00:00,1,0,279.0,0.78,47846.4,46,RECOVERED,0.8847,True,683.96
pay_101537,cust_01737,4866.39,INR,upi,3ds_timeout,2026-09-02T22:06:01.422318+00:00,1,0,2072.9,0.912,248323.42,38,RECOVERED,0.8175,True,4866.39
pay_101538,cust_01738,2612.45,INR,wallet,temporary_bank_error,2026-09-03T15:51:28.156373+00:00,1,2,1007.4,0.362,1644.34,6,FAILED,0.4812,False,0.0
pay_101539,cust_01739,1604.05,INR,upi,network_failure,2026-09-01T23:02:31.397175+00:00,2,0,3456.4,0.952,30969.25,6,RECOVERED,0.7829,True,1604.05
pay_101540,cust_01740,1151.37,INR,wallet,insufficient_funds,2026-09-03T07:10:59.382916+00:00,2,0,1527.9,0.679,104804.42,22,RECOVERED,0.4062,True,1151.37
pay_101541,cust_01741,731.24,INR,netbanking,temporary_bank_error,2026-09-03T12:47:45.631928+00:00,1,0,1191.1,0.756,166666.17,44,RECOVERED,0.8273,True,731.24
pay_101542,cust_01742,2568.25,INR,netbanking,3ds_timeout,2026-09-04T02:18:30.757879+00:00,2,0,380.4,0.803,12265.24,6,RECOVERED,0.622,True,2568.25
pay_101543,cust_01743,1737.64,INR,wallet,temporary_bank_error,2026-09-03T14:47:04.779405+00:00,1,0,1071.8,0.899,96059.6,16,RECOVERED,0.9327,True,1737.64
pay_101544,cust_01744,6610.18,INR,card,temporary_bank_error,2026-09-04T01:28:51.746719+00:00,2,1,430.0,0.757,22277.55,5,RECOVERED,0.615,True,6610.18
pay_101545,cust_01745,629.46,INR,upi,3ds_timeout,2026-09-03T05:12:38.207395+00:00,1,1,1646.2,0.422,41861.34,16,FAILED,0.5836,False,0.0
pay_101546,cust_01746,4361.88,INR,wallet,payment_method_issue,2026-09-03T08:25:12.923944+00:00,3,1,1453.7,0.545,4981.06,3,FAILED,0.2392,False,0.0
pay_101547,cust_01747,1609.54,INR,upi,account_blocked,2026-09-03T11:20:27.840381+00:00,1,0,1278.4,0.652,57569.59,21,FAILED,0.057,False,0.0
pay_101548,cust_01748,1933.33,INR,upi,3ds_timeout,2026-09-03T02:25:20.851638+00:00,1,0,1813.5,0.952,81586.19,20,RECOVERED,0.9206,True,1933.33
pay_101549,cust_01749,1070.5,INR,upi,network_failure,2026-09-03T21:28:58.582765+00:00,2,0,669.9,0.926,12332.95,8,RECOVERED,0.922,True,1070.5
pay_101550,cust_01750,1445.43,INR,card,payment_method_issue,2026-09-04T02:01:23.803818+00:00,1,0,397.5,0.847,272932.35,44,RECOVERED,0.6589,True,1445.43
pay_101551,cust_01751,2130.12,INR,emi,temporary_bank_error,2026-09-03T03:30:31.625929+00:00,1,0,1748.3,0.554,54015.78,25,RECOVERED,0.6971,True,2130.12
pay_101552,cust_01752,2139.68,INR,upi,network_failure,2026-09-04T01:19:39.969739+00:00,2,0,439.2,0.845,13279.14,33,RECOVERED,0.8105,True,2139.68
pay_101553,cust_01753,1885.06,INR,upi,network_failure,2026-09-04T06:03:05.640080+00:00,3,0,155.8,0.825,269550.55,46,RECOVERED,0.8776,True,1885.06
pay_101554,cust_01754,2383.93,INR,upi,network_failure,2026-09-02T03:31:38.658172+00:00,1,0,3187.2,0.853,22007.78,28,RECOVERED,0.8402,True,2383.93
pay_101555,cust_01755,5257.36,INR,card,3ds_timeout,2026-08-30T07:46:45.355773+00:00,1,2,7252.1,0.179,638.08,7,FAILED,0.2441,False,0.0
pay_101556,cust_01756,1134.61,INR,upi,network_failure,2026-09-04T05:36:03.350699+00:00,1,0,182.8,0.693,27959.6,7,RECOVERED,0.95,True,1134.61
pay_101557,cust_01757,7497.54,INR,upi,authentication_failure,2026-09-01T18:36:06.789338+00:00,3,0,3722.8,0.918,75708.3,33,RECOVERED,0.7232,True,7497.54
pay_101558,cust_01758,5554.06,INR,netbanking,authentication_failure,2026-09-02T09:48:35.083123+00:00,2,1,2810.3,0.926,15326.2,5,RECOVERED,0.5692,True,5554.06
pay_101559,cust_01759,1586.92,INR,upi,network_failure,2026-09-02T18:32:44.882162+00:00,1,0,2286.1,0.481,48401.28,20,RECOVERED,0.8016,True,1586.92
pay_101560,cust_01760,1111.72,INR,wallet,insufficient_funds,2026-09-03T13:17:40.778947+00:00,1,0,1161.2,0.402,17090.29,19,FAILED,0.3634,False,0.0
pay_101561,cust_01761,296.46,INR,wallet,network_failure,2026-09-03T19:38:19.085105+00:00,3,0,780.6,0.763,11655.0,27,RECOVERED,0.7135,True,296.46
pay_101562,cust_01762,162.26,INR,card,network_failure,2026-09-03T15:22:23.303856+00:00,1,0,1036.5,0.962,7969.01,8,RECOVERED,0.9139,True,162.26
pay_101563,cust_01763,1433.78,INR,card,payment_method_issue,2026-09-03T05:21:09.629128+00:00,1,1,1637.7,0.635,61185.54,21,FAILED,0.4493,False,0.0
pay_101564,cust_01764,576.84,INR,card,authentication_failure,2026-09-02T11:15:19.665812+00:00,1,0,2723.5,0.758,50143.14,24,FAILED,0.6879,False,0.0
pay_101565,cust_01765,1699.57,INR,card,temporary_bank_error,2026-09-04T08:11:52.851931+00:00,1,1,27.0,0.422,9352.0,17,FAILED,0.6086,False,0.0
pay_101566,cust_01766,4283.57,INR,upi,network_failure,2026-09-03T14:58:09.013246+00:00,3,0,1060.7,0.91,29920.8,44,RECOVERED,0.8282,True,4283.57
pay_101567,cust_01767,841.91,INR,upi,network_failure,2026-09-02T19:21:26.250700+00:00,1,0,2237.4,0.214,14981.94,10,RECOVERED,0.6717,True,841.91
pay_101568,cust_01768,2128.64,INR,emi,temporary_bank_error,2026-09-04T05:36:59.529040+00:00,1,0,181.9,0.882,114937.46,44,RECOVERED,0.8171,True,2128.64
pay_101569,cust_01769,2173.78,INR,card,temporary_bank_error,2026-09-03T13:54:46.490857+00:00,1,0,1124.1,0.895,208686.4,36,RECOVERED,0.8642,True,2173.78
pay_101570,cust_01770,5072.2,INR,emi,temporary_bank_error,2026-09-04T08:12:02.913706+00:00,1,2,26.8,0.756,218784.56,45,RECOVERED,0.5532,True,5072.2
pay_101571,cust_01771,4264.2,INR,upi,temporary_bank_error,2026-09-03T15:24:00.956275+00:00,1,0,1034.9,0.827,214715.82,40,RECOVERED,0.9159,True,4264.2
pay_101572,cust_01772,1870.28,INR,netbanking,authentication_failure,2026-09-02T21:03:03.756727+00:00,1,0,2135.8,0.487,2669.85,4,RECOVERED,0.6879,True,1870.28
pay_101573,cust_01773,1308.8,INR,card,network_failure,2026-09-03T17:09:33.307431+00:00,1,0,929.3,0.827,141068.4,30,RECOVERED,0.9142,True,1308.8
pay_101574,cust_01774,2842.06,INR,emi,network_failure,2026-09-03T03:49:48.848941+00:00,1,1,1729.1,0.828,155576.07,48,RECOVERED,0.6497,True,2842.06
pay_101575,cust_01775,1839.46,INR,wallet,network_failure,2026-09-03T11:22:22.776899+00:00,3,1,1276.5,0.786,186390.1,34,RECOVERED,0.5755,True,1839.46
pay_101576,cust_01776,5028.12,INR,card,customer_abandonment,2026-09-02T15:04:38.991742+00:00,1,0,2494.2,0.541,9507.81,25,FAILED,0.2512,False,0.0
pay_101577,cust_01777,293.87,INR,upi,authentication_failure,2026-09-03T21:00:43.688467+00:00,1,1,698.1,0.754,167349.0,41,RECOVERED,0.6894,True,293.87
pay_101578,cust_01778,1937.86,INR,card,insufficient_funds,2026-09-03T21:55:10.710318+00:00,1,0,643.7,0.515,35868.91,14,FAILED,0.4456,False,0.0
pay_101579,cust_01779,490.05,INR,wallet,insufficient_funds,2026-09-04T05:52:40.950955+00:00,1,2,166.2,0.777,103149.9,24,FAILED,0.1911,False,0.0
pay_101580,cust_01780,981.33,INR,card,network_failure,2026-09-03T14:54:49.263736+00:00,1,0,1064.1,0.864,53740.23,20,RECOVERED,0.8838,True,981.33
pay_101581,cust_01781,4975.1,INR,card,account_blocked,2026-09-02T06:54:45.944422+00:00,1,0,2984.1,0.836,31444.95,7,FAILED,0.0649,False,0.0
pay_101582,cust_01782,4036.82,INR,wallet,network_failure,2026-09-01T23:19:01.766086+00:00,1,0,3439.8,0.708,7058.52,6,RECOVERED,0.7465,True,4036.82
pay_101583,cust_01783,2502.27,INR,card,network_failure,2026-09-03T03:18:02.390063+00:00,1,0,1760.8,0.449,13260.94,5,RECOVERED,0.8167,True,2502.27
pay_101584,cust_01784,547.99,INR,wallet,network_failure,2026-09-04T03:18:02.185475+00:00,1,0,320.8,0.556,90467.52,24,RECOVERED,0.8596,True,547.99
pay_101585,cust_01785,628.16,INR,card,insufficient_funds,2026-09-03T02:46:03.148405+00:00,1,0,1792.8,0.602,5732.66,4,FAILED,0.4013,False,0.0
pay_101586,cust_01786,2467.61,INR,upi,payment_method_issue,2026-09-04T01:44:30.177655+00:00,2,0,414.4,0.408,20876.6,11,FAILED,0.4328,False,0.0
pay_101587,cust_01787,4192.31,INR,upi,authentication_failure,2026-09-04T04:58:13.981384+00:00,1,0,220.6,0.872,153094.48,33,RECOVERED,0.8883,True,4192.31
pay_101588,cust_01788,1784.04,INR,card,customer_abandonment,2026-09-03T14:58:58.876320+00:00,3,0,1059.9,0.97,161814.26,40,FAILED,0.2262,False,0.0
pay_101589,cust_01789,8076.28,INR,upi,insufficient_funds,2026-09-03T18:55:26.871097+00:00,1,2,823.4,0.783,253141.98,50,FAILED,0.2939,False,0.0
pay_101590,cust_01790,1293.7,INR,upi,3ds_timeout,2026-09-02T05:44:07.051744+00:00,1,1,3054.8,0.955,137495.33,39,FAILED,0.718,False,0.0
pay_101591,cust_01791,1371.14,INR,card,3ds_timeout,2026-09-03T21:44:52.148331+00:00,1,1,654.0,0.762,79626.24,32,FAILED,0.6852,False,0.0
pay_101592,cust_01792,149.42,INR,emi,authentication_failure,2026-09-04T03:55:54.891371+00:00,1,0,283.0,0.638,39498.03,21,RECOVERED,0.7349,True,149.42
pay_101593,cust_01793,3121.06,INR,netbanking,3ds_timeout,2026-09-04T01:36:29.451152+00:00,2,1,422.4,0.962,149503.36,34,FAILED,0.6134,False,0.0
pay_101594,cust_01794,1888.11,INR,upi,account_blocked,2026-09-02T07:59:24.167976+00:00,1,0,2919.5,0.821,213440.42,46,RECOVERED,0.1503,True,1888.11
pay_101595,cust_01795,2177.99,INR,card,authentication_failure,2026-09-04T07:23:10.922905+00:00,2,0,75.7,0.956,146580.6,21,RECOVERED,0.8442,True,2177.99
pay_101596,cust_01796,11674.65,INR,card,authentication_failure,2026-09-04T04:07:27.131143+00:00,3,0,271.4,0.948,87176.44,25,RECOVERED,0.7197,True,11674.65
pay_101597,cust_01797,1452.79,INR,emi,network_failure,2026-09-04T01:07:07.745849+00:00,1,1,451.7,0.856,29680.56,15,RECOVERED,0.6962,True,1452.79
pay_101598,cust_01798,843.72,INR,netbanking,payment_method_issue,2026-09-04T02:08:45.501909+00:00,3,0,390.1,0.843,270271.26,50,FAILED,0.4299,False,0.0
pay_101599,cust_01799,1332.34,INR,upi,authentication_failure,2026-09-04T03:40:01.839411+00:00,1,1,298.8,0.581,38777.04,14,RECOVERED,0.6857,True,1332.34
pay_101600,cust_01800,532.83,INR,netbanking,insufficient_funds,2026-09-03T23:15:51.372763+00:00,1,0,563.0,0.861,20464.5,9,FAILED,0.5152,False,0.0
pay_101601,cust_01001,1413.59,INR,wallet,temporary_bank_error,2026-09-04T00:31:27.133195+00:00,1,0,487.4,0.919,264138.16,48,RECOVERED,0.95,True,1413.59
pay_101602,cust_01002,389.28,INR,card,payment_method_issue,2026-09-02T10:38:05.188707+00:00,1,0,2760.8,0.772,58677.36,19,FAILED,0.5151,False,0.0
pay_101603,cust_01003,4151.65,INR,upi,3ds_timeout,2026-09-03T17:08:18.291907+00:00,1,1,930.6,0.543,38698.8,16,FAILED,0.5811,False,0.0
pay_101604,cust_01004,1738.71,INR,upi,temporary_bank_error,2026-09-04T08:09:26.104079+00:00,1,1,29.4,0.786,21740.4,26,RECOVERED,0.8284,True,1738.71
pay_101605,cust_01005,29789.35,INR,emi,insufficient_funds,2026-09-04T04:24:51.963555+00:00,3,1,254.0,0.674,61401.12,25,FAILED,0.1379,False,0.0
pay_101606,cust_01006,443.98,INR,netbanking,authentication_failure,2026-09-03T12:16:30.483219+00:00,1,0,1222.4,0.941,291837.18,44,FAILED,0.7624,False,0.0
pay_101607,cust_01007,1542.97,INR,card,temporary_bank_error,2026-09-04T00:16:13.698941+00:00,2,0,502.6,0.802,141951.78,23,RECOVERED,0.7854,True,1542.97
pay_101608,cust_01008,339.46,INR,upi,3ds_timeout,2026-09-02T21:25:45.543159+00:00,3,1,2113.1,0.896,38811.0,28,RECOVERED,0.5323,True,339.46
pay_101609,cust_01009,613.19,INR,upi,network_failure,2026-09-04T02:12:14.404678+00:00,1,0,386.6,0.632,9980.62,4,RECOVERED,0.9373,True,613.19
pay_101610,cust_01010,813.14,INR,card,authentication_failure,2026-09-04T00:09:17.105290+00:00,1,2,509.6,0.812,201558.6,45,RECOVERED,0.567,True,813.14
pay_101611,cust_01011,1000.82,INR,netbanking,temporary_bank_error,2026-09-03T18:10:07.067946+00:00,2,1,868.8,0.757,61001.46,25,RECOVERED,0.6204,True,1000.82
pay_101612,cust_01012,894.92,INR,upi,authentication_failure,2026-09-03T23:08:40.060609+00:00,1,1,570.2,0.865,149493.24,46,RECOVERED,0.789,True,894.92
pay_101613,cust_01013,1861.8,INR,card,authentication_failure,2026-09-03T00:20:12.925047+00:00,3,0,1938.7,0.922,209183.96,32,RECOVERED,0.7431,True,1861.8
pay_101614,cust_01014,9694.01,INR,netbanking,temporary_bank_error,2026-09-03T19:52:19.401944+00:00,1,0,766.6,0.771,41582.94,8,RECOVERED,0.8109,True,9694.01
pay_101615,cust_01015,1121.86,INR,netbanking,network_failure,2026-09-02T23:31:49.064061+00:00,1,1,1987.1,0.838,286924.68,43,FAILED,0.6881,False,0.0
pay_101616,cust_01016,639.49,INR,upi,network_failure,2026-09-03T12:47:56.977024+00:00,3,0,1190.9,0.439,48654.08,19,RECOVERED,0.7319,True,639.49
pay_101617,cust_01017,2425.17,INR,card,payment_method_issue,2026-09-02T00:03:37.281577+00:00,1,1,3395.3,0.751,116753.1,21,FAILED,0.3645,False,0.0
pay_101618,cust_01018,1032.53,INR,upi,temporary_bank_error,2026-09-03T12:04:16.541205+00:00,1,0,1234.6,0.897,69601.56,43,RECOVERED,0.8839,True,1032.53
pay_101619,cust_01019,2106.18,INR,upi,insufficient_funds,2026-09-03T23:45:02.018723+00:00,2,2,533.8,0.364,0.0,1,RECOVERED,0.1328,True,2106.18
pay_101620,cust_01020,1758.01,INR,upi,3ds_timeout,2026-09-02T11:04:09.037008+00:00,1,0,2734.7,0.683,15006.46,11,RECOVERED,0.7267,True,1758.01
pay_101621,cust_01021,2253.2,INR,card,insufficient_funds,2026-09-04T00:11:49.778571+00:00,2,0,507.0,0.862,54813.36,9,FAILED,0.4675,False,0.0
pay_101622,cust_01022,2250.76,INR,upi,account_blocked,2026-09-03T17:18:26.322133+00:00,1,2,920.4,0.722,11704.7,7,FAILED,0.01,False,0.0
pay_101623,cust_01023,406.69,INR,upi,insufficient_funds,2026-09-02T17:41:53.258456+00:00,2,1,2337.0,0.635,40503.3,24,FAILED,0.2756,False,0.0
pay_101624,cust_01024,3187.86,INR,upi,temporary_bank_error,2026-09-02T09:30:27.514157+00:00,1,0,2828.4,0.802,9239.2,26,RECOVERED,0.8629,True,3187.86
pay_101625,cust_01025,11553.68,INR,upi,authentication_failure,2026-09-04T03:28:50.548243+00:00,3,1,310.0,0.913,14439.95,8,RECOVERED,0.654,True,11553.68
pay_101626,cust_01026,3375.12,INR,upi,network_failure,2026-09-03T07:32:16.591074+00:00,2,1,1506.6,0.814,56538.98,36,FAILED,0.7094,False,0.0
pay_101627,cust_01027,3149.24,INR,card,payment_method_issue,2026-09-04T05:01:34.863663+00:00,2,0,217.3,0.93,49452.48,31,RECOVERED,0.5793,True,3149.24
pay_101628,cust_01028,2439.84,INR,wallet,insufficient_funds,2026-09-04T05:10:49.603757+00:00,2,2,208.0,0.857,32909.46,8,FAILED,0.0887,False,0.0
pay_101629,cust_01029,670.77,INR,card,insufficient_funds,2026-09-01T01:58:44.406027+00:00,2,1,4720.1,0.437,5293.83,8,FAILED,0.117,False,0.0
pay_101630,cust_01030,2151.89,INR,upi,authentication_failure,2026-09-03T13:12:39.970257+00:00,1,0,1166.2,0.807,25984.77,9,RECOVERED,0.8982,True,2151.89
pay_101631,cust_01031,1247.13,INR,upi,customer_abandonment,2026-09-03T18:33:45.324567+00:00,1,2,845.1,0.334,0.0,2,FAILED,0.01,False,0.0
pay_101632,cust_01032,1022.59,INR,card,insufficient_funds,2026-09-03T17:10:27.456225+00:00,1,1,928.4,0.949,10973.97,8,RECOVERED,0.4339,True,1022.59
pay_101633,cust_01033,2409.3,INR,upi,customer_abandonment,2026-09-03T19:04:03.856281+00:00,1,0,814.8,0.91,194270.76,40,FAILED,0.4254,False,0.0
pay_101634,cust_01034,10318.14,INR,card,network_failure,2026-09-02T05:20:54.253829+00:00,1,1,3078.0,0.763,22311.73,39,RECOVERED,0.6063,True,10318.14
pay_101635,cust_01035,857.25,INR,upi,network_failure,2026-09-03T03:22:58.220707+00:00,1,2,1755.9,0.961,54440.28,38,RECOVERED,0.6873,True,857.25
pay_101636,cust_01036,1897.29,INR,upi,network_failure,2026-09-04T08:18:35.902895+00:00,1,0,20.3,0.905,61363.26,20,RECOVERED,0.95,True,1897.29
pay_101637,cust_01037,2514.47,INR,upi,temporary_bank_error,2026-09-03T17:08:27.358660+00:00,1,0,930.4,0.769,172594.08,47,FAILED,0.9134,False,0.0
pay_101638,cust_01038,3883.14,INR,upi,temporary_bank_error,2026-09-03T18:02:24.956515+00:00,3,0,876.5,0.507,16737.75,10,RECOVERED,0.6138,True,3883.14
pay_101639,cust_01039,1200.54,INR,card,network_failure,2026-09-01T06:10:08.595196+00:00,1,1,4468.7,0.893,286917.84,41,RECOVERED,0.6808,True,1200.54
pay_101640,cust_01040,2266.76,INR,emi,authentication_failure,2026-09-03T01:27:14.926009+00:00,1,0,1871.6,0.965,56563.04,9,RECOVERED,0.7751,True,2266.76
pay_101641,cust_01041,1653.7,INR,upi,account_blocked,2026-09-04T06:13:08.886519+00:00,1,0,145.7,0.639,102383.71,21,FAILED,0.0589,False,0.0
pay_101642,cust_01042,3402.51,INR,card,network_failure,2026-09-03T13:12:52.412733+00:00,2,0,1166.0,0.903,25700.29,13,RECOVERED,0.9054,True,3402.51
pay_101643,cust_01043,983.81,INR,upi,network_failure,2026-09-03T05:23:35.179472+00:00,1,0,1635.3,0.889,129367.92,50,RECOVERED,0.8993,True,983.81
pay_101644,cust_01044,4473.13,INR,card,temporary_bank_error,2026-09-03T21:27:53.321286+00:00,3,0,671.0,0.338,0.0,2,RECOVERED,0.5571,True,4473.13
pay_101645,cust_01045,2883.36,INR,upi,insufficient_funds,2026-09-02T22:44:21.808123+00:00,2,0,2034.5,0.617,9265.08,10,FAILED,0.3502,False,0.0
pay_101646,cust_01046,759.69,INR,netbanking,authentication_failure,2026-09-04T02:32:17.619394+00:00,1,0,366.6,0.767,268629.25,49,RECOVERED,0.7563,True,759.69
pay_101647,cust_01047,2929.28,INR,upi,authentication_failure,2026-09-03T18:13:56.069294+00:00,1,0,864.9,0.849,13367.95,7,RECOVERED,0.8514,True,2929.28
pay_101648,cust_01048,1544.72,INR,upi,3ds_timeout,2026-09-03T13:03:57.536760+00:00,1,0,1174.9,0.627,50455.2,13,RECOVERED,0.7692,True,1544.72
pay_101649,cust_01049,2789.66,INR,upi,payment_method_issue,2026-09-03T22:42:31.270422+00:00,1,0,596.4,0.732,35434.5,7,FAILED,0.586,False,0.0
pay_101650,cust_01050,1825.25,INR,card,network_failure,2026-09-02T18:34:49.389979+00:00,2,0,2284.1,0.694,14126.4,9,RECOVERED,0.7057,True,1825.25
pay_101651,cust_01051,481.11,INR,card,authentication_failure,2026-09-03T17:17:56.658600+00:00,1,0,920.9,0.938,92763.47,34,RECOVERED,0.8902,True,481.11
pay_101652,cust_01052,666.52,INR,upi,network_failure,2026-09-04T00:03:17.441985+00:00,1,0,515.6,0.826,54215.35,9,RECOVERED,0.936,True,666.52
pay_101653,cust_01053,1236.12,INR,wallet,authentication_failure,2026-09-01T20:55:12.338625+00:00,1,0,3583.7,0.976,108294.3,39,RECOVERED,0.8034,True,1236.12
pay_101654,cust_01054,1413.97,INR,upi,network_failure,2026-09-03T02:25:34.925418+00:00,1,0,1813.3,0.976,6808.2,7,RECOVERED,0.9485,True,1413.97
pay_101655,cust_01055,1203.01,INR,netbanking,network_failure,2026-09-04T04:04:41.723111+00:00,1,1,274.2,0.574,57809.52,14,RECOVERED,0.6997,True,1203.01
pay_101656,cust_01056,494.82,INR,netbanking,network_failure,2026-09-03T22:15:50.881964+00:00,1,0,623.0,0.963,206785.6,39,RECOVERED,0.855,True,494.82
pay_101657,cust_01057,986.76,INR,netbanking,authentication_failure,2026-09-03T07:50:07.606690+00:00,1,0,1488.7,0.363,8151.45,10,FAILED,0.5751,False,0.0
pay_101658,cust_01058,3330.36,INR,netbanking,3ds_timeout,2026-09-04T03:14:29.053402+00:00,1,1,324.4,0.844,141712.5,30,RECOVERED,0.702,True,3330.36
pay_101659,cust_01059,1156.23,INR,wallet,network_failure,2026-09-03T03:57:17.275953+00:00,1,0,1721.6,0.529,94270.8,25,RECOVERED,0.7904,True,1156.23
pay_101660,cust_01060,2132.44,INR,upi,network_failure,2026-09-03T21:48:34.039015+00:00,2,0,650.3,0.75,32612.97,23,RECOVERED,0.8886,True,2132.44
pay_101661,cust_01061,3046.0,INR,card,insufficient_funds,2026-09-03T07:23:30.595843+00:00,1,0,1515.4,0.852,63540.6,18,FAILED,0.4943,False,0.0
pay_101662,cust_01062,1853.59,INR,netbanking,temporary_bank_error,2026-09-04T05:20:17.998646+00:00,1,1,198.6,0.896,23438.84,26,FAILED,0.7593,False,0.0
pay_101663,cust_01063,4198.21,INR,wallet,network_failure,2026-09-03T15:57:56.873218+00:00,1,0,1000.9,0.45,2185.29,3,RECOVERED,0.8002,True,4198.21
pay_101664,cust_01064,5347.41,INR,upi,authentication_failure,2026-09-03T03:02:38.070749+00:00,1,0,1776.2,0.895,87468.9,17,RECOVERED,0.8734,True,5347.41
pay_101665,cust_01065,2774.72,INR,wallet,temporary_bank_error,2026-09-04T05:54:03.728019+00:00,2,2,164.8,0.908,56644.56,11,RECOVERED,0.607,True,2774.72
pay_101666,cust_01066,328.77,INR,upi,3ds_timeout,2026-09-03T11:31:39.772419+00:00,1,0,1267.2,0.878,38147.6,12,RECOVERED,0.8554,True,328.77
pay_101667,cust_01067,1615.28,INR,upi,authentication_failure,2026-09-04T06:06:47.035817+00:00,1,1,152.1,0.969,155540.02,33,FAILED,0.818,False,0.0
pay_101668,cust_01068,1141.75,INR,upi,3ds_timeout,2026-09-03T15:20:52.541722+00:00,1,0,1038.0,0.653,41420.94,17,RECOVERED,0.7743,True,1141.75
pay_101669,cust_01069,1850.48,INR,netbanking,network_failure,2026-09-02T10:13:22.138506+00:00,1,1,2785.5,0.577,25706.28,22,RECOVERED,0.5828,True,1850.48
pay_101670,cust_01070,1409.5,INR,card,network_failure,2026-09-04T07:00:17.546629+00:00,2,0,98.6,0.824,29454.4,39,RECOVERED,0.8757,True,1409.5
pay_101671,cust_01071,1469.47,INR,card,authentication_failure,2026-09-02T19:12:26.729452+00:00,2,1,2246.4,0.422,17086.74,15,RECOVERED,0.4337,True,1469.47
pay_101672,cust_01072,640.93,INR,card,temporary_bank_error,2026-09-02T12:20:19.763434+00:00,1,2,2658.5,0.532,75846.8,20,RECOVERED,0.5185,True,640.93
pay_101673,cust_01073,2380.28,INR,netbanking,network_failure,2026-09-04T05:56:53.825090+00:00,2,0,162.0,0.967,140340.48,24,RECOVERED,0.8281,True,2380.28
pay_101674,cust_01074,603.18,INR,card,authentication_failure,2026-09-03T23:13:16.078950+00:00,1,0,565.6,0.566,18279.7,10,RECOVERED,0.7809,True,603.18
pay_101675,cust_01075,1062.08,INR,netbanking,temporary_bank_error,2026-09-03T11:59:39.528191+00:00,1,0,1239.2,0.537,20315.67,7,FAILED,0.7405,False,0.0
pay_101676,cust_01076,1522.91,INR,upi,payment_method_issue,2026-09-03T19:01:37.212915+00:00,1,1,817.3,0.251,0.0,1,FAILED,0.381,False,0.0
pay_101677,cust_01077,6716.56,INR,upi,temporary_bank_error,2026-09-03T22:41:38.138917+00:00,1,1,597.2,0.837,57017.7,18,RECOVERED,0.8171,True,6716.56
pay_101678,cust_01078,3003.21,INR,upi,network_failure,2026-09-02T06:45:14.772264+00:00,1,2,2993.6,0.683,40372.86,10,FAILED,0.5466,False,0.0
pay_101679,cust_01079,7285.46,INR,card,insufficient_funds,2026-09-03T23:33:57.119289+00:00,2,0,544.9,0.169,0.0,2,FAILED,0.2053,False,0.0
pay_101680,cust_01080,342.98,INR,netbanking,network_failure,2026-09-04T04:45:40.742952+00:00,1,0,233.2,0.755,21368.0,14,RECOVERED,0.8398,True,342.98
pay_101681,cust_01081,836.35,INR,upi,customer_abandonment,2026-09-04T01:51:05.513290+00:00,2,0,407.8,0.208,6205.12,5,FAILED,0.1228,False,0.0
pay_101682,cust_01082,1503.05,INR,wallet,payment_method_issue,2026-09-03T17:57:05.395821+00:00,1,0,881.8,0.456,5661.8,11,RECOVERED,0.572,True,1503.05
pay_101683,cust_01083,3778.73,INR,netbanking,temporary_bank_error,2026-09-04T00:05:29.834178+00:00,1,1,513.4,0.726,75493.2,14,RECOVERED,0.7194,True,3778.73
pay_101684,cust_01084,2718.87,INR,card,3ds_timeout,2026-09-02T11:14:29.886861+00:00,2,2,2724.4,0.91,143792.46,24,FAILED,0.4593,False,0.0
pay_101685,cust_01085,1519.53,INR,wallet,3ds_timeout,2026-09-04T01:30:45.928926+00:00,1,1,428.1,0.518,37755.97,15,RECOVERED,0.6306,True,1519.53
pay_101686,cust_01086,812.98,INR,card,temporary_bank_error,2026-09-04T07:21:26.828243+00:00,1,1,77.4,0.847,33379.5,36,FAILED,0.7459,False,0.0
pay_101687,cust_01087,4012.8,INR,card,temporary_bank_error,2026-09-03T15:23:43.733898+00:00,2,1,1035.1,0.919,99944.46,46,FAILED,0.6701,False,0.0
pay_101688,cust_01088,3006.19,INR,upi,customer_abandonment,2026-09-03T03:31:43.988161+00:00,1,0,1747.1,0.918,55635.0,22,FAILED,0.3755,False,0.0
pay_101689,cust_01089,1943.7,INR,card,authentication_failure,2026-09-04T04:45:53.348408+00:00,3,0,233.0,0.483,32814.88,16,RECOVERED,0.6154,True,1943.7
pay_101690,cust_01090,7141.08,INR,netbanking,customer_abandonment,2026-09-03T10:08:28.121931+00:00,1,0,1350.4,0.462,9096.45,8,FAILED,0.1373,False,0.0
pay_101691,cust_01091,8066.29,INR,wallet,3ds_timeout,2026-09-03T21:37:15.221412+00:00,1,0,661.6,0.494,0.0,2,RECOVERED,0.7447,True,8066.29
pay_101692,cust_01092,1827.17,INR,upi,network_failure,2026-09-04T08:05:14.478459+00:00,3,2,33.6,0.924,178466.4,49,RECOVERED,0.5384,True,1827.17
pay_101693,cust_01093,4847.3,INR,emi,temporary_bank_error,2026-09-03T10:41:38.912360+00:00,1,0,1317.2,0.843,42524.64,20,FAILED,0.8014,False,0.0
pay_101694,cust_01094,3037.1,INR,netbanking,network_failure,2026-09-02T09:14:45.786513+00:00,1,0,2844.1,0.848,93953.97,40,FAILED,0.7562,False,0.0
pay_101695,cust_01095,1788.86,INR,card,authentication_failure,2026-09-04T01:10:17.152168+00:00,1,0,448.6,0.916,26852.54,25,FAILED,0.8444,False,0.0
pay_101696,cust_01096,1392.74,INR,upi,authentication_failure,2026-09-03T20:03:24.984519+00:00,1,0,755.5,0.92,117586.0,22,RECOVERED,0.8932,True,1392.74
pay_101697,cust_01097,2358.34,INR,emi,temporary_bank_error,2026-09-03T21:06:43.958158+00:00,1,0,692.1,0.501,10090.2,13,RECOVERED,0.6912,True,2358.34
pay_101698,cust_01098,1095.45,INR,wallet,authentication_failure,2026-09-03T18:16:58.031480+00:00,1,0,861.9,0.974,96879.1,40,RECOVERED,0.9397,True,1095.45
pay_101699,cust_01099,1845.58,INR,card,temporary_bank_error,2026-09-03T03:44:15.162837+00:00,1,0,1734.6,0.595,39861.0,17,FAILED,0.7427,False,0.0
pay_101700,cust_01100,3278.91,INR,netbanking,temporary_bank_error,2026-09-03T00:51:16.009766+00:00,1,0,1907.6,0.212,0.0,2,RECOVERED,0.5902,True,3278.91
pay_101701,cust_01101,2277.12,INR,upi,3ds_timeout,2026-09-03T08:01:12.102633+00:00,1,0,1477.7,0.937,21029.58,24,RECOVERED,0.9033,True,2277.12
pay_101702,cust_01102,1897.95,INR,card,insufficient_funds,2026-09-01T17:25:45.796887+00:00,1,0,3793.1,0.669,37637.04,9,FAILED,0.3844,False,0.0
pay_101703,cust_01103,1480.17,INR,card,network_failure,2026-09-03T21:31:06.439530+00:00,1,1,667.8,0.737,37427.6,11,RECOVERED,0.7923,True,1480.17
pay_101704,cust_01104,1518.28,INR,upi,insufficient_funds,2026-09-02T20:46:41.719820+00:00,1,0,2152.2,0.49,1509.34,4,FAILED,0.4689,False,0.0
pay_101705,cust_01105,5150.45,INR,card,network_failure,2026-09-03T23:44:41.321609+00:00,3,0,534.2,0.854,141059.88,43,FAILED,0.7044,False,0.0
pay_101706,cust_01106,3440.72,INR,upi,3ds_timeout,2026-09-03T17:26:35.887863+00:00,1,2,912.3,0.554,25168.32,23,FAILED,0.4605,False,0.0
pay_101707,cust_01107,2101.88,INR,upi,temporary_bank_error,2026-09-02T13:49:51.925120+00:00,1,0,2569.0,0.717,11837.8,15,RECOVERED,0.7939,True,2101.88
pay_101708,cust_01108,5458.66,INR,upi,temporary_bank_error,2026-09-02T13:26:01.532618+00:00,1,0,2592.8,0.424,12806.48,7,RECOVERED,0.7668,True,5458.66
pay_101709,cust_01109,2752.14,INR,upi,network_failure,2026-09-03T16:41:00.639179+00:00,1,1,957.9,0.858,113759.0,24,RECOVERED,0.7281,True,2752.14
pay_101710,cust_01110,2950.63,INR,wallet,3ds_timeout,2026-09-01T12:57:53.843696+00:00,1,1,4061.0,0.888,166765.48,32,RECOVERED,0.6267,True,2950.63
pay_101711,cust_01111,2566.48,INR,card,network_failure,2026-09-03T01:46:06.743678+00:00,1,1,1852.8,0.905,178371.45,41,FAILED,0.745,False,0.0
pay_101712,cust_01112,2709.88,INR,card,account_blocked,2026-09-04T06:22:01.119927+00:00,1,0,136.9,0.926,54920.04,16,FAILED,0.2004,False,0.0
pay_101713,cust_01113,4051.67,INR,card,network_failure,2026-09-04T03:05:21.117173+00:00,1,0,333.5,0.198,7761.73,8,RECOVERED,0.6658,True,4051.67
pay_101714,cust_01114,1471.07,INR,netbanking,temporary_bank_error,2026-09-03T16:34:43.487075+00:00,1,1,964.1,0.774,31234.39,15,FAILED,0.6328,False,0.0
pay_101715,cust_01115,1291.07,INR,card,payment_method_issue,2026-09-02T00:59:08.628051+00:00,1,1,3339.7,0.587,8802.54,16,RECOVERED,0.3054,True,1291.07
pay_101716,cust_01116,1135.31,INR,upi,temporary_bank_error,2026-09-04T04:59:05.604085+00:00,1,0,219.8,0.68,5363.98,2,RECOVERED,0.9048,True,1135.31
pay_101717,cust_01117,1517.77,INR,netbanking,network_failure,2026-09-03T19:03:47.134050+00:00,3,1,815.1,0.833,148353.85,36,FAILED,0.5658,False,0.0
pay_101718,cust_01118,527.37,INR,upi,temporary_bank_error,2026-09-02T21:54:26.485284+00:00,1,1,2084.4,0.816,157258.92,49,FAILED,0.6464,False,0.0
pay_101719,cust_01119,554.15,INR,card,customer_abandonment,2026-09-04T01:11:28.596650+00:00,3,0,447.4,0.506,4552.34,2,FAILED,0.01,False,0.0
pay_101720,cust_01120,2913.51,INR,upi,3ds_timeout,2026-09-04T03:41:12.518210+00:00,1,0,297.7,0.27,0.0,3,RECOVERED,0.743,True,2913.51
pay_101721,cust_01121,4658.13,INR,card,temporary_bank_error,2026-09-04T02:20:42.032024+00:00,2,2,378.2,0.733,22903.56,9,RECOVERED,0.4858,True,4658.13
pay_101722,cust_01122,1602.44,INR,upi,payment_method_issue,2026-09-03T17:12:43.185224+00:00,1,1,926.2,0.952,19416.88,9,FAILED,0.4976,False,0.0
pay_101723,cust_01123,4380.51,INR,card,3ds_timeout,2026-09-02T02:05:10.661202+00:00,1,0,3273.7,0.496,33742.8,11,FAILED,0.612,False,0.0
pay_101724,cust_01124,2620.2,INR,upi,temporary_bank_error,2026-09-02T02:22:24.706732+00:00,1,0,3256.5,0.861,100094.72,26,RECOVERED,0.8126,True,2620.2
pay_101725,cust_01125,945.14,INR,card,temporary_bank_error,2026-09-03T01:30:44.633737+00:00,2,1,1868.1,0.733,28217.04,9,FAILED,0.5434,False,0.0
pay_101726,cust_01126,857.47,INR,wallet,temporary_bank_error,2026-09-04T04:45:01.555935+00:00,3,2,233.8,0.859,78547.44,29,FAILED,0.4881,False,0.0
pay_101727,cust_01127,914.8,INR,upi,temporary_bank_error,2026-09-04T00:42:31.106942+00:00,2,0,476.4,0.886,63281.43,11,RECOVERED,0.8557,True,914.8
pay_101728,cust_01128,3139.51,INR,upi,network_failure,2026-08-31T23:38:28.082062+00:00,2,2,4860.4,0.783,279672.12,46,RECOVERED,0.5023,True,3139.51
pay_101729,cust_01129,1671.67,INR,wallet,temporary_bank_error,2026-09-03T18:43:01.838813+00:00,1,0,835.8,0.535,13717.18,4,RECOVERED,0.7945,True,1671.67
pay_101730,cust_01130,506.67,INR,card,payment_method_issue,2026-09-04T07:36:35.026109+00:00,3,0,62.3,0.658,6917.04,19,FAILED,0.4393,False,0.0
pay_101731,cust_01131,836.98,INR,card,network_failure,2026-09-03T19:02:12.120791+00:00,1,0,816.7,0.304,15666.4,7,RECOVERED,0.7317,True,836.98
pay_101732,cust_01132,894.74,INR,upi,network_failure,2026-09-01T06:36:50.218763+00:00,1,0,4442.0,0.066,0.0,1,RECOVERED,0.6136,True,894.74
pay_101733,cust_01133,1490.59,INR,upi,authentication_failure,2026-09-03T17:38:31.080034+00:00,1,0,900.4,0.88,22524.18,16,FAILED,0.8882,False,0.0
pay_101734,cust_01134,906.12,INR,upi,customer_abandonment,2026-09-03T10:28:54.329386+00:00,2,1,1330.0,0.569,15422.11,20,FAILED,0.1519,False,0.0
pay_101735,cust_01135,1778.85,INR,upi,network_failure,2026-09-02T13:07:22.509272+00:00,2,0,2611.5,0.752,180982.75,34,RECOVERED,0.7884,True,1778.85
pay_101736,cust_01136,1704.03,INR,netbanking,payment_method_issue,2026-09-04T04:19:46.604676+00:00,1,1,259.1,0.386,5219.83,5,FAILED,0.31,False,0.0
pay_101737,cust_01137,943.15,INR,netbanking,temporary_bank_error,2026-09-03T20:26:46.564700+00:00,3,0,732.1,0.468,41224.08,14,RECOVERED,0.5326,True,943.15
pay_101738,cust_01138,4282.99,INR,upi,customer_abandonment,2026-09-01T10:27:34.955304+00:00,2,0,4211.3,0.818,102931.2,49,FAILED,0.2277,False,0.0
pay_101739,cust_01139,2453.88,INR,upi,network_failure,2026-09-04T00:58:01.965888+00:00,2,0,460.8,0.665,7311.75,3,RECOVERED,0.8152,True,2453.88
pay_101740,cust_01140,1494.21,INR,upi,customer_abandonment,2026-09-02T23:15:58.824503+00:00,1,0,2002.9,0.52,19404.22,22,FAILED,0.265,False,0.0
pay_101741,cust_01141,1461.44,INR,netbanking,temporary_bank_error,2026-09-04T01:55:54.357380+00:00,1,0,403.0,0.707,9053.25,22,RECOVERED,0.8475,True,1461.44
pay_101742,cust_01142,2554.55,INR,upi,customer_abandonment,2026-09-01T15:47:16.115840+00:00,1,1,3891.6,0.431,11262.96,11,FAILED,0.0907,False,0.0
pay_101743,cust_01143,1562.75,INR,wallet,authentication_failure,2026-09-02T23:55:03.157187+00:00,2,0,1963.8,0.698,39488.04,13,RECOVERED,0.7415,True,1562.75
pay_101744,cust_01144,1161.34,INR,upi,payment_method_issue,2026-09-03T10:21:02.483859+00:00,2,0,1337.8,0.371,6048.51,5,RECOVERED,0.4041,True,1161.34
pay_101745,cust_01145,1765.66,INR,upi,payment_method_issue,2026-08-30T18:22:52.473828+00:00,1,0,6616.0,0.098,0.0,4,FAILED,0.2779,False,0.0
pay_101746,cust_01146,5083.6,INR,netbanking,temporary_bank_error,2026-09-02T22:01:52.110756+00:00,2,0,2077.0,0.841,75337.37,21,RECOVERED,0.7578,True,5083.6
pay_101747,cust_01147,2977.84,INR,upi,authentication_failure,2026-09-02T05:31:15.263845+00:00,1,0,3067.6,0.939,29490.76,28,RECOVERED,0.75,True,2977.84
pay_101748,cust_01148,2550.69,INR,upi,authentication_failure,2026-09-03T15:43:24.375785+00:00,1,0,1015.5,0.591,24054.36,21,RECOVERED,0.838,True,2550.69
pay_101749,cust_01149,1683.88,INR,upi,network_failure,2026-09-03T19:44:34.184025+00:00,1,1,774.3,0.44,7586.21,3,RECOVERED,0.6522,True,1683.88
pay_101750,cust_01150,1710.27,INR,netbanking,authentication_failure,2026-09-03T03:25:24.438691+00:00,3,0,1753.5,0.874,94826.5,29,RECOVERED,0.6409,True,1710.27
pay_101751,cust_01151,2075.25,INR,netbanking,temporary_bank_error,2026-09-04T06:06:49.007099+00:00,2,0,152.1,0.623,50405.2,17,RECOVERED,0.7203,True,2075.25
pay_101752,cust_01152,1979.07,INR,upi,3ds_timeout,2026-08-31T11:26:44.148743+00:00,1,1,5592.1,0.852,117078.49,20,RECOVERED,0.5649,True,1979.07
pay_101753,cust_01153,2051.69,INR,card,customer_abandonment,2026-09-02T03:40:50.699433+00:00,1,0,3178.0,0.269,0.0,1,FAILED,0.1788,False,0.0
pay_101754,cust_01154,2759.04,INR,upi,temporary_bank_error,2026-09-03T16:45:30.332482+00:00,1,0,953.4,0.618,93329.04,21,FAILED,0.7624,False,0.0
pay_101755,cust_01155,1711.85,INR,upi,insufficient_funds,2026-09-04T04:03:07.025047+00:00,1,0,275.8,0.318,828.3,4,RECOVERED,0.4463,True,1711.85
pay_101756,cust_01156,1888.0,INR,emi,network_failure,2026-09-03T19:25:16.108268+00:00,2,0,793.6,0.479,12745.12,6,RECOVERED,0.6395,True,1888.0
pay_101757,cust_01157,1725.32,INR,card,temporary_bank_error,2026-09-03T05:53:16.534622+00:00,2,0,1605.6,0.234,0.0,3,RECOVERED,0.5764,True,1725.32
pay_101758,cust_01158,2753.18,INR,upi,insufficient_funds,2026-09-04T07:11:55.834087+00:00,1,0,86.9,0.481,2107.55,12,FAILED,0.4313,False,0.0
pay_101759,cust_01159,975.29,INR,card,payment_method_issue,2026-09-03T23:35:10.166504+00:00,1,1,543.7,0.922,120055.04,35,FAILED,0.5181,False,0.0
pay_101760,cust_01160,556.63,INR,card,authentication_failure,2026-09-04T04:18:17.086335+00:00,2,0,260.6,0.801,22186.85,44,RECOVERED,0.8114,True,556.63
pay_101761,cust_01161,851.89,INR,netbanking,authentication_failure,2026-09-01T12:59:57.297286+00:00,3,0,4058.9,0.071,0.0,8,FAILED,0.2969,False,0.0
pay_101762,cust_01162,6005.78,INR,card,authentication_failure,2026-09-04T07:19:56.392580+00:00,3,0,78.9,0.551,5560.52,4,RECOVERED,0.5873,True,6005.78
pay_101763,cust_01163,3490.47,INR,card,temporary_bank_error,2026-09-03T13:49:33.948214+00:00,3,1,1129.3,0.599,39255.02,24,RECOVERED,0.4736,True,3490.47
pay_101764,cust_01164,727.57,INR,upi,authentication_failure,2026-09-02T10:19:59.343902+00:00,2,0,2778.9,0.849,48420.59,49,RECOVERED,0.69,True,727.57
pay_101765,cust_01165,3592.28,INR,upi,network_failure,2026-09-03T02:59:41.313952+00:00,2,0,1779.2,0.803,133422.6,26,RECOVERED,0.8699,True,3592.28
pay_101766,cust_01166,6808.34,INR,upi,insufficient_funds,2026-09-03T13:11:17.130987+00:00,1,1,1167.6,0.903,191066.5,28,RECOVERED,0.4461,True,6808.34
pay_101767,cust_01167,4673.83,INR,wallet,authentication_failure,2026-09-03T11:00:29.033709+00:00,1,0,1298.4,0.772,137563.02,28,RECOVERED,0.7954,True,4673.83
pay_101768,cust_01168,1869.57,INR,card,temporary_bank_error,2026-09-03T15:33:57.923947+00:00,2,0,1024.9,0.904,84635.88,31,FAILED,0.8407,False,0.0
pay_101769,cust_01169,3243.51,INR,upi,payment_method_issue,2026-09-02T16:30:20.821007+00:00,1,0,2408.5,0.52,42070.8,20,FAILED,0.5233,False,0.0
pay_101770,cust_01170,5305.19,INR,netbanking,insufficient_funds,2026-09-04T05:31:02.640714+00:00,2,1,187.8,0.519,28171.98,19,RECOVERED,0.2444,True,5305.19
pay_101771,cust_01171,590.79,INR,netbanking,temporary_bank_error,2026-09-02T16:59:45.724947+00:00,1,0,2379.1,0.731,75367.65,21,RECOVERED,0.7136,True,590.79
pay_101772,cust_01172,1995.61,INR,upi,payment_method_issue,2026-09-04T00:53:39.400761+00:00,2,0,465.2,0.491,7212.54,7,FAILED,0.4713,False,0.0
pay_101773,cust_01173,1638.66,INR,netbanking,network_failure,2026-09-03T07:38:46.168674+00:00,3,0,1500.1,0.95,203738.9,41,FAILED,0.692,False,0.0
pay_101774,cust_01174,4430.79,INR,upi,temporary_bank_error,2026-09-02T02:39:43.193583+00:00,1,0,3239.2,0.872,88317.75,29,RECOVERED,0.8406,True,4430.79
pay_101775,cust_01175,6113.63,INR,upi,network_failure,2026-09-02T19:49:09.648270+00:00,2,0,2209.7,0.664,63581.96,20,RECOVERED,0.8091,True,6113.63
pay_101776,cust_01176,4235.16,INR,upi,temporary_bank_error,2026-09-02T07:09:38.607814+00:00,1,1,2969.2,0.769,134923.25,33,FAILED,0.6776,False,0.0
pay_101777,cust_01177,829.69,INR,upi,3ds_timeout,2026-09-03T20:58:44.761770+00:00,1,0,700.1,0.924,32536.13,12,RECOVERED,0.874,True,829.69
pay_101778,cust_01178,5464.84,INR,upi,network_failure,2026-09-04T07:49:58.002036+00:00,1,0,48.9,0.903,11987.94,7,RECOVERED,0.95,True,5464.84
pay_101779,cust_01179,1681.09,INR,upi,customer_abandonment,2026-09-04T08:02:24.624471+00:00,1,0,36.5,0.799,61840.4,13,RECOVERED,0.3725,True,1681.09
pay_101780,cust_01180,1742.47,INR,wallet,network_failure,2026-09-03T13:23:19.082947+00:00,1,0,1155.6,0.849,35503.6,13,RECOVERED,0.8989,True,1742.47
pay_101781,cust_01181,1860.57,INR,upi,temporary_bank_error,2026-09-01T17:11:02.726071+00:00,1,2,3807.8,0.425,6257.3,25,FAILED,0.5025,False,0.0
pay_101782,cust_01182,3276.25,INR,upi,temporary_bank_error,2026-09-03T09:49:11.139698+00:00,3,0,1369.7,0.882,230079.96,50,RECOVERED,0.7551,True,3276.25
pay_101783,cust_01183,273.15,INR,emi,insufficient_funds,2026-09-03T18:56:47.162703+00:00,1,1,822.1,0.108,3842.75,10,FAILED,0.0813,False,0.0
pay_101784,cust_01184,1349.53,INR,upi,temporary_bank_error,2026-09-04T08:14:51.693911+00:00,2,0,24.0,0.885,29884.14,38,RECOVERED,0.8534,True,1349.53
pay_101785,cust_01185,4638.0,INR,upi,network_failure,2026-09-02T03:44:24.125593+00:00,1,0,3174.5,0.789,150099.07,37,RECOVERED,0.7718,True,4638.0
pay_101786,cust_01186,625.79,INR,netbanking,account_blocked,2026-09-03T08:48:32.787191+00:00,2,1,1430.3,0.97,289334.32,46,FAILED,0.01,False,0.0
pay_101787,cust_01187,1219.47,INR,card,insufficient_funds,2026-09-03T04:41:06.326145+00:00,1,0,1677.8,0.889,35208.8,46,RECOVERED,0.5459,True,1219.47
pay_101788,cust_01188,972.5,INR,upi,insufficient_funds,2026-09-04T07:44:44.579767+00:00,1,0,54.1,0.963,204790.56,41,RECOVERED,0.5911,True,972.5
pay_101789,cust_01189,4235.11,INR,card,network_failure,2026-09-04T04:20:30.985892+00:00,1,0,258.4,0.766,129041.75,33,RECOVERED,0.83,True,4235.11
pay_101790,cust_01190,485.68,INR,wallet,authentication_failure,2026-09-04T07:11:37.005862+00:00,1,2,87.3,0.821,15918.66,33,FAILED,0.585,False,0.0
pay_101791,cust_01191,5123.54,INR,upi,authentication_failure,2026-09-02T21:09:00.043149+00:00,3,0,2129.9,0.732,10071.12,4,FAILED,0.6016,False,0.0
pay_101792,cust_01192,1021.79,INR,card,customer_abandonment,2026-09-02T01:03:02.464627+00:00,2,0,3335.8,0.932,22577.7,7,FAILED,0.1918,False,0.0
pay_101793,cust_01193,1976.73,INR,upi,temporary_bank_error,2026-09-04T04:47:34.777908+00:00,2,0,231.3,0.57,3769.03,3,RECOVERED,0.7201,True,1976.73
pay_101794,cust_01194,5789.7,INR,netbanking,network_failure,2026-09-03T04:34:23.555583+00:00,1,0,1684.5,0.413,33036.66,24,RECOVERED,0.641,True,5789.7
pay_101795,cust_01195,1410.77,INR,upi,3ds_timeout,2026-09-04T01:39:20.181924+00:00,1,0,419.5,0.836,62379.09,23,RECOVERED,0.8046,True,1410.77
pay_101796,cust_01196,18300.78,INR,card,temporary_bank_error,2026-09-04T03:30:55.870481+00:00,1,0,307.9,0.62,5677.24,4,RECOVERED,0.7961,True,18300.78
pay_101797,cust_01197,947.19,INR,upi,authentication_failure,2026-09-03T18:19:41.172877+00:00,1,1,859.2,0.946,280970.0,43,RECOVERED,0.7928,True,947.19
pay_101798,cust_01198,6610.78,INR,card,temporary_bank_error,2026-09-03T23:18:34.231541+00:00,1,0,560.3,0.83,215775.4,46,RECOVERED,0.9095,True,6610.78
pay_101799,cust_01199,1422.71,INR,upi,network_failure,2026-09-04T01:55:57.914489+00:00,2,0,402.9,0.837,137791.92,26,RECOVERED,0.8925,True,1422.71
pay_101800,cust_01200,4988.31,INR,card,network_failure,2026-09-03T20:24:57.961903+00:00,1,0,733.9,0.833,61600.21,28,RECOVERED,0.8972,True,4988.31
pay_101801,cust_01201,2814.9,INR,wallet,authentication_failure,2026-09-03T04:12:22.533936+00:00,2,0,1706.5,0.782,18043.2,9,RECOVERED,0.7368,True,2814.9
pay_101802,cust_01202,570.45,INR,upi,3ds_timeout,2026-09-04T01:31:08.164908+00:00,3,0,427.7,0.827,47126.88,44,RECOVERED,0.7121,True,570.45
pay_101803,cust_01203,1088.07,INR,emi,temporary_bank_error,2026-09-04T05:22:35.968885+00:00,1,0,196.3,0.662,23412.44,7,RECOVERED,0.7344,True,1088.07
pay_101804,cust_01204,2798.95,INR,upi,authentication_failure,2026-09-03T02:32:01.108144+00:00,1,0,1806.9,0.258,4203.64,8,FAILED,0.7067,False,0.0
pay_101805,cust_01205,3882.09,INR,netbanking,authentication_failure,2026-09-03T19:09:47.141691+00:00,2,0,809.1,0.968,119503.14,33,RECOVERED,0.7601,True,3882.09
pay_101806,cust_01206,4733.88,INR,upi,authentication_failure,2026-09-04T05:14:03.386411+00:00,2,1,204.8,0.972,103515.2,17,RECOVERED,0.7123,True,4733.88
pay_101807,cust_01207,1378.73,INR,upi,account_blocked,2026-08-30T02:22:09.738124+00:00,1,0,7576.7,0.697,97422.78,19,FAILED,0.0596,False,0.0
pay_101808,cust_01208,1395.31,INR,upi,authentication_failure,2026-09-03T12:24:32.761449+00:00,1,0,1214.3,0.787,181771.5,33,RECOVERED,0.8279,True,1395.31
pay_101809,cust_01209,1055.8,INR,wallet,3ds_timeout,2026-09-03T18:53:17.262033+00:00,3,0,825.6,0.125,7111.65,8,RECOVERED,0.4938,True,1055.8
pay_101810,cust_01210,1261.95,INR,upi,customer_abandonment,2026-09-04T04:19:39.283863+00:00,1,0,259.2,0.804,25494.64,10,FAILED,0.392,False,0.0
pay_101811,cust_01211,6082.47,INR,netbanking,insufficient_funds,2026-09-03T14:21:48.106266+00:00,3,2,1097.1,0.784,12544.85,7,FAILED,0.016,False,0.0
pay_101812,cust_01212,6108.33,INR,upi,network_failure,2026-09-04T08:21:03.954643+00:00,2,0,17.8,0.751,3124.31,10,RECOVERED,0.8825,True,6108.33
pay_101813,cust_01213,2603.71,INR,emi,network_failure,2026-09-02T00:39:16.453408+00:00,1,0,3359.6,0.257,1156.14,7,FAILED,0.6215,False,0.0
pay_101814,cust_01214,3253.19,INR,netbanking,payment_method_issue,2026-09-03T12:45:15.551224+00:00,1,1,1193.6,0.847,141331.49,44,FAILED,0.4104,False,0.0
pay_101815,cust_01215,354.59,INR,netbanking,payment_method_issue,2026-09-01T22:41:35.929872+00:00,1,1,3477.3,0.895,77865.12,41,FAILED,0.4119,False,0.0
pay_101816,cust_01216,1456.75,INR,upi,network_failure,2026-09-03T08:52:01.562138+00:00,1,1,1426.8,0.482,12196.24,15,RECOVERED,0.6952,True,1456.75
pay_101817,cust_01217,1952.1,INR,upi,3ds_timeout,2026-09-02T14:43:58.865452+00:00,1,0,2514.9,0.235,9133.94,9,FAILED,0.6266,False,0.0
pay_101818,cust_01218,1543.09,INR,card,insufficient_funds,2026-09-03T16:27:32.127980+00:00,3,1,971.3,0.734,42380.38,10,FAILED,0.2342,False,0.0
pay_101819,cust_01219,1246.47,INR,upi,temporary_bank_error,2026-09-03T12:55:25.104910+00:00,3,1,1183.5,0.901,56165.04,11,RECOVERED,0.6324,True,1246.47
pay_101820,cust_01220,1451.25,INR,upi,authentication_failure,2026-09-03T22:47:08.339202+00:00,2,0,591.7,0.937,93715.3,16,RECOVERED,0.8373,True,1451.25
pay_101821,cust_01221,1120.43,INR,upi,account_blocked,2026-09-03T05:12:48.155411+00:00,1,2,1646.1,0.781,244790.13,50,FAILED,0.01,False,0.0
pay_101822,cust_01222,4544.72,INR,netbanking,authentication_failure,2026-09-03T19:09:43.142587+00:00,1,1,809.2,0.796,13650.45,7,RECOVERED,0.6689,True,4544.72
pay_101823,cust_01223,2289.25,INR,upi,insufficient_funds,2026-09-01T21:30:16.652134+00:00,1,0,3548.6,0.758,60231.0,46,RECOVERED,0.4944,True,2289.25
pay_101824,cust_01224,3326.0,INR,netbanking,network_failure,2026-09-04T06:09:39.164236+00:00,2,1,149.2,0.779,76955.13,28,FAILED,0.621,False,0.0
pay_101825,cust_01225,3541.09,INR,upi,network_failure,2026-09-03T17:35:49.411380+00:00,1,0,903.1,0.793,156975.34,49,RECOVERED,0.9084,True,3541.09
pay_101826,cust_01226,3290.58,INR,upi,network_failure,2026-09-03T20:51:41.104595+00:00,1,2,707.2,0.889,63002.1,16,RECOVERED,0.7571,True,3290.58
pay_101827,cust_01227,1463.34,INR,upi,authentication_failure,2026-09-04T06:21:44.387017+00:00,1,0,137.1,0.504,58260.0,21,RECOVERED,0.8508,True,1463.34
pay_101828,cust_01228,3124.27,INR,wallet,insufficient_funds,2026-09-03T22:53:23.800998+00:00,3,0,585.5,0.917,120824.64,27,FAILED,0.3799,False,0.0
pay_101829,cust_01229,8000.29,INR,emi,network_failure,2026-09-04T07:26:05.073751+00:00,1,0,72.8,0.897,106269.0,28,RECOVERED,0.8919,True,8000.29
pay_101830,cust_01230,2524.3,INR,card,customer_abandonment,2026-09-03T15:28:41.668869+00:00,1,1,1030.2,0.549,2453.1,6,RECOVERED,0.1016,True,2524.3
pay_101831,cust_01231,913.83,INR,card,authentication_failure,2026-09-02T06:12:20.781696+00:00,1,1,3026.5,0.785,190148.5,33,RECOVERED,0.5904,True,913.83
pay_101832,cust_01232,3984.65,INR,upi,temporary_bank_error,2026-09-03T20:53:47.216931+00:00,1,1,705.1,0.834,106032.4,25,RECOVERED,0.7358,True,3984.65
pay_101833,cust_01233,2189.83,INR,upi,insufficient_funds,2026-09-03T17:30:25.513144+00:00,1,0,908.4,0.839,39823.08,40,RECOVERED,0.5469,True,2189.83
pay_101834,cust_01234,918.07,INR,upi,authentication_failure,2026-09-04T00:54:25.843739+00:00,1,0,464.4,0.147,1841.37,8,RECOVERED,0.6844,True,918.07
pay_101835,cust_01235,1472.47,INR,wallet,temporary_bank_error,2026-09-03T07:09:18.175873+00:00,1,0,1529.6,0.914,58868.55,10,RECOVERED,0.8959,True,1472.47
pay_101836,cust_01236,3722.83,INR,card,customer_abandonment,2026-09-03T19:12:34.426238+00:00,2,0,806.3,0.817,130254.31,24,RECOVERED,0.1992,True,3722.83
pay_101837,cust_01237,2710.79,INR,wallet,temporary_bank_error,2026-09-02T04:32:47.767811+00:00,1,0,3126.1,0.977,25474.44,13,FAILED,0.8247,False,0.0
pay_101838,cust_01238,3070.04,INR,upi,insufficient_funds,2026-09-04T04:02:39.061316+00:00,1,1,276.2,0.858,44174.16,40,FAILED,0.3832,False,0.0
pay_101839,cust_01239,6291.2,INR,netbanking,account_blocked,2026-09-03T18:45:14.392157+00:00,2,1,833.6,0.294,6926.24,9,FAILED,0.01,False,0.0
pay_101840,cust_01240,2779.11,INR,upi,temporary_bank_error,2026-09-03T15:53:49.068233+00:00,1,0,1005.1,0.823,26353.6,9,RECOVERED,0.95,True,2779.11
pay_101841,cust_01241,2483.31,INR,netbanking,authentication_failure,2026-09-04T02:06:58.414772+00:00,3,0,391.9,0.462,7262.32,6,FAILED,0.5929,False,0.0
pay_101842,cust_01242,647.31,INR,card,temporary_bank_error,2026-09-02T11:59:45.011100+00:00,1,2,2679.1,0.788,142452.12,25,RECOVERED,0.5339,True,647.31
pay_101843,cust_01243,1360.8,INR,upi,account_blocked,2026-09-02T16:59:02.612639+00:00,3,0,2379.8,0.485,76639.1,22,FAILED,0.01,False,0.0
pay_101844,cust_01244,952.48,INR,card,payment_method_issue,2026-09-02T23:25:20.064036+00:00,1,1,1993.5,0.432,14386.5,22,FAILED,0.2866,False,0.0
pay_101845,cust_01245,1612.9,INR,upi,authentication_failure,2026-09-01T07:37:09.956224+00:00,2,1,4381.7,0.707,54299.84,12,FAILED,0.5742,False,0.0
pay_101846,cust_01246,8764.21,INR,wallet,temporary_bank_error,2026-09-03T22:59:11.216985+00:00,1,0,579.7,0.898,84162.6,41,FAILED,0.937,False,0.0
pay_101847,cust_01247,1446.7,INR,card,temporary_bank_error,2026-09-04T04:46:22.684774+00:00,2,2,232.5,0.41,40508.55,22,RECOVERED,0.4222,True,1446.7
pay_101848,cust_01248,4373.89,INR,upi,authentication_failure,2026-09-04T08:03:56.977203+00:00,3,0,34.9,0.767,9103.32,8,FAILED,0.7091,False,0.0
pay_101849,cust_01249,8763.0,INR,upi,network_failure,2026-09-04T06:47:39.047904+00:00,2,0,111.2,0.783,107590.86,50,RECOVERED,0.9184,True,8763.0
pay_101850,cust_01250,4553.65,INR,card,authentication_failure,2026-09-04T00:59:42.216820+00:00,1,2,459.2,0.774,58377.6,20,RECOVERED,0.62,True,4553.65
pay_101851,cust_01251,771.89,INR,upi,insufficient_funds,2026-09-03T00:03:52.997873+00:00,2,0,1955.0,0.817,159943.38,29,RECOVERED,0.4638,True,771.89
pay_101852,cust_01252,589.62,INR,emi,payment_method_issue,2026-09-04T00:01:35.845850+00:00,1,2,517.3,0.295,6176.03,4,FAILED,0.0927,False,0.0
pay_101853,cust_01253,1055.15,INR,upi,network_failure,2026-09-04T05:49:21.695481+00:00,1,1,169.5,0.569,15156.58,4,RECOVERED,0.7861,True,1055.15
pay_101854,cust_01254,3738.82,INR,emi,network_failure,2026-09-03T17:16:22.759994+00:00,1,0,922.5,0.761,69881.73,23,FAILED,0.7857,False,0.0
pay_101855,cust_01255,3418.7,INR,upi,authentication_failure,2026-09-03T10:57:24.984207+00:00,2,1,1301.5,0.547,29509.05,10,FAILED,0.5917,False,0.0
pay_101856,cust_01256,3117.11,INR,upi,account_blocked,2026-09-03T06:01:14.931181+00:00,1,0,1597.6,0.879,109435.68,28,FAILED,0.1636,False,0.0
pay_101857,cust_01257,615.3,INR,upi,network_failure,2026-09-04T05:44:29.830954+00:00,1,0,174.4,0.495,55390.7,21,RECOVERED,0.8916,True,615.3
pay_101858,cust_01258,3155.74,INR,upi,insufficient_funds,2026-09-03T10:34:29.014716+00:00,1,1,1324.4,0.977,293666.1,40,FAILED,0.5009,False,0.0
pay_101859,cust_01259,907.64,INR,card,3ds_timeout,2026-09-04T07:57:35.200758+00:00,1,0,41.3,0.759,6775.9,7,RECOVERED,0.817,True,907.64
pay_101860,cust_01260,1479.14,INR,upi,authentication_failure,2026-09-04T05:04:59.279480+00:00,2,1,213.9,0.889,44041.92,37,FAILED,0.6685,False,0.0
pay_101861,cust_01261,551.03,INR,upi,network_failure,2026-09-03T20:43:04.864364+00:00,1,0,715.8,0.301,4871.68,5,RECOVERED,0.8166,True,551.03
pay_101862,cust_01262,6458.51,INR,card,network_failure,2026-09-03T22:32:10.059641+00:00,1,0,606.7,0.879,197438.1,35,RECOVERED,0.8562,True,6458.51
pay_101863,cust_01263,2768.75,INR,card,temporary_bank_error,2026-09-03T21:44:48.614086+00:00,2,1,654.1,0.248,0.0,1,RECOVERED,0.4945,True,2768.75
pay_101864,cust_01264,5441.86,INR,upi,3ds_timeout,2026-09-03T16:43:55.637826+00:00,1,0,954.9,0.762,41936.44,35,RECOVERED,0.8602,True,5441.86
pay_101865,cust_01265,3152.05,INR,card,temporary_bank_error,2026-09-04T06:50:12.798736+00:00,2,0,108.7,0.482,68410.62,20,FAILED,0.6787,False,0.0
pay_101866,cust_01266,3966.85,INR,card,temporary_bank_error,2026-09-03T11:03:26.282508+00:00,2,0,1295.4,0.785,71058.86,49,RECOVERED,0.803,True,3966.85
pay_101867,cust_01267,2213.53,INR,upi,temporary_bank_error,2026-09-02T17:19:45.605144+00:00,1,1,2359.1,0.65,5734.47,3,RECOVERED,0.6892,True,2213.53
pay_101868,cust_01268,4502.17,INR,upi,payment_method_issue,2026-09-04T05:17:35.157216+00:00,1,1,201.3,0.213,2715.9,7,RECOVERED,0.2947,True,4502.17
pay_101869,cust_01269,2311.7,INR,upi,network_failure,2026-09-03T09:37:18.376528+00:00,1,1,1381.6,0.905,225899.64,48,RECOVERED,0.8385,True,2311.7
pay_101870,cust_01270,1001.69,INR,card,3ds_timeout,2026-09-04T06:04:38.010366+00:00,3,0,154.2,0.145,0.0,5,RECOVERED,0.5318,True,1001.69
pay_101871,cust_01271,1892.09,INR,netbanking,authentication_failure,2026-09-03T22:50:22.046013+00:00,2,0,588.5,0.566,26872.02,17,RECOVERED,0.5797,True,1892.09
pay_101872,cust_01272,512.39,INR,card,account_blocked,2026-09-04T05:48:56.238957+00:00,1,2,169.9,0.529,46210.57,14,FAILED,0.01,False,0.0
pay_101873,cust_01273,2985.49,INR,netbanking,insufficient_funds,2026-09-03T22:54:10.803687+00:00,1,2,584.7,0.077,0.0,8,RECOVERED,0.01,True,2985.49
pay_101874,cust_01274,4908.59,INR,netbanking,authentication_failure,2026-09-02T18:19:15.020351+00:00,1,0,2299.6,0.879,25783.0,22,RECOVERED,0.7731,True,4908.59
pay_101875,cust_01275,3247.22,INR,card,insufficient_funds,2026-08-31T08:35:30.045619+00:00,1,0,5763.4,0.904,69280.78,38,FAILED,0.3606,False,0.0
pay_101876,cust_01276,1516.28,INR,netbanking,temporary_bank_error,2026-09-04T07:41:00.295131+00:00,1,1,57.9,0.859,255630.9,48,RECOVERED,0.7151,True,1516.28
pay_101877,cust_01277,953.42,INR,wallet,network_failure,2026-09-01T16:49:24.085760+00:00,1,1,3829.5,0.699,43739.85,17,FAILED,0.6534,False,0.0
pay_101878,cust_01278,878.48,INR,card,3ds_timeout,2026-09-03T05:55:12.775756+00:00,2,0,1603.7,0.764,37258.9,10,RECOVERED,0.6135,True,878.48
pay_101879,cust_01279,2507.72,INR,upi,temporary_bank_error,2026-09-04T00:21:59.135550+00:00,1,0,496.9,0.943,47869.32,7,RECOVERED,0.9436,True,2507.72
pay_101880,cust_01280,1070.79,INR,upi,network_failure,2026-09-03T19:15:50.956834+00:00,2,0,803.0,0.377,7050.92,5,RECOVERED,0.7675,True,1070.79
pay_101881,cust_01281,1969.42,INR,upi,insufficient_funds,2026-09-03T16:26:14.365212+00:00,2,0,972.6,0.976,83566.78,23,FAILED,0.5235,False,0.0
pay_101882,cust_01282,1661.33,INR,wallet,authentication_failure,2026-09-03T22:30:40.560313+00:00,1,0,608.2,0.559,26111.48,8,RECOVERED,0.7376,True,1661.33
pay_101883,cust_01283,1641.23,INR,card,customer_abandonment,2026-09-04T04:06:23.781394+00:00,1,0,272.5,0.793,127778.2,26,RECOVERED,0.3222,True,1641.23
pay_101884,cust_01284,6948.8,INR,upi,temporary_bank_error,2026-09-03T04:59:01.172011+00:00,2,0,1659.9,0.617,53342.56,14,RECOVERED,0.7705,True,6948.8
pay_101885,cust_01285,714.95,INR,upi,account_blocked,2026-09-03T19:05:06.850919+00:00,1,0,813.8,0.463,7952.8,6,RECOVERED,0.0442,True,714.95
pay_101886,cust_01286,2458.02,INR,upi,payment_method_issue,2026-09-02T19:54:05.168752+00:00,1,0,2204.8,0.923,60374.54,26,RECOVERED,0.597,True,2458.02
pay_101887,cust_01287,2169.96,INR,netbanking,customer_abandonment,2026-09-03T22:34:51.038864+00:00,2,0,604.0,0.804,44782.21,47,FAILED,0.1876,False,0.0
pay_101888,cust_01288,2001.69,INR,netbanking,network_failure,2026-09-03T06:46:31.488270+00:00,1,0,1552.3,0.352,5615.24,5,RECOVERED,0.6387,True,2001.69
pay_101889,cust_01289,5517.56,INR,card,payment_method_issue,2026-09-04T04:34:47.108708+00:00,1,0,244.1,0.781,38033.4,14,FAILED,0.5491,False,0.0
pay_101890,cust_01290,4181.54,INR,upi,temporary_bank_error,2026-09-03T14:09:39.473248+00:00,3,0,1109.2,0.307,6166.32,4,RECOVERED,0.6007,True,4181.54
pay_101891,cust_01291,3158.89,INR,upi,authentication_failure,2026-09-02T20:51:59.578493+00:00,1,1,2146.9,0.912,58902.24,9,RECOVERED,0.7407,True,3158.89
pay_101892,cust_01292,1356.0,INR,card,network_failure,2026-09-02T14:02:18.400186+00:00,1,0,2556.6,0.873,36744.63,15,RECOVERED,0.8425,True,1356.0
pay_101893,cust_01293,3710.22,INR,upi,temporary_bank_error,2026-09-03T21:33:32.098268+00:00,3,0,665.3,0.566,37302.2,18,RECOVERED,0.6523,True,3710.22
pay_101894,cust_01294,2341.56,INR,upi,3ds_timeout,2026-09-03T14:39:53.574911+00:00,1,0,1079.0,0.88,135110.85,40,FAILED,0.8586,False,0.0
pay_101895,cust_01295,3507.3,INR,card,authentication_failure,2026-09-03T18:01:54.864822+00:00,1,0,877.0,0.751,61789.0,18,RECOVERED,0.7281,True,3507.3
pay_101896,cust_01296,1569.2,INR,wallet,temporary_bank_error,2026-09-03T05:05:41.294351+00:00,2,1,1653.2,0.764,47359.56,9,FAILED,0.6753,False,0.0
pay_101897,cust_01297,3903.36,INR,netbanking,temporary_bank_error,2026-09-03T10:38:58.153134+00:00,3,1,1319.9,0.781,274160.95,46,RECOVERED,0.5108,True,3903.36
pay_101898,cust_01298,579.37,INR,card,authentication_failure,2026-09-03T19:56:05.055601+00:00,1,0,762.8,0.708,8261.28,14,RECOVERED,0.7957,True,579.37
pay_101899,cust_01299,3858.93,INR,upi,account_blocked,2026-09-04T04:57:01.115605+00:00,2,0,221.9,0.978,126790.61,30,FAILED,0.1455,False,0.0
pay_101900,cust_01300,2308.25,INR,netbanking,temporary_bank_error,2026-08-31T13:09:35.981151+00:00,2,0,5489.3,0.207,3565.79,9,FAILED,0.4176,False,0.0
pay_101901,cust_01301,1822.29,INR,card,insufficient_funds,2026-09-03T17:54:50.814288+00:00,1,0,884.0,0.786,97734.78,17,RECOVERED,0.4424,True,1822.29
pay_101902,cust_01302,3858.59,INR,emi,network_failure,2026-09-02T04:25:06.805826+00:00,1,1,3133.8,0.718,2153.13,2,FAILED,0.5542,False,0.0
pay_101903,cust_01303,380.81,INR,upi,network_failure,2026-09-02T13:42:55.122191+00:00,1,0,2576.0,0.905,15291.15,8,RECOVERED,0.8828,True,380.81
pay_101904,cust_01304,1796.11,INR,upi,network_failure,2026-09-03T15:37:55.176688+00:00,1,1,1021.0,0.924,9653.28,8,FAILED,0.8304,False,0.0
pay_101905,cust_01305,835.91,INR,netbanking,payment_method_issue,2026-09-04T08:16:30.204961+00:00,1,1,22.4,0.928,48855.68,25,FAILED,0.5123,False,0.0
pay_101906,cust_01306,1048.16,INR,upi,authentication_failure,2026-09-03T19:22:19.806079+00:00,2,1,796.5,0.813,243315.52,40,RECOVERED,0.6348,True,1048.16
pay_101907,cust_01307,3035.15,INR,emi,payment_method_issue,2026-09-04T00:13:35.776850+00:00,1,1,505.3,0.761,151004.4,27,FAILED,0.3647,False,0.0
pay_101908,cust_01308,1388.15,INR,card,3ds_timeout,2026-09-03T03:18:29.716721+00:00,1,2,1760.4,0.539,15993.7,11,RECOVERED,0.407,True,1388.15
pay_101909,cust_01309,898.69,INR,card,temporary_bank_error,2026-09-04T02:54:38.669949+00:00,1,1,344.2,0.913,227648.81,34,RECOVERED,0.7052,True,898.69
pay_101910,cust_01310,1415.45,INR,netbanking,insufficient_funds,2026-09-04T02:41:33.040732+00:00,1,2,357.3,0.839,31716.73,21,FAILED,0.1894,False,0.0
pay_101911,cust_01311,1030.15,INR,upi,network_failure,2026-09-04T02:29:28.102893+00:00,1,1,369.4,0.917,10452.45,17,RECOVERED,0.8696,True,1030.15
pay_101912,cust_01312,1267.14,INR,upi,network_failure,2026-09-04T06:47:53.816622+00:00,1,0,111.0,0.767,188068.8,42,FAILED,0.95,False,0.0
pay_101913,cust_01313,3116.9,INR,netbanking,insufficient_funds,2026-09-02T17:12:06.418829+00:00,2,0,2366.8,0.513,1930.92,2,FAILED,0.3498,False,0.0
pay_101914,cust_01314,3055.33,INR,upi,account_blocked,2026-09-03T06:22:18.806012+00:00,2,1,1576.6,0.287,3354.07,4,FAILED,0.01,False,0.0
pay_101915,cust_01315,2707.44,INR,upi,account_blocked,2026-09-04T04:31:45.725003+00:00,1,0,247.1,0.873,61521.55,27,FAILED,0.1678,False,0.0
pay_101916,cust_01316,1547.0,INR,card,account_blocked,2026-09-03T19:21:13.647620+00:00,1,0,797.6,0.976,209594.36,35,FAILED,0.2115,False,0.0
pay_101917,cust_01317,822.57,INR,upi,authentication_failure,2026-09-04T08:20:31.830663+00:00,1,0,18.3,0.761,84106.96,19,RECOVERED,0.9461,True,822.57
pay_101918,cust_01318,765.58,INR,upi,3ds_timeout,2026-09-04T07:19:23.801388+00:00,1,1,79.5,0.846,19917.48,14,RECOVERED,0.7493,True,765.58
pay_101919,cust_01319,2452.3,INR,card,payment_method_issue,2026-09-04T01:34:31.968790+00:00,1,1,424.3,0.901,124667.32,48,FAILED,0.4479,False,0.0
pay_101920,cust_01320,1791.6,INR,wallet,network_failure,2026-09-04T01:31:36.572452+00:00,1,2,427.3,0.919,38480.4,27,RECOVERED,0.6435,True,1791.6
pay_101921,cust_01321,7261.16,INR,card,insufficient_funds,2026-09-03T16:39:18.871856+00:00,2,0,959.6,0.375,1681.32,9,FAILED,0.3274,False,0.0
pay_101922,cust_01322,4343.3,INR,card,authentication_failure,2026-09-03T05:04:41.202029+00:00,1,0,1654.2,0.54,22902.44,22,RECOVERED,0.665,True,4343.3
pay_101923,cust_01323,2379.56,INR,netbanking,network_failure,2026-09-03T05:26:14.639438+00:00,3,0,1632.6,0.764,184756.34,45,FAILED,0.6901,False,0.0
pay_101924,cust_01324,5726.19,INR,card,network_failure,2026-09-03T11:44:29.559177+00:00,1,0,1254.4,0.752,104019.3,40,RECOVERED,0.8305,True,5726.19
pay_101925,cust_01325,505.15,INR,upi,authentication_failure,2026-09-03T20:52:09.926161+00:00,1,0,706.7,0.056,0.0,7,RECOVERED,0.6888,True,505.15
pay_101926,cust_01326,3465.48,INR,upi,temporary_bank_error,2026-09-04T03:02:06.926666+00:00,2,0,336.8,0.794,67308.6,38,RECOVERED,0.8486,True,3465.48
pay_101927,cust_01327,2096.3,INR,netbanking,3ds_timeout,2026-09-03T20:52:36.061351+00:00,1,0,706.3,0.843,73871.8,41,RECOVERED,0.7658,True,2096.3
pay_101928,cust_01328,1269.07,INR,card,authentication_failure,2026-09-04T00:51:04.026084+00:00,2,1,467.8,0.692,2039.9,3,RECOVERED,0.6474,True,1269.07
pay_101929,cust_01329,306.61,INR,netbanking,authentication_failure,2026-09-03T10:26:14.102791+00:00,1,0,1332.6,0.752,10303.48,15,FAILED,0.7208,False,0.0
pay_101930,cust_01330,980.56,INR,wallet,3ds_timeout,2026-09-04T06:36:08.104123+00:00,1,0,122.7,0.381,22132.41,9,RECOVERED,0.6626,True,980.56
pay_101931,cust_01331,2733.96,INR,card,insufficient_funds,2026-09-01T12:52:12.231424+00:00,2,0,4066.7,0.761,33420.6,9,FAILED,0.3161,False,0.0
pay_101932,cust_01332,848.5,INR,upi,insufficient_funds,2026-09-03T12:06:20.008406+00:00,2,2,1232.5,0.461,2102.85,12,FAILED,0.0637,False,0.0
pay_101933,cust_01333,1353.83,INR,upi,authentication_failure,2026-09-03T02:12:01.076694+00:00,1,0,1826.9,0.152,2151.64,10,RECOVERED,0.6448,True,1353.83
pay_101934,cust_01334,3929.31,INR,upi,payment_method_issue,2026-09-03T20:13:34.843172+00:00,2,2,745.3,0.92,264422.7,49,RECOVERED,0.3495,True,3929.31
pay_101935,cust_01335,888.78,INR,upi,network_failure,2026-09-03T04:16:30.798397+00:00,1,1,1702.4,0.803,20457.92,9,FAILED,0.6998,False,0.0
pay_101936,cust_01336,769.41,INR,upi,authentication_failure,2026-09-04T00:24:22.109912+00:00,1,0,494.5,0.813,106018.9,33,RECOVERED,0.861,True,769.41
pay_101937,cust_01337,6291.16,INR,upi,3ds_timeout,2026-09-03T06:07:11.490287+00:00,2,1,1591.7,0.885,23996.0,29,FAILED,0.6306,False,0.0
pay_101938,cust_01338,403.96,INR,netbanking,payment_method_issue,2026-09-03T23:20:51.580974+00:00,1,0,558.0,0.785,247102.44,50,RECOVERED,0.5254,True,403.96
pay_101939,cust_01339,1239.04,INR,upi,payment_method_issue,2026-09-04T00:16:50.528969+00:00,2,0,502.0,0.771,67040.46,24,FAILED,0.5642,False,0.0
pay_101940,cust_01340,1014.24,INR,card,payment_method_issue,2026-09-03T20:29:22.972648+00:00,2,0,729.5,0.853,144356.86,40,RECOVERED,0.5619,True,1014.24
pay_101941,cust_01341,3859.88,INR,card,network_failure,2026-09-03T05:05:37.730743+00:00,2,0,1653.2,0.887,152913.86,25,RECOVERED,0.8015,True,3859.88
pay_101942,cust_01342,6876.56,INR,card,payment_method_issue,2026-09-03T01:54:40.489418+00:00,1,0,1844.2,0.646,87241.2,19,FAILED,0.5449,False,0.0
pay_101943,cust_01343,2431.83,INR,wallet,network_failure,2026-09-03T16:34:12.938866+00:00,1,0,964.7,0.458,10474.84,10,RECOVERED,0.7859,True,2431.83
pay_101944,cust_01344,3861.22,INR,upi,insufficient_funds,2026-09-04T03:51:23.697839+00:00,1,0,287.5,0.847,183469.37,35,FAILED,0.6049,False,0.0
pay_101945,cust_01345,410.98,INR,upi,network_failure,2026-09-03T06:37:21.528830+00:00,1,0,1561.5,0.892,33710.7,34,RECOVERED,0.9078,True,410.98
pay_101946,cust_01346,2205.75,INR,card,network_failure,2026-09-03T12:55:46.678535+00:00,3,0,1183.1,0.529,22138.32,12,RECOVERED,0.629,True,2205.75
pay_101947,cust_01347,2865.93,INR,netbanking,insufficient_funds,2026-09-03T12:24:32.115190+00:00,1,1,1214.3,0.824,73862.4,49,FAILED,0.3289,False,0.0
pay_101948,cust_01348,1168.16,INR,card,network_failure,2026-09-04T01:27:55.583401+00:00,3,2,430.9,0.91,248056.96,36,FAILED,0.4513,False,0.0
pay_101949,cust_01349,2929.04,INR,wallet,payment_method_issue,2026-09-03T06:17:54.545021+00:00,2,0,1581.0,0.534,14953.84,5,FAILED,0.3867,False,0.0
pay_101950,cust_01350,670.66,INR,netbanking,network_failure,2026-09-04T06:20:59.643926+00:00,1,0,137.9,0.587,53962.86,25,RECOVERED,0.7996,True,670.66
pay_101951,cust_01351,1404.28,INR,upi,network_failure,2026-09-04T04:04:59.440349+00:00,3,0,273.9,0.671,54819.3,15,RECOVERED,0.7089,True,1404.28
pay_101952,cust_01352,4404.09,INR,upi,insufficient_funds,2026-09-04T02:53:19.255384+00:00,2,0,345.6,0.785,159397.25,32,FAILED,0.4871,False,0.0
pay_101953,cust_01353,2662.8,INR,upi,3ds_timeout,2026-09-02T22:13:44.514652+00:00,1,0,2065.1,0.873,147878.64,49,RECOVERED,0.7714,True,2662.8
pay_101954,cust_01354,3226.88,INR,upi,temporary_bank_error,2026-09-03T02:17:33.999523+00:00,1,0,1821.3,0.96,62209.5,11,RECOVERED,0.9046,True,3226.88
pay_101955,cust_01355,1406.58,INR,card,temporary_bank_error,2026-09-04T03:56:07.871780+00:00,1,0,282.7,0.976,242876.78,48,FAILED,0.8674,False,0.0
pay_101956,cust_01356,1824.52,INR,card,insufficient_funds,2026-09-04T05:08:04.862672+00:00,1,0,210.8,0.81,175472.33,37,RECOVERED,0.5721,True,1824.52
pay_101957,cust_01357,6151.91,INR,upi,account_blocked,2026-09-03T18:05:05.089271+00:00,1,2,873.8,0.836,174917.12,34,FAILED,0.01,False,0.0
pay_101958,cust_01358,1005.69,INR,netbanking,customer_abandonment,2026-09-03T19:50:09.582831+00:00,1,0,768.7,0.756,20598.64,11,RECOVERED,0.2278,True,1005.69
pay_101959,cust_01359,1879.02,INR,card,temporary_bank_error,2026-09-03T13:00:50.041102+00:00,1,0,1178.0,0.855,64688.7,18,RECOVERED,0.8951,True,1879.02
pay_101960,cust_01360,1595.65,INR,netbanking,insufficient_funds,2026-09-04T02:09:12.733071+00:00,2,2,389.7,0.554,5224.06,4,FAILED,0.0405,False,0.0
pay_101961,cust_01361,14802.29,INR,upi,authentication_failure,2026-09-04T00:09:48.439945+00:00,1,0,509.1,0.934,76916.7,20,RECOVERED,0.8924,True,14802.29
pay_101962,cust_01362,2916.83,INR,upi,authentication_failure,2026-09-04T04:53:52.424380+00:00,1,0,225.0,0.856,128728.75,30,RECOVERED,0.7908,True,2916.83
pay_101963,cust_01363,1007.89,INR,upi,network_failure,2026-09-03T21:25:58.134978+00:00,1,0,672.9,0.92,56425.95,17,RECOVERED,0.95,True,1007.89
pay_101964,cust_01364,4511.41,INR,wallet,temporary_bank_error,2026-09-04T03:31:15.851541+00:00,1,1,307.6,0.923,37964.64,9,RECOVERED,0.7261,True,4511.41
pay_101965,cust_01365,2394.65,INR,card,network_failure,2026-09-03T18:18:42.157445+00:00,2,0,860.2,0.776,249922.8,47,RECOVERED,0.8379,True,2394.65
pay_101966,cust_01366,2053.63,INR,upi,temporary_bank_error,2026-09-02T06:23:01.825784+00:00,1,0,3015.8,0.84,29790.2,12,RECOVERED,0.7904,True,2053.63
pay_101967,cust_01367,830.71,INR,netbanking,3ds_timeout,2026-09-03T17:29:53.757097+00:00,2,0,909.0,0.251,0.0,3,FAILED,0.4823,False,0.0
pay_101968,cust_01368,2506.15,INR,card,temporary_bank_error,2026-09-03T14:57:41.163280+00:00,3,0,1061.2,0.783,77449.68,29,FAILED,0.6713,False,0.0
pay_101969,cust_01369,875.78,INR,card,3ds_timeout,2026-09-03T02:42:46.507084+00:00,2,0,1796.1,0.896,317234.22,49,FAILED,0.6857,False,0.0
pay_101970,cust_01370,1177.43,INR,wallet,temporary_bank_error,2026-09-03T09:13:09.339991+00:00,1,0,1405.7,0.793,131805.96,33,RECOVERED,0.8308,True,1177.43
pay_101971,cust_01371,641.94,INR,netbanking,payment_method_issue,2026-09-03T13:19:28.172829+00:00,1,1,1159.4,0.838,138331.71,40,FAILED,0.4296,False,0.0
pay_101972,cust_01372,719.34,INR,wallet,payment_method_issue,2026-09-03T06:45:42.528570+00:00,1,1,1553.2,0.943,52399.05,36,FAILED,0.4594,False,0.0
pay_101973,cust_01373,1023.56,INR,card,insufficient_funds,2026-09-02T04:15:25.911513+00:00,1,1,3143.4,0.802,28713.78,23,FAILED,0.3151,False,0.0
pay_101974,cust_01374,1528.92,INR,upi,insufficient_funds,2026-09-02T08:47:20.381264+00:00,1,0,2871.5,0.882,119099.03,22,FAILED,0.538,False,0.0
pay_101975,cust_01375,5614.88,INR,netbanking,insufficient_funds,2026-09-03T13:20:12.255727+00:00,2,0,1158.7,0.978,59671.1,11,RECOVERED,0.4347,True,5614.88
pay_101976,cust_01376,1997.22,INR,upi,3ds_timeout,2026-09-04T07:15:56.444523+00:00,1,1,82.9,0.948,33127.56,10,RECOVERED,0.8096,True,1997.22
pay_101977,cust_01377,1558.1,INR,upi,customer_abandonment,2026-09-03T19:13:02.791182+00:00,1,0,805.8,0.6,48510.49,13,FAILED,0.306,False,0.0
pay_101978,cust_01378,4093.68,INR,card,payment_method_issue,2026-09-03T18:12:28.460535+00:00,3,2,866.4,0.667,32509.45,8,FAILED,0.0198,False,0.0
pay_101979,cust_01379,384.09,INR,card,3ds_timeout,2026-09-03T13:03:01.991203+00:00,2,1,1175.8,0.789,99578.31,50,RECOVERED,0.5757,True,384.09
pay_101980,cust_01380,1304.7,INR,upi,3ds_timeout,2026-09-04T08:12:12.398487+00:00,1,0,26.7,0.923,206486.56,31,RECOVERED,0.8632,True,1304.7
pay_101981,cust_01381,977.45,INR,card,network_failure,2026-09-02T04:51:00.821499+00:00,1,0,3107.9,0.445,11555.48,6,RECOVERED,0.6657,True,977.45
pay_101982,cust_01382,5060.41,INR,card,temporary_bank_error,2026-09-03T19:32:34.700560+00:00,2,0,786.3,0.883,97549.04,22,RECOVERED,0.7823,True,5060.41
pay_101983,cust_01383,1362.61,INR,upi,network_failure,2026-09-03T19:19:14.494523+00:00,3,0,799.6,0.661,38431.98,14,RECOVERED,0.7542,True,1362.61
pay_101984,cust_01384,688.17,INR,card,customer_abandonment,2026-09-02T16:08:57.502588+00:00,1,0,2429.9,0.161,0.0,1,FAILED,0.1297,False,0.0
pay_101985,cust_01385,3048.57,INR,upi,authentication_failure,2026-09-04T06:17:53.916762+00:00,1,1,141.0,0.522,12853.44,4,FAILED,0.6323,False,0.0
pay_101986,cust_01386,3458.92,INR,wallet,network_failure,2026-09-03T17:40:29.788838+00:00,1,0,898.4,0.824,52212.78,23,RECOVERED,0.8937,True,3458.92
pay_101987,cust_01387,2063.68,INR,upi,network_failure,2026-09-03T21:02:19.765756+00:00,3,0,696.5,0.704,1307.52,3,FAILED,0.7847,False,0.0
pay_101988,cust_01388,3680.98,INR,upi,network_failure,2026-08-31T16:45:39.898836+00:00,1,2,5273.2,0.75,44588.4,32,RECOVERED,0.5385,True,3680.98
pay_101989,cust_01389,1774.76,INR,upi,3ds_timeout,2026-08-31T10:06:07.438599+00:00,1,0,5672.8,0.965,21393.12,22,FAILED,0.7204,False,0.0
pay_101990,cust_01390,1489.78,INR,card,3ds_timeout,2026-09-03T00:22:18.499921+00:00,1,0,1936.6,0.621,3351.83,3,RECOVERED,0.6838,True,1489.78
pay_101991,cust_01391,2196.63,INR,netbanking,authentication_failure,2026-09-03T19:48:36.393129+00:00,1,2,770.3,0.771,2466.88,11,FAILED,0.5109,False,0.0
pay_101992,cust_01392,4599.73,INR,wallet,3ds_timeout,2026-09-03T13:32:24.916392+00:00,3,0,1146.5,0.906,1448.32,5,RECOVERED,0.6788,True,4599.73
pay_101993,cust_01393,1249.68,INR,upi,temporary_bank_error,2026-09-03T19:33:07.885155+00:00,1,1,785.7,0.562,16248.2,9,RECOVERED,0.6574,True,1249.68
pay_101994,cust_01394,2170.03,INR,card,temporary_bank_error,2026-09-03T08:29:45.994012+00:00,1,1,1449.1,0.447,10480.28,6,FAILED,0.578,False,0.0
pay_101995,cust_01395,9191.12,INR,wallet,insufficient_funds,2026-09-03T19:19:29.449282+00:00,1,1,799.4,0.9,87120.35,33,RECOVERED,0.3688,True,9191.12
pay_101996,cust_01396,2418.71,INR,emi,authentication_failure,2026-09-01T17:37:19.298502+00:00,1,0,3781.6,0.55,3870.0,8,RECOVERED,0.5559,True,2418.71
pay_101997,cust_01397,2162.91,INR,upi,network_failure,2026-09-02T15:22:43.303185+00:00,1,0,2476.2,0.52,19051.76,15,RECOVERED,0.7711,True,2162.91
pay_101998,cust_01398,1184.42,INR,upi,account_blocked,2026-09-03T21:52:30.836624+00:00,1,0,646.4,0.877,216563.96,43,FAILED,0.2141,False,0.0
pay_101999,cust_01399,4946.03,INR,wallet,3ds_timeout,2026-09-03T20:14:17.881852+00:00,1,1,744.6,0.624,11291.58,11,FAILED,0.6984,False,0.0
pay_102000,cust_01400,2311.9,INR,wallet,3ds_timeout,2026-09-02T15:53:36.889274+00:00,1,0,2445.3,0.763,61659.6,20,RECOVERED,0.692,True,2311.9
pay_102001,cust_01401,1075.09,INR,card,3ds_timeout,2026-09-04T02:27:45.121781+00:00,1,0,371.1,0.872,31596.0,5,RECOVERED,0.7984,True,1075.09
pay_102002,cust_01402,2344.97,INR,card,temporary_bank_error,2026-09-04T03:30:50.928835+00:00,1,0,308.0,0.876,86421.86,16,RECOVERED,0.8792,True,2344.97
pay_102003,cust_01403,1393.27,INR,upi,temporary_bank_error,2026-09-04T03:15:58.754040+00:00,1,1,322.9,0.8,45629.04,8,FAILED,0.691,False,0.0
pay_102004,cust_01404,4065.3,INR,upi,insufficient_funds,2026-08-31T20:51:41.744458+00:00,1,0,5027.2,0.661,51335.46,15,FAILED,0.4597,False,0.0
pay_102005,cust_01405,2237.0,INR,upi,temporary_bank_error,2026-09-03T11:43:31.121711+00:00,1,0,1255.4,0.494,4542.35,11,RECOVERED,0.729,True,2237.0
pay_102006,cust_01406,2980.53,INR,wallet,network_failure,2026-09-03T07:07:06.852475+00:00,3,1,1531.8,0.885,221765.2,46,RECOVERED,0.5409,True,2980.53
pay_102007,cust_01407,2142.84,INR,upi,network_failure,2026-09-04T04:07:55.930676+00:00,3,1,270.9,0.688,4364.98,3,RECOVERED,0.5907,True,2142.84
pay_102008,cust_01408,938.3,INR,card,network_failure,2026-09-03T09:50:08.101360+00:00,1,0,1368.7,0.505,64404.0,25,RECOVERED,0.8013,True,938.3
pay_102009,cust_01409,1075.55,INR,upi,payment_method_issue,2026-09-01T11:19:38.658631+00:00,1,0,4159.2,0.456,21635.7,13,RECOVERED,0.4574,True,1075.55
pay_102010,cust_01410,4309.13,INR,upi,network_failure,2026-09-04T08:33:52.447543+00:00,1,1,5.0,0.697,121131.63,25,RECOVERED,0.8206,True,4309.13
pay_102011,cust_01411,1741.59,INR,wallet,network_failure,2026-09-03T14:08:00.914829+00:00,3,0,1110.9,0.81,169356.0,41,RECOVERED,0.7333,True,1741.59
pay_102012,cust_01412,955.79,INR,upi,network_failure,2026-09-03T20:33:38.406829+00:00,1,0,725.2,0.948,43836.8,15,RECOVERED,0.95,True,955.79
pay_102013,cust_01413,8512.11,INR,card,temporary_bank_error,2026-09-03T20:53:22.114727+00:00,1,0,705.5,0.439,42179.5,25,FAILED,0.7629,False,0.0
pay_102014,cust_01414,3546.83,INR,netbanking,temporary_bank_error,2026-09-04T00:10:48.274790+00:00,1,0,508.1,0.834,18458.0,14,RECOVERED,0.7896,True,3546.83
pay_102015,cust_01415,1899.52,INR,card,insufficient_funds,2026-09-04T02:11:55.087276+00:00,1,0,387.0,0.807,47773.8,25,FAILED,0.5011,False,0.0
pay_102016,cust_01416,1426.15,INR,upi,authentication_failure,2026-09-03T13:00:58.257131+00:00,1,0,1177.9,0.957,30277.8,16,RECOVERED,0.9331,True,1426.15
pay_102017,cust_01417,2002.88,INR,upi,network_failure,2026-09-04T08:31:56.744227+00:00,1,2,6.9,0.694,19741.54,11,RECOVERED,0.6551,True,2002.88
pay_102018,cust_01418,5530.0,INR,card,insufficient_funds,2026-09-03T08:54:35.430166+00:00,3,0,1424.3,0.88,125889.54,24,RECOVERED,0.3611,True,5530.0
pay_102019,cust_01419,2019.76,INR,card,network_failure,2026-09-04T03:35:51.367221+00:00,2,1,303.0,0.389,5939.97,4,FAILED,0.5594,False,0.0
pay_102020,cust_01420,1934.95,INR,upi,3ds_timeout,2026-09-02T12:43:17.308361+00:00,2,0,2635.6,0.844,71518.4,19,RECOVERED,0.6923,True,1934.95
pay_102021,cust_01421,2571.95,INR,netbanking,insufficient_funds,2026-09-03T18:47:06.890480+00:00,1,0,831.8,0.92,24209.02,24,FAILED,0.4874,False,0.0
pay_102022,cust_01422,7282.41,INR,upi,temporary_bank_error,2026-09-04T07:30:06.122464+00:00,1,1,68.8,0.381,5779.72,3,RECOVERED,0.6262,True,7282.41
pay_102023,cust_01423,2949.51,INR,upi,3ds_timeout,2026-08-31T16:01:00.372818+00:00,1,1,5317.9,0.956,249730.24,34,FAILED,0.6112,False,0.0
pay_102024,cust_01424,1521.92,INR,upi,3ds_timeout,2026-09-03T01:35:52.659829+00:00,2,0,1863.0,0.939,38860.8,9,RECOVERED,0.7526,True,1521.92
pay_102025,cust_01425,905.88,INR,card,authentication_failure,2026-09-03T01:19:38.318469+00:00,1,2,1879.2,0.81,148610.4,25,RECOVERED,0.5028,True,905.88
pay_102026,cust_01426,725.38,INR,upi,temporary_bank_error,2026-09-04T06:15:24.156996+00:00,1,0,143.5,0.804,17524.78,17,RECOVERED,0.8766,True,725.38
pay_102027,cust_01427,1037.46,INR,card,3ds_timeout,2026-09-03T11:45:36.211820+00:00,1,0,1253.3,0.857,31971.42,31,FAILED,0.83,False,0.0
pay_102028,cust_01428,1342.62,INR,upi,3ds_timeout,2026-09-03T02:45:25.763916+00:00,2,1,1793.4,0.811,8966.16,12,RECOVERED,0.5621,True,1342.62
pay_102029,cust_01429,9140.95,INR,upi,insufficient_funds,2026-09-02T21:12:48.236509+00:00,1,0,2126.1,0.942,33168.07,25,RECOVERED,0.5662,True,9140.95
pay_102030,cust_01430,685.3,INR,card,customer_abandonment,2026-09-02T05:56:54.408906+00:00,3,2,3042.0,0.819,7011.29,16,FAILED,0.01,False,0.0
pay_102031,cust_01431,908.15,INR,card,network_failure,2026-09-03T13:31:20.469019+00:00,1,2,1147.5,0.485,7592.83,16,FAILED,0.4816,False,0.0
pay_102032,cust_01432,836.88,INR,emi,payment_method_issue,2026-09-03T22:19:18.865048+00:00,1,0,619.6,0.734,7302.48,6,FAILED,0.4905,False,0.0
pay_102033,cust_01433,607.95,INR,card,insufficient_funds,2026-09-03T09:41:24.571156+00:00,2,1,1377.5,0.079,0.0,10,FAILED,0.073,False,0.0
pay_102034,cust_01434,3722.64,INR,wallet,authentication_failure,2026-09-03T23:53:21.906450+00:00,1,0,525.5,0.201,0.0,3,RECOVERED,0.669,True,3722.64
pay_102035,cust_01435,2961.95,INR,card,network_failure,2026-09-04T03:21:46.511606+00:00,1,2,317.1,0.963,198809.4,32,RECOVERED,0.6257,True,2961.95
pay_102036,cust_01436,2281.05,INR,card,temporary_bank_error,2026-09-03T12:18:49.375498+00:00,1,2,1220.1,0.459,21881.82,8,RECOVERED,0.5009,True,2281.05
pay_102037,cust_01437,1437.98,INR,card,temporary_bank_error,2026-09-03T23:10:21.746776+00:00,1,0,568.5,0.892,89828.68,20,FAILED,0.883,False,0.0
pay_102038,cust_01438,1273.51,INR,card,insufficient_funds,2026-09-03T19:42:42.643840+00:00,1,1,776.2,0.814,35281.1,13,RECOVERED,0.326,True,1273.51
pay_102039,cust_01439,1411.16,INR,upi,temporary_bank_error,2026-09-02T13:42:51.624258+00:00,1,0,2576.0,0.736,52107.72,24,RECOVERED,0.838,True,1411.16
pay_102040,cust_01440,4807.77,INR,card,temporary_bank_error,2026-09-03T14:00:50.083862+00:00,2,1,1118.0,0.221,2382.35,7,FAILED,0.4104,False,0.0
pay_102041,cust_01441,2111.74,INR,wallet,temporary_bank_error,2026-09-02T08:04:48.657821+00:00,1,0,2914.1,0.936,15023.0,22,RECOVERED,0.7237,True,2111.74
pay_102042,cust_01442,1465.58,INR,upi,temporary_bank_error,2026-09-03T22:04:49.158155+00:00,1,2,634.1,0.381,0.0,2,RECOVERED,0.5291,True,1465.58
pay_102043,cust_01443,4481.3,INR,upi,insufficient_funds,2026-09-02T16:29:05.807360+00:00,1,0,2409.8,0.722,95453.26,20,FAILED,0.4305,False,0.0
pay_102044,cust_01444,1407.06,INR,upi,3ds_timeout,2026-09-03T17:57:07.814156+00:00,1,0,881.7,0.823,122505.2,49,RECOVERED,0.8602,True,1407.06
pay_102045,cust_01445,5604.39,INR,upi,network_failure,2026-09-03T00:56:14.376131+00:00,1,0,1902.6,0.242,15204.88,10,RECOVERED,0.757,True,5604.39
pay_102046,cust_01446,455.55,INR,card,network_failure,2026-09-03T08:59:06.157394+00:00,2,2,1419.8,0.771,69059.2,19,FAILED,0.4911,False,0.0
pay_102047,cust_01447,1721.33,INR,upi,insufficient_funds,2026-09-04T07:17:29.024716+00:00,1,0,81.4,0.891,32162.24,13,RECOVERED,0.5663,True,1721.33
pay_102048,cust_01448,836.39,INR,upi,network_failure,2026-08-30T22:21:47.753778+00:00,2,0,6377.1,0.885,75151.44,14,RECOVERED,0.7601,True,836.39
pay_102049,cust_01449,1353.25,INR,upi,temporary_bank_error,2026-09-03T07:31:03.374664+00:00,1,0,1507.8,0.967,139557.57,30,FAILED,0.8287,False,0.0
pay_102050,cust_01450,2748.94,INR,upi,network_failure,2026-09-04T07:44:19.278009+00:00,1,0,54.6,0.299,12794.38,7,RECOVERED,0.7932,True,2748.94
pay_102051,cust_01451,1872.53,INR,upi,customer_abandonment,2026-09-02T05:57:44.187046+00:00,2,0,3041.1,0.591,76318.08,21,FAILED,0.2205,False,0.0
pay_102052,cust_01452,2979.91,INR,netbanking,payment_method_issue,2026-09-03T22:26:17.438996+00:00,1,0,612.6,0.919,26892.18,23,FAILED,0.6255,False,0.0
pay_102053,cust_01453,1007.68,INR,upi,customer_abandonment,2026-09-04T00:23:39.099060+00:00,2,1,495.2,0.662,7141.55,20,FAILED,0.0502,False,0.0
pay_102054,cust_01454,2892.06,INR,upi,payment_method_issue,2026-09-02T10:14:03.859500+00:00,2,1,2784.8,0.435,9680.65,17,FAILED,0.2901,False,0.0
pay_102055,cust_01455,6042.11,INR,wallet,payment_method_issue,2026-09-04T02:27:52.375907+00:00,1,2,371.0,0.954,59641.2,10,RECOVERED,0.3636,True,6042.11
pay_102056,cust_01456,5569.76,INR,netbanking,network_failure,2026-09-02T19:48:42.150250+00:00,1,0,2210.2,0.909,54630.48,27,RECOVERED,0.7546,True,5569.76
pay_102057,cust_01457,5211.28,INR,upi,network_failure,2026-08-30T16:43:38.864970+00:00,1,0,6715.2,0.918,92443.65,15,RECOVERED,0.7218,True,5211.28
pay_102058,cust_01458,5652.75,INR,card,authentication_failure,2026-09-03T14:31:57.028764+00:00,1,0,1086.9,0.773,172076.94,35,FAILED,0.7687,False,0.0
pay_102059,cust_01459,1532.38,INR,upi,authentication_failure,2026-09-04T01:43:33.976033+00:00,1,0,415.3,0.767,12854.0,7,RECOVERED,0.8055,True,1532.38
pay_102060,cust_01460,1382.55,INR,upi,3ds_timeout,2026-09-03T19:12:01.361356+00:00,2,0,806.9,0.954,83108.06,15,FAILED,0.7987,False,0.0
pay_102061,cust_01461,1064.03,INR,netbanking,account_blocked,2026-09-03T14:27:57.840646+00:00,1,0,1090.9,0.891,177465.39,35,FAILED,0.1017,False,0.0
pay_102062,cust_01462,1494.75,INR,netbanking,network_failure,2026-09-04T01:14:28.218633+00:00,2,0,444.4,0.453,5698.86,5,RECOVERED,0.6138,True,1494.75
pay_102063,cust_01463,1011.86,INR,wallet,network_failure,2026-09-03T21:31:42.223432+00:00,1,0,667.2,0.648,32319.6,10,RECOVERED,0.9176,True,1011.86
pay_102064,cust_01464,3422.77,INR,upi,network_failure,2026-09-04T05:33:07.861731+00:00,1,2,185.7,0.876,45961.84,36,FAILED,0.6508,False,0.0
pay_102065,cust_01465,6145.36,INR,upi,authentication_failure,2026-09-03T16:15:12.428742+00:00,1,1,983.7,0.902,151944.14,43,FAILED,0.7596,False,0.0
pay_102066,cust_01466,3950.29,INR,upi,authentication_failure,2026-09-03T17:32:48.027810+00:00,1,0,906.1,0.732,81564.24,17,FAILED,0.8736,False,0.0
pay_102067,cust_01467,994.03,INR,upi,network_failure,2026-09-04T05:19:41.212342+00:00,3,1,199.2,0.902,47181.33,10,FAILED,0.6486,False,0.0
pay_102068,cust_01468,4827.84,INR,netbanking,temporary_bank_error,2026-09-03T13:36:14.704839+00:00,1,0,1142.6,0.853,62662.0,21,RECOVERED,0.8143,True,4827.84
pay_102069,cust_01469,1730.73,INR,upi,temporary_bank_error,2026-09-03T17:49:47.700622+00:00,1,0,889.1,0.923,44918.23,47,RECOVERED,0.95,True,1730.73
pay_102070,cust_01470,5266.61,INR,netbanking,temporary_bank_error,2026-09-03T17:27:19.482020+00:00,1,0,911.5,0.251,1539.14,9,FAILED,0.6217,False,0.0
pay_102071,cust_01471,3455.67,INR,card,authentication_failure,2026-09-02T09:34:14.230058+00:00,3,2,2824.6,0.284,9419.8,8,FAILED,0.1795,False,0.0
pay_102072,cust_01472,3031.98,INR,netbanking,network_failure,2026-09-02T17:40:01.958202+00:00,1,0,2338.8,0.946,24997.08,7,RECOVERED,0.7534,True,3031.98
pay_102073,cust_01473,3198.78,INR,upi,authentication_failure,2026-09-04T07:03:49.433951+00:00,1,0,95.1,0.968,50566.27,33,RECOVERED,0.9087,True,3198.78
pay_102074,cust_01474,5114.37,INR,upi,temporary_bank_error,2026-09-04T02:28:32.254954+00:00,2,2,370.3,0.768,131491.08,48,RECOVERED,0.6257,True,5114.37
pay_102075,cust_01475,2073.45,INR,card,payment_method_issue,2026-09-03T23:34:43.400318+00:00,1,0,544.2,0.917,7760.88,9,RECOVERED,0.6605,True,2073.45
pay_102076,cust_01476,2040.5,INR,upi,network_failure,2026-09-04T03:09:51.018728+00:00,1,0,329.0,0.577,6356.44,2,RECOVERED,0.8843,True,2040.5
pay_102077,cust_01477,1410.86,INR,wallet,insufficient_funds,2026-09-03T17:59:49.413044+00:00,1,1,879.1,0.784,154466.88,41,FAILED,0.3147,False,0.0
pay_102078,cust_01478,568.92,INR,upi,customer_abandonment,2026-09-04T03:41:17.543182+00:00,1,0,297.6,0.667,84924.6,19,FAILED,0.3296,False,0.0
pay_102079,cust_01479,909.11,INR,upi,network_failure,2026-09-03T21:14:46.907431+00:00,1,0,684.1,0.89,9755.64,7,RECOVERED,0.8344,True,909.11
pay_102080,cust_01480,1436.64,INR,card,insufficient_funds,2026-09-03T23:10:36.434862+00:00,2,2,568.3,0.537,50048.04,14,FAILED,0.0126,False,0.0
pay_102081,cust_01481,7650.64,INR,upi,temporary_bank_error,2026-09-04T08:13:01.982481+00:00,1,0,25.8,0.713,4102.11,13,RECOVERED,0.8901,True,7650.64
pay_102082,cust_01482,438.93,INR,netbanking,3ds_timeout,2026-09-03T18:07:39.278544+00:00,3,0,871.2,0.633,6673.85,9,RECOVERED,0.5344,True,438.93
pay_102083,cust_01483,1255.65,INR,netbanking,account_blocked,2026-09-04T03:50:29.451999+00:00,1,0,288.4,0.606,3494.2,4,FAILED,0.0115,False,0.0
pay_102084,cust_01484,2769.65,INR,card,insufficient_funds,2026-09-02T23:12:03.097979+00:00,2,0,2006.8,0.695,8535.16,3,FAILED,0.3335,False,0.0
pay_102085,cust_01485,6940.53,INR,card,authentication_failure,2026-09-03T07:47:09.648846+00:00,1,0,1491.7,0.93,247480.1,38,RECOVERED,0.8621,True,6940.53
pay_102086,cust_01486,5377.46,INR,card,3ds_timeout,2026-09-03T15:02:43.850828+00:00,1,0,1056.1,0.485,4825.17,16,RECOVERED,0.746,True,5377.46
pay_102087,cust_01487,568.05,INR,upi,authentication_failure,2026-09-03T11:12:40.182566+00:00,1,1,1286.2,0.857,129816.5,30,FAILED,0.7163,False,0.0
pay_102088,cust_01488,737.12,INR,upi,network_failure,2026-09-02T21:04:52.454213+00:00,1,0,2134.0,0.887,107744.14,16,RECOVERED,0.8429,True,737.12
pay_102089,cust_01489,7074.64,INR,card,insufficient_funds,2026-09-03T18:34:08.647008+00:00,1,1,844.7,0.943,115273.0,21,FAILED,0.4345,False,0.0
pay_102090,cust_01490,1624.55,INR,emi,authentication_failure,2026-09-03T21:26:04.098597+00:00,1,1,672.8,0.946,117295.92,18,FAILED,0.6462,False,0.0
pay_102091,cust_01491,435.72,INR,wallet,insufficient_funds,2026-09-02T12:06:33.424518+00:00,3,0,2672.3,0.575,4790.63,23,FAILED,0.2532,False,0.0
pay_102092,cust_01492,1268.71,INR,card,account_blocked,2026-09-04T00:23:44.574514+00:00,2,0,495.1,0.476,58492.44,21,FAILED,0.01,False,0.0
pay_102093,cust_01493,1261.24,INR,netbanking,network_failure,2026-09-03T08:41:24.266258+00:00,2,1,1437.5,0.837,84354.16,27,RECOVERED,0.6229,True,1261.24
pay_102094,cust_01494,1844.31,INR,upi,network_failure,2026-09-01T10:35:47.103648+00:00,1,0,4203.1,0.535,713.16,5,RECOVERED,0.7408,True,1844.31
pay_102095,cust_01495,1991.49,INR,card,network_failure,2026-09-03T12:57:10.925260+00:00,1,0,1181.7,0.501,8018.78,5,RECOVERED,0.8468,True,1991.49
pay_102096,cust_01496,818.77,INR,netbanking,network_failure,2026-09-04T03:36:37.187520+00:00,1,0,302.3,0.489,83950.35,24,RECOVERED,0.7564,True,818.77
pay_102097,cust_01497,6302.4,INR,upi,network_failure,2026-09-03T17:39:24.742223+00:00,1,0,899.5,0.706,47761.84,21,RECOVERED,0.9095,True,6302.4
pay_102098,cust_01498,1151.22,INR,wallet,customer_abandonment,2026-08-30T16:58:45.099970+00:00,1,0,6700.1,0.739,50982.54,10,RECOVERED,0.2087,True,1151.22
pay_102099,cust_01499,1287.81,INR,upi,temporary_bank_error,2026-09-01T05:23:33.803493+00:00,1,0,4515.3,0.594,11769.56,8,FAILED,0.6849,False,0.0
pay_102100,cust_01500,1029.21,INR,wallet,insufficient_funds,2026-09-04T04:21:32.911124+00:00,2,0,257.3,0.708,48966.88,23,RECOVERED,0.4415,True,1029.21
pay_102101,cust_01501,1472.93,INR,card,3ds_timeout,2026-09-04T06:15:14.461351+00:00,3,0,143.6,0.462,7850.02,5,RECOVERED,0.5372,True,1472.93
pay_102102,cust_01502,1000.7,INR,upi,temporary_bank_error,2026-09-04T01:46:43.529399+00:00,1,0,412.1,0.356,0.0,2,RECOVERED,0.8012,True,1000.7
pay_102103,cust_01503,2581.3,INR,upi,insufficient_funds,2026-09-04T03:46:09.359051+00:00,1,1,292.7,0.513,24044.45,10,FAILED,0.278,False,0.0
pay_102104,cust_01504,1978.53,INR,upi,account_blocked,2026-09-02T19:07:28.519340+00:00,1,0,2251.4,0.896,280131.44,42,FAILED,0.16,False,0.0
pay_102105,cust_01505,2303.44,INR,netbanking,network_failure,2026-09-03T12:29:32.684055+00:00,1,0,1209.3,0.907,88309.56,38,RECOVERED,0.8285,True,2303.44
pay_102106,cust_01506,3466.74,INR,netbanking,customer_abandonment,2026-09-03T20:09:58.386725+00:00,2,0,748.9,0.167,7174.91,10,FAILED,0.0238,False,0.0
pay_102107,cust_01507,3407.64,INR,emi,network_failure,2026-09-03T22:07:07.772311+00:00,1,0,631.7,0.566,94765.56,22,RECOVERED,0.7986,True,3407.64
pay_102108,cust_01508,1011.69,INR,card,network_failure,2026-09-03T00:10:08.995517+00:00,1,0,1948.7,0.798,52110.85,15,RECOVERED,0.8122,True,1011.69
pay_102109,cust_01509,1022.23,INR,card,payment_method_issue,2026-09-02T06:27:15.691751+00:00,2,1,3011.6,0.615,28828.0,14,RECOVERED,0.2648,True,1022.23
pay_102110,cust_01510,2135.15,INR,wallet,payment_method_issue,2026-09-02T02:37:57.631435+00:00,1,0,3240.9,0.918,28673.8,5,RECOVERED,0.5963,True,2135.15
pay_102111,cust_01511,1951.12,INR,netbanking,network_failure,2026-09-03T20:32:59.627759+00:00,1,0,725.9,0.485,77580.69,24,RECOVERED,0.7735,True,1951.12
pay_102112,cust_01512,1162.57,INR,netbanking,network_failure,2026-09-03T23:39:18.247714+00:00,1,0,539.6,0.82,46505.2,9,RECOVERED,0.8426,True,1162.57
pay_102113,cust_01513,594.94,INR,upi,authentication_failure,2026-09-03T07:16:01.444270+00:00,1,1,1522.9,0.828,310640.46,48,RECOVERED,0.7332,True,594.94
pay_102114,cust_01514,1294.12,INR,emi,temporary_bank_error,2026-09-03T10:43:02.793818+00:00,2,0,1315.8,0.456,2683.56,14,RECOVERED,0.5676,True,1294.12
pay_102115,cust_01515,1053.39,INR,upi,authentication_failure,2026-09-03T20:26:29.960867+00:00,2,0,732.4,0.6,4993.4,7,RECOVERED,0.7275,True,1053.39
pay_102116,cust_01516,7333.91,INR,emi,insufficient_funds,2026-09-03T17:42:03.731753+00:00,2,0,896.8,0.612,95508.48,21,FAILED,0.2499,False,0.0
pay_102117,cust_01517,2055.55,INR,upi,network_failure,2026-09-03T19:18:47.278178+00:00,1,0,800.1,0.542,8761.76,14,RECOVERED,0.8125,True,2055.55
pay_102118,cust_01518,1442.87,INR,card,network_failure,2026-09-04T05:02:04.286920+00:00,2,0,216.8,0.908,10474.4,5,RECOVERED,0.9284,True,1442.87
pay_102119,cust_01519,3461.52,INR,upi,insufficient_funds,2026-09-03T14:49:02.568857+00:00,3,0,1069.8,0.638,60264.27,15,FAILED,0.3212,False,0.0
pay_102120,cust_01520,817.66,INR,upi,insufficient_funds,2026-09-03T01:46:09.104328+00:00,1,0,1852.7,0.93,60376.14,36,FAILED,0.5161,False,0.0
pay_102121,cust_01521,1192.8,INR,card,authentication_failure,2026-09-02T20:02:27.553928+00:00,1,0,2196.4,0.172,2574.2,7,RECOVERED,0.6238,True,1192.8
pay_102122,cust_01522,3924.65,INR,upi,network_failure,2026-09-03T15:13:45.454485+00:00,1,0,1045.1,0.563,1605.4,9,RECOVERED,0.8642,True,3924.65
pay_102123,cust_01523,2643.06,INR,card,authentication_failure,2026-09-03T07:08:08.547025+00:00,1,1,1530.7,0.451,6302.35,4,RECOVERED,0.5642,True,2643.06
pay_102124,cust_01524,2518.63,INR,card,network_failure,2026-09-04T03:09:11.843920+00:00,3,2,329.7,0.555,14002.56,11,RECOVERED,0.3846,True,2518.63
pay_102125,cust_01525,3255.78,INR,upi,customer_abandonment,2026-09-03T13:19:33.718269+00:00,1,1,1159.3,0.522,32494.08,23,FAILED,0.1484,False,0.0
pay_102126,cust_01526,920.88,INR,emi,network_failure,2026-09-04T01:35:12.476710+00:00,1,1,423.7,0.626,11322.76,7,FAILED,0.6565,False,0.0
pay_102127,cust_01527,4776.28,INR,card,temporary_bank_error,2026-09-01T19:28:13.003757+00:00,3,0,3670.7,0.829,30473.91,12,RECOVERED,0.6271,True,4776.28
pay_102128,cust_01528,1444.01,INR,netbanking,network_failure,2026-09-03T11:48:55.342788+00:00,1,0,1250.0,0.621,4682.16,7,FAILED,0.7962,False,0.0
pay_102129,cust_01529,7571.92,INR,netbanking,payment_method_issue,2026-09-01T18:22:32.670095+00:00,1,1,3736.3,0.886,198850.68,41,FAILED,0.3821,False,0.0
pay_102130,cust_01530,1241.73,INR,card,network_failure,2026-09-04T07:41:41.340304+00:00,2,0,57.2,0.693,132523.84,25,RECOVERED,0.7792,True,1241.73
pay_102131,cust_01531,2592.04,INR,upi,insufficient_funds,2026-09-04T06:54:04.071917+00:00,2,0,104.8,0.55,4628.84,4,RECOVERED,0.4503,True,2592.04
pay_102132,cust_01532,778.57,INR,card,payment_method_issue,2026-09-03T19:11:04.935832+00:00,1,0,807.8,0.596,22271.48,20,FAILED,0.548,False,0.0
pay_102133,cust_01533,1375.68,INR,upi,network_failure,2026-09-04T02:06:05.497365+00:00,1,0,392.8,0.902,72195.48,20,RECOVERED,0.9461,True,1375.68
pay_102134,cust_01534,1795.61,INR,card,insufficient_funds,2026-08-29T06:53:27.669835+00:00,1,0,8745.4,0.898,54507.31,15,RECOVERED,0.3319,True,1795.61
pay_102135,cust_01535,1737.92,INR,card,temporary_bank_error,2026-09-04T00:59:00.000464+00:00,2,2,459.9,0.863,48414.13,20,RECOVERED,0.4899,True,1737.92
pay_102136,cust_01536,3679.43,INR,emi,customer_abandonment,2026-09-02T22:10:22.110484+00:00,1,0,2068.5,0.837,14512.0,20,FAILED,0.2735,False,0.0
pay_102137,cust_01537,2376.48,INR,netbanking,insufficient_funds,2026-09-02T19:13:30.888560+00:00,1,0,2245.4,0.865,25494.84,25,FAILED,0.3943,False,0.0
pay_102138,cust_01538,526.3,INR,upi,network_failure,2026-09-04T05:45:50.702391+00:00,1,0,173.0,0.845,149425.98,40,RECOVERED,0.95,True,526.3
pay_102139,cust_01539,989.8,INR,wallet,temporary_bank_error,2026-09-04T08:25:00.253274+00:00,1,0,13.9,0.703,24605.75,19,RECOVERED,0.8211,True,989.8
pay_102140,cust_01540,2278.2,INR,upi,temporary_bank_error,2026-09-02T09:06:46.017287+00:00,1,0,2852.1,0.687,36905.28,12,RECOVERED,0.7595,True,2278.2
pay_102141,cust_01541,1991.39,INR,upi,payment_method_issue,2026-09-04T06:49:26.858077+00:00,1,0,109.4,0.854,55320.84,11,RECOVERED,0.7075,True,1991.39
pay_102142,cust_01542,1721.14,INR,netbanking,insufficient_funds,2026-09-03T20:50:56.250622+00:00,3,0,707.9,0.728,36137.76,11,FAILED,0.3647,False,0.0
pay_102143,cust_01543,2723.62,INR,netbanking,insufficient_funds,2026-09-04T01:36:15.286157+00:00,3,2,422.6,0.567,78225.29,24,FAILED,0.01,False,0.0
pay_102144,cust_01544,1020.77,INR,wallet,network_failure,2026-08-31T23:55:19.553159+00:00,3,1,4843.5,0.778,45080.92,30,FAILED,0.4817,False,0.0
pay_102145,cust_01545,1264.53,INR,upi,network_failure,2026-09-03T11:30:38.569323+00:00,1,1,1268.2,0.416,60736.41,22,RECOVERED,0.7003,True,1264.53
pay_102146,cust_01546,5523.82,INR,netbanking,network_failure,2026-09-03T12:08:50.932073+00:00,1,2,1230.0,0.725,30886.72,6,FAILED,0.5274,False,0.0
pay_102147,cust_01547,1143.63,INR,card,network_failure,2026-09-04T08:00:57.898719+00:00,1,0,37.9,0.335,14835.32,8,RECOVERED,0.7047,True,1143.63
pay_102148,cust_01548,1182.92,INR,upi,temporary_bank_error,2026-09-04T06:42:08.074083+00:00,1,1,116.7,0.444,32177.52,14,RECOVERED,0.6778,True,1182.92
pay_102149,cust_01549,779.28,INR,card,authentication_failure,2026-09-04T02:34:36.959960+00:00,1,0,364.3,0.542,80877.61,21,FAILED,0.8132,False,0.0
pay_102150,cust_01550,5759.88,INR,upi,account_blocked,2026-09-02T21:19:28.419306+00:00,1,0,2119.4,0.204,0.0,3,FAILED,0.01,False,0.0
pay_102151,cust_01551,189.14,INR,netbanking,insufficient_funds,2026-09-01T00:46:07.807178+00:00,1,1,4792.7,0.586,40470.01,12,FAILED,0.2672,False,0.0
pay_102152,cust_01552,1239.14,INR,card,network_failure,2026-09-03T22:24:18.063517+00:00,2,1,614.6,0.914,127226.68,48,FAILED,0.7306,False,0.0
pay_102153,cust_01553,2688.38,INR,card,network_failure,2026-09-03T23:10:48.159357+00:00,3,0,568.1,0.91,126933.84,25,RECOVERED,0.7266,True,2688.38
pay_102154,cust_01554,3033.94,INR,emi,network_failure,2026-09-04T03:40:54.914569+00:00,1,0,298.0,0.903,148275.09,31,RECOVERED,0.849,True,3033.94
pay_102155,cust_01555,1011.01,INR,upi,authentication_failure,2026-09-01T05:21:08.956841+00:00,1,0,4517.7,0.756,7086.0,14,RECOVERED,0.7513,True,1011.01
pay_102156,cust_01556,2842.38,INR,card,3ds_timeout,2026-09-03T12:47:47.516432+00:00,1,2,1191.1,0.282,0.0,3,RECOVERED,0.354,True,2842.38
pay_102157,cust_01557,3380.76,INR,card,payment_method_issue,2026-09-04T00:24:51.265200+00:00,1,1,494.0,0.854,258403.19,44,FAILED,0.489,False,0.0
pay_102158,cust_01558,1140.25,INR,card,network_failure,2026-09-02T15:53:29.841126+00:00,1,0,2445.4,0.805,98077.98,49,RECOVERED,0.8583,True,1140.25
pay_102159,cust_01559,2670.54,INR,upi,authentication_failure,2026-09-04T00:40:49.314179+00:00,1,0,478.1,0.931,119127.36,48,RECOVERED,0.95,True,2670.54
pay_102160,cust_01560,1299.38,INR,emi,network_failure,2026-09-03T06:34:46.451991+00:00,1,1,1564.1,0.95,207416.97,33,RECOVERED,0.7013,True,1299.38
pay_102161,cust_01561,692.13,INR,card,payment_method_issue,2026-09-03T04:29:48.074258+00:00,1,1,1689.1,0.467,84975.33,25,FAILED,0.3955,False,0.0
pay_102162,cust_01562,719.17,INR,upi,temporary_bank_error,2026-09-03T19:00:26.637098+00:00,1,0,818.4,0.79,35351.58,37,RECOVERED,0.9225,True,719.17
pay_102163,cust_01563,870.59,INR,upi,network_failure,2026-09-03T04:47:03.684253+00:00,3,0,1671.8,0.787,5495.52,21,RECOVERED,0.7848,True,870.59
pay_102164,cust_01564,5767.56,INR,card,authentication_failure,2026-09-03T15:27:45.148809+00:00,1,0,1031.1,0.824,37543.14,8,RECOVERED,0.7752,True,5767.56
pay_102165,cust_01565,723.14,INR,upi,network_failure,2026-09-03T08:10:07.843606+00:00,2,0,1468.7,0.882,19807.14,27,RECOVERED,0.8882,True,723.14
pay_102166,cust_01566,773.83,INR,netbanking,insufficient_funds,2026-09-02T05:38:41.297943+00:00,1,0,3060.2,0.931,45534.71,15,RECOVERED,0.436,True,773.83
pay_102167,cust_01567,1496.11,INR,card,authentication_failure,2026-09-03T23:43:04.407146+00:00,1,0,535.8,0.799,56984.2,26,FAILED,0.8288,False,0.0
pay_102168,cust_01568,1376.11,INR,netbanking,network_failure,2026-09-03T05:49:28.054467+00:00,2,1,1609.4,0.879,14711.6,46,FAILED,0.5917,False,0.0
pay_102169,cust_01569,3867.38,INR,upi,temporary_bank_error,2026-09-04T06:16:22.177898+00:00,1,0,142.5,0.611,5555.65,3,RECOVERED,0.7898,True,3867.38
pay_102170,cust_01570,1514.92,INR,card,temporary_bank_error,2026-09-03T17:54:27.147527+00:00,1,0,884.4,0.917,36586.45,6,FAILED,0.9061,False,0.0
pay_102171,cust_01571,4127.67,INR,upi,network_failure,2026-09-03T16:31:08.768829+00:00,3,0,967.7,0.818,65946.95,46,FAILED,0.7186,False,0.0
pay_102172,cust_01572,2864.2,INR,card,authentication_failure,2026-09-03T17:29:27.611705+00:00,1,2,909.4,0.313,712.9,9,RECOVERED,0.3762,True,2864.2
pay_102173,cust_01573,3430.26,INR,netbanking,3ds_timeout,2026-09-03T17:56:51.042676+00:00,2,0,882.0,0.694,67346.2,15,FAILED,0.6575,False,0.0
pay_102174,cust_01574,3339.26,INR,upi,network_failure,2026-09-04T06:38:06.644221+00:00,2,0,120.8,0.72,100485.72,25,RECOVERED,0.8366,True,3339.26
pay_102175,cust_01575,1879.91,INR,card,account_blocked,2026-09-03T18:40:03.347284+00:00,1,0,838.8,0.762,73556.0,21,FAILED,0.0311,False,0.0
pay_102176,cust_01576,17533.24,INR,card,network_failure,2026-09-04T08:33:52.447543+00:00,1,1,5.0,0.854,90857.25,30,RECOVERED,0.8461,True,17533.24
pay_102177,cust_01577,2546.25,INR,upi,insufficient_funds,2026-09-01T17:17:55.667691+00:00,1,0,3800.9,0.898,30690.27,44,RECOVERED,0.4805,True,2546.25
pay_102178,cust_01578,1853.04,INR,card,network_failure,2026-09-02T17:15:51.913692+00:00,2,1,2363.0,0.866,120822.33,23,FAILED,0.6498,False,0.0
pay_102179,cust_01579,1681.32,INR,netbanking,network_failure,2026-09-04T07:39:43.395052+00:00,1,1,59.2,0.549,46412.38,14,FAILED,0.6986,False,0.0
pay_102180,cust_01580,5641.12,INR,netbanking,insufficient_funds,2026-09-04T00:09:40.695724+00:00,1,0,509.2,0.922,89996.55,39,RECOVERED,0.4933,True,5641.12
pay_102181,cust_01581,5377.05,INR,card,insufficient_funds,2026-09-03T01:15:06.212759+00:00,1,0,1883.8,0.968,267356.98,40,RECOVERED,0.509,True,5377.05
pay_102182,cust_01582,1565.98,INR,card,temporary_bank_error,2026-09-04T04:07:22.389879+00:00,1,2,271.5,0.841,250527.42,40,RECOVERED,0.6204,True,1565.98
pay_102183,cust_01583,1283.58,INR,upi,authentication_failure,2026-09-02T18:16:06.071187+00:00,1,0,2302.8,0.899,46097.7,37,RECOVERED,0.8148,True,1283.58
pay_102184,cust_01584,2501.74,INR,card,3ds_timeout,2026-09-03T18:19:24.244772+00:00,1,0,859.5,0.792,219594.56,41,RECOVERED,0.8113,True,2501.74
pay_102185,cust_01585,1124.63,INR,netbanking,network_failure,2026-09-04T02:46:09.844090+00:00,1,0,352.7,0.904,19010.88,21,RECOVERED,0.9195,True,1124.63
pay_102186,cust_01586,3521.4,INR,netbanking,network_failure,2026-09-03T15:57:11.252951+00:00,1,0,1001.7,0.901,22460.04,11,RECOVERED,0.8943,True,3521.4
pay_102187,cust_01587,2809.96,INR,upi,network_failure,2026-09-03T17:08:48.768731+00:00,1,1,930.1,0.826,100840.6,47,RECOVERED,0.7595,True,2809.96
pay_102188,cust_01588,1561.54,INR,upi,network_failure,2026-09-04T02:28:56.354235+00:00,1,0,369.9,0.823,41561.52,32,RECOVERED,0.939,True,1561.54
pay_102189,cust_01589,1066.08,INR,netbanking,3ds_timeout,2026-09-04T05:24:04.431659+00:00,1,0,194.8,0.943,66393.24,13,RECOVERED,0.884,True,1066.08
pay_102190,cust_01590,5124.39,INR,emi,insufficient_funds,2026-09-03T19:57:01.414831+00:00,1,0,761.9,0.928,150079.71,36,RECOVERED,0.5448,True,5124.39
pay_102191,cust_01591,1050.5,INR,upi,network_failure,2026-09-04T05:44:23.544478+00:00,1,1,174.5,0.692,28651.96,6,RECOVERED,0.7635,True,1050.5
pay_102192,cust_01592,2381.41,INR,upi,authentication_failure,2026-09-03T23:13:47.482732+00:00,1,2,565.1,0.703,61962.24,18,RECOVERED,0.5693,True,2381.41
pay_102193,cust_01593,1639.81,INR,upi,temporary_bank_error,2026-09-04T05:19:49.900158+00:00,1,0,199.0,0.758,67270.65,21,RECOVERED,0.8554,True,1639.81
pay_102194,cust_01594,1013.21,INR,upi,temporary_bank_error,2026-08-31T06:29:32.733101+00:00,1,0,5889.3,0.801,196213.05,42,RECOVERED,0.6651,True,1013.21
pay_102195,cust_01595,4127.5,INR,upi,authentication_failure,2026-08-30T19:50:44.093024+00:00,1,0,6528.1,0.841,11828.36,37,FAILED,0.6806,False,0.0
pay_102196,cust_01596,2709.22,INR,netbanking,authentication_failure,2026-09-01T18:43:27.100274+00:00,1,0,3715.4,0.448,5038.26,7,FAILED,0.6156,False,0.0
pay_102197,cust_01597,2886.24,INR,upi,network_failure,2026-09-01T14:48:14.215226+00:00,2,0,3950.6,0.064,0.0,8,RECOVERED,0.5867,True,2886.24
pay_102198,cust_01598,1056.35,INR,netbanking,insufficient_funds,2026-09-02T16:12:50.621866+00:00,1,1,2426.0,0.576,23018.24,13,FAILED,0.2209,False,0.0
pay_102199,cust_01599,639.08,INR,upi,insufficient_funds,2026-09-04T06:27:07.414321+00:00,2,0,131.8,0.16,5178.47,9,FAILED,0.2477,False,0.0
pay_102200,cust_01600,29798.54,INR,wallet,network_failure,2026-09-02T21:01:08.656567+00:00,1,1,2137.7,0.79,115725.24,46,RECOVERED,0.7391,True,29798.54
pay_102201,cust_01601,1876.82,INR,upi,payment_method_issue,2026-09-03T14:32:58.775356+00:00,1,0,1085.9,0.974,76969.08,19,RECOVERED,0.6618,True,1876.82
pay_102202,cust_01602,2185.47,INR,netbanking,temporary_bank_error,2026-09-03T13:14:17.386767+00:00,1,1,1164.6,0.702,4164.14,2,FAILED,0.6126,False,0.0
pay_102203,cust_01603,683.34,INR,card,3ds_timeout,2026-09-03T00:51:21.716851+00:00,1,0,1907.5,0.898,23309.6,18,RECOVERED,0.7958,True,683.34
pay_102204,cust_01604,2085.38,INR,card,network_failure,2026-09-03T21:09:09.856822+00:00,2,0,689.7,0.541,35075.82,12,FAILED,0.7561,False,0.0
pay_102205,cust_01605,1003.09,INR,emi,insufficient_funds,2026-09-04T08:08:11.606510+00:00,1,2,30.7,0.787,11347.92,31,RECOVERED,0.1698,True,1003.09
pay_102206,cust_01606,1666.82,INR,card,temporary_bank_error,2026-09-03T07:05:26.387220+00:00,1,0,1533.4,0.895,42954.84,7,RECOVERED,0.8682,True,1666.82
pay_102207,cust_01607,1083.68,INR,upi,insufficient_funds,2026-09-03T22:21:25.710219+00:00,1,0,617.4,0.226,4915.05,7,FAILED,0.3082,False,0.0
pay_102208,cust_01608,1984.88,INR,card,customer_abandonment,2026-09-02T04:22:37.654029+00:00,2,0,3136.2,0.722,18794.35,8,FAILED,0.2151,False,0.0
pay_102209,cust_01609,2930.94,INR,upi,temporary_bank_error,2026-09-04T03:26:27.919393+00:00,1,0,312.4,0.844,70603.94,14,RECOVERED,0.9206,True,2930.94
pay_102210,cust_01610,3947.3,INR,emi,payment_method_issue,2026-09-04T01:57:19.135350+00:00,1,0,401.6,0.917,170248.53,26,RECOVERED,0.6056,True,3947.3
pay_102211,cust_01611,3242.52,INR,card,network_failure,2026-09-02T03:52:10.855087+00:00,1,0,3166.7,0.78,7432.32,6,FAILED,0.7806,False,0.0
pay_102212,cust_01612,3041.59,INR,wallet,account_blocked,2026-09-04T01:21:03.946242+00:00,1,1,437.8,0.46,44267.13,21,FAILED,0.01,False,0.0
pay_102213,cust_01613,2196.63,INR,upi,temporary_bank_error,2026-09-04T06:49:07.380245+00:00,1,2,109.8,0.78,146932.5,43,RECOVERED,0.5992,True,2196.63
pay_102214,cust_01614,1198.48,INR,netbanking,payment_method_issue,2026-09-04T02:42:51.840432+00:00,1,0,356.0,0.847,28359.25,7,RECOVERED,0.5332,True,1198.48
pay_102215,cust_01615,1078.69,INR,netbanking,temporary_bank_error,2026-09-03T22:27:22.547826+00:00,1,0,611.5,0.935,213125.85,49,RECOVERED,0.9087,True,1078.69
pay_102216,cust_01616,2756.61,INR,upi,authentication_failure,2026-09-04T07:50:47.844360+00:00,2,0,48.1,0.709,4962.3,4,RECOVERED,0.7911,True,2756.61
pay_102217,cust_01617,1568.88,INR,wallet,3ds_timeout,2026-09-01T15:21:24.962304+00:00,3,1,3917.5,0.921,19002.0,5,FAILED,0.5067,False,0.0
pay_102218,cust_01618,1659.89,INR,upi,network_failure,2026-09-03T16:15:19.361865+00:00,1,0,983.6,0.634,24136.77,12,RECOVERED,0.8615,True,1659.89
pay_102219,cust_01619,1871.51,INR,netbanking,customer_abandonment,2026-09-02T06:21:22.964947+00:00,1,0,3017.5,0.81,110404.02,39,FAILED,0.2602,False,0.0
pay_102220,cust_01620,349.38,INR,upi,temporary_bank_error,2026-09-02T14:37:46.218493+00:00,1,1,2521.1,0.54,40150.0,19,RECOVERED,0.6297,True,349.38
pay_102221,cust_01621,2689.11,INR,upi,authentication_failure,2026-09-02T20:56:53.021535+00:00,1,1,2142.0,0.821,137748.6,27,RECOVERED,0.6927,True,2689.11
pay_102222,cust_01622,659.65,INR,netbanking,temporary_bank_error,2026-09-03T23:04:11.956000+00:00,3,0,574.7,0.803,296758.41,49,RECOVERED,0.6788,True,659.65
pay_102223,cust_01623,1254.8,INR,upi,temporary_bank_error,2026-09-03T14:47:15.121020+00:00,1,0,1071.6,0.672,79342.76,21,RECOVERED,0.8113,True,1254.8
pay_102224,cust_01624,9263.44,INR,upi,network_failure,2026-09-02T22:18:58.389308+00:00,1,0,2059.9,0.771,39318.5,14,RECOVERED,0.904,True,9263.44
pay_102225,cust_01625,1259.07,INR,card,authentication_failure,2026-09-03T06:47:32.752286+00:00,2,1,1551.3,0.835,20675.2,43,RECOVERED,0.535,True,1259.07
pay_102226,cust_01626,1645.53,INR,card,insufficient_funds,2026-09-03T18:14:48.204770+00:00,2,1,864.1,0.497,7424.7,21,FAILED,0.197,False,0.0
pay_102227,cust_01627,1378.12,INR,upi,customer_abandonment,2026-09-03T14:24:25.204520+00:00,3,0,1094.5,0.946,87578.75,38,RECOVERED,0.2877,True,1378.12
pay_102228,cust_01628,718.39,INR,emi,authentication_failure,2026-09-04T05:00:31.455768+00:00,1,1,218.3,0.803,65879.88,15,RECOVERED,0.5867,True,718.39
pay_102229,cust_01629,1243.59,INR,card,temporary_bank_error,2026-09-02T20:22:52.085731+00:00,2,0,2176.0,0.08,0.0,5,RECOVERED,0.5236,True,1243.59
pay_102230,cust_01630,1042.05,INR,card,account_blocked,2026-09-02T15:36:26.331120+00:00,3,1,2462.4,0.869,35619.05,50,FAILED,0.01,False,0.0
pay_102231,cust_01631,5486.59,INR,wallet,account_blocked,2026-09-03T20:31:34.033150+00:00,1,0,727.3,0.168,0.0,5,RECOVERED,0.01,True,5486.59
pay_102232,cust_01632,1365.96,INR,upi,temporary_bank_error,2026-09-02T21:35:23.753860+00:00,1,0,2103.5,0.79,32473.62,37,FAILED,0.8161,False,0.0
pay_102233,cust_01633,3208.12,INR,card,3ds_timeout,2026-09-03T20:45:07.101228+00:00,2,2,713.8,0.323,7046.07,5,RECOVERED,0.3472,True,3208.12
pay_102234,cust_01634,5156.46,INR,card,insufficient_funds,2026-09-04T01:40:44.306861+00:00,1,1,418.1,0.241,0.0,4,FAILED,0.2407,False,0.0
pay_102235,cust_01635,1935.21,INR,netbanking,temporary_bank_error,2026-09-03T21:35:04.397595+00:00,1,2,663.8,0.564,4100.85,10,FAILED,0.5263,False,0.0
pay_102236,cust_01636,5727.74,INR,upi,temporary_bank_error,2026-09-03T07:02:26.711605+00:00,1,2,1536.4,0.54,29939.56,13,FAILED,0.4185,False,0.0
pay_102237,cust_01637,2520.04,INR,upi,3ds_timeout,2026-09-03T10:29:54.337343+00:00,2,1,1329.0,0.842,18593.82,26,RECOVERED,0.6331,True,2520.04
pay_102238,cust_01638,1206.9,INR,card,3ds_timeout,2026-09-03T14:24:46.684830+00:00,2,0,1094.1,0.882,106299.34,16,FAILED,0.6617,False,0.0
pay_102239,cust_01639,3296.93,INR,netbanking,temporary_bank_error,2026-09-02T05:30:37.300889+00:00,3,0,3068.3,0.697,10324.5,8,FAILED,0.6094,False,0.0
pay_102240,cust_01640,2318.96,INR,upi,authentication_failure,2026-09-03T21:30:59.992420+00:00,1,1,667.9,0.775,38526.25,10,RECOVERED,0.7733,True,2318.96
pay_102241,cust_01641,5444.96,INR,card,3ds_timeout,2026-09-04T02:46:19.914425+00:00,2,0,352.5,0.338,10158.28,6,FAILED,0.5796,False,0.0
pay_102242,cust_01642,2818.93,INR,upi,authentication_failure,2026-09-04T05:06:31.889367+00:00,1,2,212.3,0.976,88489.8,37,RECOVERED,0.6774,True,2818.93
pay_102243,cust_01643,2291.47,INR,card,temporary_bank_error,2026-09-03T16:04:55.610992+00:00,1,0,993.9,0.934,241130.88,35,FAILED,0.8304,False,0.0
pay_102244,cust_01644,2316.51,INR,upi,network_failure,2026-09-04T03:43:16.907998+00:00,1,0,295.6,0.664,78191.1,16,RECOVERED,0.8986,True,2316.51
pay_102245,cust_01645,4424.85,INR,card,network_failure,2026-09-03T02:22:36.394274+00:00,1,0,1816.3,0.798,35500.08,42,RECOVERED,0.8345,True,4424.85
pay_102246,cust_01646,1299.99,INR,upi,payment_method_issue,2026-09-01T06:37:41.361937+00:00,1,2,4441.2,0.805,215058.48,35,FAILED,0.3297,False,0.0
pay_102247,cust_01647,1409.96,INR,netbanking,3ds_timeout,2026-09-04T03:30:33.012952+00:00,2,0,308.3,0.846,71555.3,28,RECOVERED,0.7135,True,1409.96
pay_102248,cust_01648,1562.34,INR,upi,3ds_timeout,2026-08-30T03:45:12.406714+00:00,3,0,7493.7,0.975,94758.16,48,RECOVERED,0.5015,True,1562.34
pay_102249,cust_01649,12918.47,INR,wallet,authentication_failure,2026-09-03T13:49:02.324787+00:00,1,0,1129.8,0.947,22768.0,17,RECOVERED,0.9131,True,12918.47
pay_102250,cust_01650,1246.17,INR,card,temporary_bank_error,2026-09-03T14:20:33.716625+00:00,1,2,1098.3,0.781,149833.25,45,RECOVERED,0.5542,True,1246.17
pay_102251,cust_01651,1292.82,INR,card,network_failure,2026-09-03T22:08:23.491293+00:00,1,1,630.5,0.947,23573.83,8,RECOVERED,0.7517,True,1292.82
pay_102252,cust_01652,3396.9,INR,wallet,customer_abandonment,2026-08-31T21:01:13.860422+00:00,1,0,5017.6,0.895,174967.73,33,FAILED,0.3705,False,0.0
pay_102253,cust_01653,2927.99,INR,card,network_failure,2026-09-04T07:06:44.686459+00:00,2,0,92.1,0.936,11318.25,27,FAILED,0.8311,False,0.0
pay_102254,cust_01654,1510.9,INR,netbanking,authentication_failure,2026-09-02T17:18:07.347288+00:00,1,0,2360.8,0.882,177838.8,46,RECOVERED,0.7801,True,1510.9
pay_102255,cust_01655,1749.02,INR,card,authentication_failure,2026-09-04T05:58:11.689422+00:00,1,0,160.7,0.919,29108.25,10,FAILED,0.8315,False,0.0
pay_102256,cust_01656,1106.56,INR,card,authentication_failure,2026-09-03T18:44:23.782719+00:00,1,0,834.5,0.618,24835.93,12,FAILED,0.7351,False,0.0
pay_102257,cust_01657,13918.06,INR,card,network_failure,2026-09-03T12:21:23.900670+00:00,1,0,1217.5,0.829,54799.2,25,RECOVERED,0.8883,True,13918.06
pay_102258,cust_01658,1920.66,INR,wallet,temporary_bank_error,2026-09-03T17:54:57.114209+00:00,1,0,883.9,0.492,44194.5,16,FAILED,0.7599,False,0.0
pay_102259,cust_01659,6684.98,INR,netbanking,payment_method_issue,2026-09-04T01:15:13.685433+00:00,1,1,443.6,0.191,0.0,3,FAILED,0.1264,False,0.0
pay_102260,cust_01660,5001.89,INR,netbanking,customer_abandonment,2026-09-02T05:50:55.576035+00:00,1,1,3047.9,0.921,17292.6,10,FAILED,0.1439,False,0.0
pay_102261,cust_01661,6587.53,INR,card,authentication_failure,2026-09-04T06:27:17.385694+00:00,1,0,131.6,0.211,0.0,1,FAILED,0.6479,False,0.0
pay_102262,cust_01662,365.32,INR,card,3ds_timeout,2026-09-04T02:58:10.769668+00:00,1,2,340.7,0.786,269036.64,46,RECOVERED,0.4915,True,365.32
pay_102263,cust_01663,986.88,INR,upi,payment_method_issue,2026-08-31T23:52:25.949339+00:00,1,0,4846.4,0.551,3932.49,6,RECOVERED,0.4536,True,986.88
pay_102264,cust_01664,2167.09,INR,upi,insufficient_funds,2026-09-03T05:53:41.961994+00:00,1,0,1605.2,0.961,128613.87,35,FAILED,0.5413,False,0.0
pay_102265,cust_01665,1848.12,INR,card,network_failure,2026-09-03T11:14:38.685561+00:00,1,0,1284.2,0.973,209267.97,49,RECOVERED,0.849,True,1848.12
pay_102266,cust_01666,384.05,INR,upi,authentication_failure,2026-09-03T22:50:51.785743+00:00,2,0,588.0,0.698,43306.4,15,RECOVERED,0.73,True,384.05
pay_102267,cust_01667,826.07,INR,upi,network_failure,2026-09-03T15:38:26.458190+00:00,1,2,1020.4,0.935,80117.7,33,FAILED,0.6546,False,0.0
pay_102268,cust_01668,5147.78,INR,card,authentication_failure,2026-09-02T16:44:22.300353+00:00,1,0,2394.5,0.87,32427.01,13,RECOVERED,0.7975,True,5147.78
pay_102269,cust_01669,1264.73,INR,upi,payment_method_issue,2026-09-04T04:02:08.593729+00:00,1,0,276.7,0.212,0.0,1,RECOVERED,0.548,True,1264.73
pay_102270,cust_01670,1207.52,INR,upi,authentication_failure,2026-09-02T18:14:23.633421+00:00,1,1,2304.5,0.793,113637.32,40,FAILED,0.6347,False,0.0
pay_102271,cust_01671,529.03,INR,netbanking,payment_method_issue,2026-09-02T23:26:46.696061+00:00,1,0,1992.1,0.475,3551.24,4,FAILED,0.4922,False,0.0
pay_102272,cust_01672,4920.25,INR,card,3ds_timeout,2026-09-03T11:22:12.704467+00:00,1,0,1276.7,0.921,69587.2,22,FAILED,0.7997,False,0.0
pay_102273,cust_01673,3192.05,INR,upi,3ds_timeout,2026-09-03T01:02:54.034464+00:00,1,0,1896.0,0.855,67072.04,33,RECOVERED,0.7487,True,3192.05
pay_102274,cust_01674,1015.24,INR,upi,temporary_bank_error,2026-09-04T03:27:53.454044+00:00,1,0,311.0,0.761,13641.89,39,RECOVERED,0.95,True,1015.24
pay_102275,cust_01675,6292.46,INR,netbanking,3ds_timeout,2026-09-04T08:05:49.727531+00:00,1,0,33.0,0.647,4972.6,9,FAILED,0.6954,False,0.0
pay_102276,cust_01676,1339.27,INR,card,authentication_failure,2026-09-03T19:34:52.032118+00:00,1,0,784.0,0.931,263482.56,36,FAILED,0.8726,False,0.0
pay_102277,cust_01677,1076.78,INR,wallet,customer_abandonment,2026-09-03T04:58:00.132624+00:00,2,0,1660.9,0.923,8778.0,14,FAILED,0.2637,False,0.0
pay_102278,cust_01678,749.62,INR,upi,temporary_bank_error,2026-09-04T05:06:20.469678+00:00,1,0,212.5,0.956,131856.6,21,RECOVERED,0.95,True,749.62
pay_102279,cust_01679,4017.65,INR,card,authentication_failure,2026-09-04T07:51:03.958091+00:00,1,2,47.8,0.551,103452.96,25,RECOVERED,0.5087,True,4017.65
pay_102280,cust_01680,2539.79,INR,card,3ds_timeout,2026-09-03T20:42:03.330464+00:00,2,0,716.8,0.471,33282.66,14,RECOVERED,0.549,True,2539.79
pay_102281,cust_01681,1237.09,INR,card,authentication_failure,2026-09-03T00:26:28.754192+00:00,1,0,1932.4,0.414,30177.91,19,FAILED,0.7143,False,0.0
pay_102282,cust_01682,2110.26,INR,card,temporary_bank_error,2026-09-01T14:44:59.695570+00:00,1,0,3953.9,0.954,86986.68,47,RECOVERED,0.8,True,2110.26
pay_102283,cust_01683,1719.59,INR,upi,authentication_failure,2026-09-03T12:52:28.899370+00:00,1,2,1186.4,0.788,81636.89,22,RECOVERED,0.5383,True,1719.59
pay_102284,cust_01684,3175.59,INR,upi,payment_method_issue,2026-09-03T16:42:15.829496+00:00,1,1,956.6,0.248,5600.73,8,FAILED,0.3589,False,0.0
pay_102285,cust_01685,1513.23,INR,upi,account_blocked,2026-09-04T07:26:14.434646+00:00,1,0,72.6,0.771,95893.05,44,FAILED,0.1173,False,0.0
pay_102286,cust_01686,459.99,INR,card,network_failure,2026-09-02T19:52:41.486521+00:00,1,0,2206.2,0.873,11419.83,11,RECOVERED,0.8342,True,459.99
pay_102287,cust_01687,7209.05,INR,netbanking,insufficient_funds,2026-09-03T10:09:11.275218+00:00,1,0,1349.7,0.674,59455.5,16,FAILED,0.4348,False,0.0
pay_102288,cust_01688,7048.54,INR,netbanking,network_failure,2026-09-03T20:59:10.746385+00:00,1,0,699.7,0.485,4036.83,3,FAILED,0.7547,False,0.0
pay_102289,cust_01689,448.99,INR,upi,3ds_timeout,2026-08-28T08:38:52.447543+00:00,2,0,10080.0,0.465,13457.64,7,FAILED,0.3895,False,0.0
pay_102290,cust_01690,1325.6,INR,upi,authentication_failure,2026-09-03T13:46:17.305846+00:00,1,0,1132.6,0.604,16881.04,19,RECOVERED,0.7769,True,1325.6
pay_102291,cust_01691,4715.89,INR,upi,temporary_bank_error,2026-08-30T16:57:51.252036+00:00,2,1,6701.0,0.584,2749.86,16,FAILED,0.4918,False,0.0
pay_102292,cust_01692,1591.85,INR,netbanking,payment_method_issue,2026-09-03T06:12:09.521673+00:00,1,0,1586.7,0.524,23525.26,21,FAILED,0.5153,False,0.0
pay_102293,cust_01693,2200.6,INR,upi,temporary_bank_error,2026-09-02T22:33:57.394675+00:00,1,1,2044.9,0.907,53525.16,40,RECOVERED,0.7705,True,2200.6
pay_102294,cust_01694,816.82,INR,card,payment_method_issue,2026-09-03T12:47:54.475743+00:00,1,0,1191.0,0.772,29283.48,47,RECOVERED,0.6045,True,816.82
pay_102295,cust_01695,1286.36,INR,upi,authentication_failure,2026-09-03T15:49:16.512236+00:00,1,0,1009.6,0.794,23483.95,7,RECOVERED,0.8289,True,1286.36
pay_102296,cust_01696,1962.85,INR,netbanking,insufficient_funds,2026-09-03T15:27:10.662617+00:00,1,0,1031.7,0.601,3120.93,3,RECOVERED,0.4067,True,1962.85
pay_102297,cust_01697,3224.51,INR,upi,insufficient_funds,2026-09-04T06:32:57.822062+00:00,1,1,125.9,0.121,0.0,8,FAILED,0.1764,False,0.0
pay_102298,cust_01698,4565.94,INR,card,temporary_bank_error,2026-09-03T07:45:45.767991+00:00,1,1,1493.1,0.921,185628.8,31,FAILED,0.6716,False,0.0
pay_102299,cust_01699,5354.88,INR,upi,authentication_failure,2026-09-02T07:53:37.819586+00:00,1,0,2925.2,0.919,19802.2,24,RECOVERED,0.8337,True,5354.88
pay_102300,cust_01700,1460.25,INR,upi,3ds_timeout,2026-09-03T02:21:16.055221+00:00,1,1,1817.6,0.581,7148.08,8,RECOVERED,0.6082,True,1460.25
pay_102301,cust_01701,1740.19,INR,upi,authentication_failure,2026-09-02T07:37:18.409319+00:00,1,0,2941.6,0.878,55803.42,11,FAILED,0.7669,False,0.0
pay_102302,cust_01702,7635.08,INR,upi,3ds_timeout,2026-09-04T02:10:37.771547+00:00,1,1,388.2,0.545,3168.86,5,RECOVERED,0.6259,True,7635.08
pay_102303,cust_01703,1709.86,INR,upi,3ds_timeout,2026-09-04T07:56:26.247711+00:00,1,0,42.4,0.786,122469.27,43,RECOVERED,0.8422,True,1709.86
pay_102304,cust_01704,1532.72,INR,wallet,authentication_failure,2026-09-04T07:35:14.855526+00:00,3,0,63.6,0.16,0.0,6,RECOVERED,0.5099,True,1532.72
pay_102305,cust_01705,1729.1,INR,card,authentication_failure,2026-09-03T21:01:49.888005+00:00,1,1,697.0,0.875,154898.75,29,RECOVERED,0.6747,True,1729.1
pay_102306,cust_01706,1465.58,INR,netbanking,network_failure,2026-09-03T10:55:58.545769+00:00,1,0,1302.9,0.05,0.0,1,RECOVERED,0.6023,True,1465.58
pay_102307,cust_01707,3314.51,INR,card,temporary_bank_error,2026-09-03T11:04:55.262094+00:00,1,0,1294.0,0.153,0.0,5,RECOVERED,0.594,True,3314.51
pay_102308,cust_01708,3085.92,INR,card,network_failure,2026-09-03T17:35:49.343407+00:00,1,0,903.1,0.721,51640.12,10,RECOVERED,0.7848,True,3085.92
pay_102309,cust_01709,2447.8,INR,netbanking,insufficient_funds,2026-09-04T06:54:27.541164+00:00,1,1,104.4,0.759,30040.4,27,FAILED,0.264,False,0.0
pay_102310,cust_01710,826.33,INR,netbanking,payment_method_issue,2026-09-02T00:34:13.136506+00:00,1,0,3364.7,0.937,42234.75,10,RECOVERED,0.5385,True,826.33
pay_102311,cust_01711,3163.74,INR,card,insufficient_funds,2026-09-04T07:14:05.256296+00:00,1,0,84.8,0.67,16238.92,7,RECOVERED,0.4496,True,3163.74
pay_102312,cust_01712,1342.78,INR,card,3ds_timeout,2026-09-04T03:33:08.101628+00:00,3,1,305.7,0.413,25903.28,20,FAILED,0.392,False,0.0
pay_102313,cust_01713,1348.28,INR,netbanking,temporary_bank_error,2026-09-04T01:12:15.887436+00:00,2,0,446.6,0.548,13994.72,5,FAILED,0.748,False,0.0
pay_102314,cust_01714,1479.2,INR,upi,temporary_bank_error,2026-09-04T01:06:58.823769+00:00,2,1,451.9,0.266,716.79,7,FAILED,0.5404,False,0.0
pay_102315,cust_01715,1196.45,INR,card,account_blocked,2026-09-03T02:55:37.821622+00:00,2,0,1783.2,0.825,80005.6,49,FAILED,0.0965,False,0.0
pay_102316,cust_01716,3751.16,INR,wallet,network_failure,2026-09-03T15:49:22.917019+00:00,1,0,1009.5,0.596,4020.12,4,RECOVERED,0.8516,True,3751.16
pay_102317,cust_01717,3171.02,INR,upi,temporary_bank_error,2026-09-03T18:40:01.498078+00:00,1,1,838.8,0.769,187206.83,41,RECOVERED,0.6889,True,3171.02
pay_102318,cust_01718,1448.31,INR,upi,network_failure,2026-09-04T07:29:01.383968+00:00,1,0,69.9,0.85,53459.49,49,RECOVERED,0.8529,True,1448.31
pay_102319,cust_01719,6050.5,INR,upi,network_failure,2026-09-02T23:26:41.518714+00:00,2,0,1992.2,0.9,69314.85,17,RECOVERED,0.8527,True,6050.5
pay_102320,cust_01720,2026.91,INR,upi,temporary_bank_error,2026-09-03T14:50:49.223401+00:00,1,0,1068.1,0.849,296634.4,48,RECOVERED,0.8965,True,2026.91
pay_102321,cust_01721,2126.66,INR,upi,3ds_timeout,2026-09-03T19:25:16.554030+00:00,1,2,793.6,0.83,59056.8,25,RECOVERED,0.6303,True,2126.66
pay_102322,cust_01722,2465.41,INR,emi,network_failure,2026-09-04T00:37:58.324704+00:00,1,1,480.9,0.26,10197.0,8,FAILED,0.4806,False,0.0
pay_102323,cust_01723,1175.36,INR,netbanking,insufficient_funds,2026-09-04T03:13:33.283455+00:00,1,1,325.3,0.453,75529.08,25,FAILED,0.1687,False,0.0
pay_102324,cust_01724,2658.01,INR,upi,network_failure,2026-09-03T16:34:16.614246+00:00,1,0,964.6,0.365,405.75,5,RECOVERED,0.8838,True,2658.01
pay_102325,cust_01725,3341.5,INR,upi,network_failure,2026-09-01T23:20:40.230634+00:00,1,0,3438.2,0.798,59874.64,39,RECOVERED,0.8534,True,3341.5
pay_102326,cust_01726,15318.92,INR,netbanking,network_failure,2026-09-04T02:02:50.435666+00:00,1,0,396.0,0.918,67824.6,14,RECOVERED,0.95,True,15318.92
pay_102327,cust_01727,1443.87,INR,netbanking,insufficient_funds,2026-09-04T03:41:03.155662+00:00,1,0,297.8,0.809,14921.4,8,RECOVERED,0.4297,True,1443.87
pay_102328,cust_01728,1885.11,INR,upi,authentication_failure,2026-09-03T21:20:14.176745+00:00,1,1,678.6,0.403,26924.35,14,RECOVERED,0.6465,True,1885.11
pay_102329,cust_01729,1537.27,INR,emi,authentication_failure,2026-09-03T17:14:45.046512+00:00,1,0,924.1,0.953,56160.0,29,FAILED,0.794,False,0.0
pay_102330,cust_01730,1488.54,INR,netbanking,temporary_bank_error,2026-09-02T18:06:50.258494+00:00,3,2,2312.0,0.887,13883.28,10,FAILED,0.3631,False,0.0
pay_102331,cust_01731,2028.8,INR,upi,payment_method_issue,2026-09-03T08:02:53.387006+00:00,1,1,1476.0,0.962,65975.27,24,FAILED,0.5157,False,0.0
pay_102332,cust_01732,1240.09,INR,netbanking,3ds_timeout,2026-09-03T06:06:58.040965+00:00,1,2,1591.9,0.831,97232.67,45,RECOVERED,0.4876,True,1240.09
pay_102333,cust_01733,810.72,INR,card,temporary_bank_error,2026-09-04T03:48:32.203231+00:00,1,1,290.3,0.839,37849.25,6,RECOVERED,0.83,True,810.72
pay_102334,cust_01734,1809.05,INR,upi,3ds_timeout,2026-09-03T21:51:22.668036+00:00,1,0,647.5,0.623,11840.3,4,RECOVERED,0.7831,True,1809.05
pay_102335,cust_01735,1620.43,INR,upi,3ds_timeout,2026-09-03T22:04:52.889173+00:00,2,0,634.0,0.542,14761.7,20,FAILED,0.5938,False,0.0
pay_102336,cust_01736,1847.52,INR,card,payment_method_issue,2026-09-03T04:03:32.101480+00:00,1,1,1715.3,0.78,47846.4,46,RECOVERED,0.4626,True,1847.52
pay_102337,cust_01737,4509.88,INR,card,3ds_timeout,2026-09-03T23:11:06.545534+00:00,1,1,567.8,0.912,248323.42,38,FAILED,0.6696,False,0.0
pay_102338,cust_01738,1746.43,INR,card,temporary_bank_error,2026-08-30T19:11:04.350537+00:00,1,1,6567.8,0.362,1644.34,6,FAILED,0.4497,False,0.0
pay_102339,cust_01739,1259.41,INR,card,network_failure,2026-09-03T10:26:23.389436+00:00,2,0,1332.5,0.952,30969.25,6,FAILED,0.779,False,0.0
pay_102340,cust_01740,2636.95,INR,upi,network_failure,2026-09-02T22:39:54.175645+00:00,2,0,2039.0,0.679,104804.42,22,RECOVERED,0.763,True,2636.95
pay_102341,cust_01741,3511.62,INR,upi,insufficient_funds,2026-09-04T02:28:02.942972+00:00,1,2,370.8,0.756,166666.17,44,FAILED,0.2948,False,0.0
pay_102342,cust_01742,866.33,INR,emi,authentication_failure,2026-09-04T07:13:22.812817+00:00,1,0,85.5,0.803,12265.24,6,FAILED,0.7964,False,0.0
pay_102343,cust_01743,7639.89,INR,card,insufficient_funds,2026-09-04T07:50:21.215976+00:00,1,1,48.5,0.899,96059.6,16,FAILED,0.4279,False,0.0
pay_102344,cust_01744,1047.57,INR,card,temporary_bank_error,2026-09-04T01:00:25.087643+00:00,1,2,458.5,0.757,22277.55,5,RECOVERED,0.5643,True,1047.57
pay_102345,cust_01745,3760.52,INR,upi,authentication_failure,2026-09-04T02:26:49.721361+00:00,2,0,372.0,0.422,41861.34,16,RECOVERED,0.7068,True,3760.52
pay_102346,cust_01746,1986.63,INR,card,insufficient_funds,2026-09-03T21:07:23.800936+00:00,1,0,691.5,0.545,4981.06,3,RECOVERED,0.4095,True,1986.63
pay_102347,cust_01747,3523.79,INR,upi,temporary_bank_error,2026-09-02T04:17:20.058248+00:00,3,0,3141.5,0.652,57569.59,21,RECOVERED,0.6321,True,3523.79
pay_102348,cust_01748,1772.41,INR,upi,temporary_bank_error,2026-09-04T03:41:06.721944+00:00,1,0,297.8,0.952,81586.19,20,RECOVERED,0.95,True,1772.41
pay_102349,cust_01749,1786.02,INR,upi,3ds_timeout,2026-09-02T12:21:29.391439+00:00,1,1,2657.4,0.926,12332.95,8,RECOVERED,0.7501,True,1786.02
pay_102350,cust_01750,1387.23,INR,netbanking,temporary_bank_error,2026-09-04T08:19:26.438949+00:00,1,0,19.4,0.847,272932.35,44,RECOVERED,0.8635,True,1387.23
pay_102351,cust_01751,2288.73,INR,upi,temporary_bank_error,2026-09-03T17:33:52.613045+00:00,1,2,905.0,0.554,54015.78,25,FAILED,0.5645,False,0.0
pay_102352,cust_01752,2509.97,INR,upi,payment_method_issue,2026-09-01T19:56:56.101690+00:00,1,1,3641.9,0.845,13279.14,33,FAILED,0.4459,False,0.0
pay_102353,cust_01753,5107.03,INR,card,3ds_timeout,2026-09-03T09:14:47.501858+00:00,3,1,1404.1,0.825,269550.55,46,FAILED,0.4689,False,0.0
pay_102354,cust_01754,1470.86,INR,wallet,temporary_bank_error,2026-09-03T00:52:35.125183+00:00,2,0,1906.3,0.853,22007.78,28,RECOVERED,0.7795,True,1470.86
pay_102355,cust_01755,792.43,INR,card,authentication_failure,2026-09-02T05:09:49.321802+00:00,2,0,3089.1,0.179,638.08,7,FAILED,0.4645,False,0.0
pay_102356,cust_01756,4715.79,INR,upi,temporary_bank_error,2026-09-03T16:49:23.790391+00:00,2,1,949.5,0.693,27959.6,7,RECOVERED,0.6741,True,4715.79
pay_102357,cust_01757,5127.99,INR,upi,3ds_timeout,2026-09-01T15:01:50.684374+00:00,1,0,3937.0,0.918,75708.3,33,RECOVERED,0.7176,True,5127.99
pay_102358,cust_01758,1178.98,INR,netbanking,temporary_bank_error,2026-09-03T09:44:11.132416+00:00,1,0,1374.7,0.926,15326.2,5,FAILED,0.8269,False,0.0
pay_102359,cust_01759,6951.27,INR,upi,network_failure,2026-09-02T18:18:27.918119+00:00,2,0,2300.4,0.481,48401.28,20,RECOVERED,0.7368,True,6951.27
pay_102360,cust_01760,1880.48,INR,card,authentication_failure,2026-09-03T17:58:05.810016+00:00,2,0,880.8,0.402,17090.29,19,RECOVERED,0.6213,True,1880.48
pay_102361,cust_01761,425.86,INR,upi,temporary_bank_error,2026-09-03T12:36:12.653636+00:00,2,2,1202.7,0.763,11655.0,27,RECOVERED,0.5101,True,425.86
pay_102362,cust_01762,1999.06,INR,upi,authentication_failure,2026-09-02T08:20:07.669081+00:00,1,1,2898.7,0.962,7969.01,8,RECOVERED,0.7175,True,1999.06
pay_102363,cust_01763,3013.38,INR,upi,payment_method_issue,2026-09-03T21:36:05.414659+00:00,1,2,662.8,0.635,61185.54,21,FAILED,0.3967,False,0.0
pay_102364,cust_01764,2871.05,INR,netbanking,3ds_timeout,2026-09-03T00:14:33.142192+00:00,1,0,1944.3,0.758,50143.14,24,FAILED,0.7386,False,0.0
pay_102365,cust_01765,1179.94,INR,card,network_failure,2026-09-03T00:41:21.671659+00:00,1,0,1917.5,0.422,9352.0,17,RECOVERED,0.7424,True,1179.94
pay_102366,cust_01766,700.79,INR,card,payment_method_issue,2026-09-03T01:53:54.220925+00:00,1,0,1845.0,0.91,29920.8,44,FAILED,0.6138,False,0.0
pay_102367,cust_01767,5645.8,INR,card,network_failure,2026-09-03T13:20:19.572558+00:00,1,1,1158.5,0.214,14981.94,10,RECOVERED,0.5254,True,5645.8
pay_102368,cust_01768,5305.89,INR,upi,network_failure,2026-09-04T07:12:44.237540+00:00,2,0,86.1,0.882,114937.46,44,RECOVERED,0.8842,True,5305.89
pay_102369,cust_01769,2083.11,INR,upi,customer_abandonment,2026-09-03T06:33:28.026558+00:00,1,0,1565.4,0.895,208686.4,36,RECOVERED,0.3691,True,2083.11
pay_102370,cust_01770,1229.58,INR,card,network_failure,2026-09-04T00:21:35.840385+00:00,1,0,497.3,0.756,218784.56,45,RECOVERED,0.9315,True,1229.58
pay_102371,cust_01771,2559.7,INR,card,network_failure,2026-09-04T07:14:26.487196+00:00,2,1,84.4,0.827,214715.82,40,RECOVERED,0.7174,True,2559.7
pay_102372,cust_01772,12598.59,INR,upi,account_blocked,2026-09-03T21:47:19.849545+00:00,1,0,651.5,0.487,2669.85,4,FAILED,0.0347,False,0.0
pay_102373,cust_01773,837.73,INR,netbanking,3ds_timeout,2026-09-03T14:39:28.539311+00:00,1,0,1079.4,0.827,141068.4,30,RECOVERED,0.7487,True,837.73
pay_102374,cust_01774,2441.61,INR,wallet,network_failure,2026-09-04T01:18:26.006116+00:00,1,1,440.4,0.828,155576.07,48,FAILED,0.7584,False,0.0
pay_102375,cust_01775,4191.33,INR,card,authentication_failure,2026-09-03T19:44:53.061712+00:00,3,0,774.0,0.786,186390.1,34,RECOVERED,0.6048,True,4191.33
pay_102376,cust_01776,3838.61,INR,card,network_failure,2026-09-04T08:06:19.948879+00:00,1,1,32.5,0.541,9507.81,25,FAILED,0.7384,False,0.0
pay_102377,cust_01777,420.79,INR,upi,network_failure,2026-09-03T22:21:03.311251+00:00,1,0,617.8,0.754,167349.0,41,RECOVERED,0.9195,True,420.79
pay_102378,cust_01778,598.52,INR,netbanking,network_failure,2026-09-04T01:11:11.344551+00:00,1,0,447.7,0.515,35868.91,14,RECOVERED,0.7763,True,598.52
pay_102379,cust_01779,396.71,INR,upi,authentication_failure,2026-09-02T06:57:00.732487+00:00,1,0,2981.9,0.777,103149.9,24,RECOVERED,0.7846,True,396.71
pay_102380,cust_01780,1681.68,INR,upi,authentication_failure,2026-09-03T17:42:39.692355+00:00,1,0,896.2,0.864,53740.23,20,RECOVERED,0.8872,True,1681.68
pay_102381,cust_01781,3377.51,INR,wallet,temporary_bank_error,2026-09-04T03:06:00.308447+00:00,1,0,332.9,0.836,31444.95,7,RECOVERED,0.9193,True,3377.51
pay_102382,cust_01782,1531.77,INR,upi,temporary_bank_error,2026-09-04T05:49:05.741564+00:00,1,1,169.8,0.708,7058.52,6,RECOVERED,0.723,True,1531.77
pay_102383,cust_01783,4920.41,INR,card,3ds_timeout,2026-09-04T05:44:05.994791+00:00,1,0,174.8,0.449,13260.94,5,RECOVERED,0.7634,True,4920.41
pay_102384,cust_01784,1071.84,INR,upi,customer_abandonment,2026-09-03T11:00:17.385159+00:00,1,0,1298.6,0.556,90467.52,24,RECOVERED,0.2965,True,1071.84
pay_102385,cust_01785,1021.55,INR,netbanking,3ds_timeout,2026-09-03T05:13:40.880306+00:00,1,0,1645.2,0.602,5732.66,4,RECOVERED,0.6387,True,1021.55
pay_102386,cust_01786,7390.91,INR,upi,temporary_bank_error,2026-09-02T07:22:42.638920+00:00,3,2,2956.2,0.408,20876.6,11,FAILED,0.3355,False,0.0
pay_102387,cust_01787,8615.5,INR,emi,temporary_bank_error,2026-09-03T19:14:13.970238+00:00,1,1,804.6,0.872,153094.48,33,FAILED,0.6857,False,0.0
pay_102388,cust_01788,3288.59,INR,card,temporary_bank_error,2026-09-03T10:07:38.259872+00:00,1,1,1351.2,0.97,161814.26,40,FAILED,0.7703,False,0.0
pay_102389,cust_01789,767.23,INR,emi,3ds_timeout,2026-09-03T20:05:47.277097+00:00,3,0,753.1,0.783,253141.98,50,FAILED,0.4731,False,0.0
pay_102390,cust_01790,985.22,INR,netbanking,payment_method_issue,2026-09-03T17:50:12.461081+00:00,1,1,888.7,0.955,137495.33,39,FAILED,0.4652,False,0.0
pay_102391,cust_01791,1566.03,INR,upi,customer_abandonment,2026-09-02T16:53:07.538258+00:00,3,0,2385.7,0.762,79626.24,32,RECOVERED,0.1915,True,1566.03
pay_102392,cust_01792,1470.36,INR,upi,network_failure,2026-09-02T20:56:03.759516+00:00,1,0,2142.8,0.638,39498.03,21,RECOVERED,0.8219,True,1470.36
pay_102393,cust_01793,956.81,INR,upi,account_blocked,2026-09-04T01:54:32.347212+00:00,1,0,404.3,0.962,149503.36,34,FAILED,0.2387,False,0.0
pay_102394,cust_01794,1190.2,INR,card,temporary_bank_error,2026-09-03T04:09:29.309203+00:00,1,2,1709.4,0.821,213440.42,46,FAILED,0.5435,False,0.0
pay_102395,cust_01795,1343.5,INR,card,network_failure,2026-09-03T09:39:17.697952+00:00,1,0,1379.6,0.956,146580.6,21,RECOVERED,0.9062,True,1343.5
pay_102396,cust_01796,3030.96,INR,wallet,payment_method_issue,2026-09-03T23:54:42.799679+00:00,1,0,524.2,0.948,87176.44,25,RECOVERED,0.6411,True,3030.96
pay_102397,cust_01797,1632.91,INR,netbanking,network_failure,2026-09-04T08:33:36.796529+00:00,1,1,5.3,0.856,29680.56,15,RECOVERED,0.77,True,1632.91
pay_102398,cust_01798,3613.16,INR,wallet,network_failure,2026-09-04T02:18:47.513556+00:00,1,0,380.1,0.843,270271.26,50,RECOVERED,0.95,True,3613.16
pay_102399,cust_01799,3072.91,INR,card,network_failure,2026-09-04T00:35:15.736564+00:00,2,2,483.6,0.581,38777.04,14,FAILED,0.4376,False,0.0
pay_102400,cust_01800,2875.89,INR,card,authentication_failure,2026-09-04T00:07:58.013886+00:00,1,1,510.9,0.861,20464.5,9,RECOVERED,0.734,True,2875.89
pay_102401,cust_01001,1456.73,INR,upi,temporary_bank_error,2026-09-03T19:37:55.549383+00:00,1,0,780.9,0.919,264138.16,48,RECOVERED,0.9231,True,1456.73
pay_102402,cust_01002,5339.34,INR,upi,customer_abandonment,2026-09-04T06:08:08.531902+00:00,3,2,150.7,0.772,58677.36,19,FAILED,0.01,False,0.0
pay_102403,cust_01003,5816.06,INR,upi,network_failure,2026-09-02T21:38:04.018750+00:00,2,1,2100.8,0.543,38698.8,16,RECOVERED,0.5792,True,5816.06
pay_102404,cust_01004,8330.24,INR,upi,network_failure,2026-09-02T22:29:16.230110+00:00,1,2,2049.6,0.786,21740.4,26,FAILED,0.6148,False,0.0
pay_102405,cust_01005,1702.46,INR,card,temporary_bank_error,2026-09-04T01:30:57.014498+00:00,3,0,427.9,0.674,61401.12,25,FAILED,0.6877,False,0.0
pay_102406,cust_01006,1023.44,INR,upi,3ds_timeout,2026-09-01T20:40:58.006788+00:00,1,0,3597.9,0.941,291837.18,44,RECOVERED,0.7095,True,1023.44
pay_102407,cust_01007,6698.6,INR,card,network_failure,2026-09-04T06:14:04.594998+00:00,1,2,144.8,0.802,141951.78,23,RECOVERED,0.6209,True,6698.6
pay_102408,cust_01008,5581.79,INR,upi,temporary_bank_error,2026-09-01T22:59:46.470329+00:00,1,0,3459.1,0.896,38811.0,28,FAILED,0.8127,False,0.0
pay_102409,cust_01009,752.17,INR,upi,network_failure,2026-09-04T05:55:53.639419+00:00,1,0,163.0,0.632,9980.62,4,RECOVERED,0.9381,True,752.17
pay_102410,cust_01010,1126.9,INR,upi,network_failure,2026-09-03T08:39:24.961451+00:00,1,0,1439.5,0.812,201558.6,45,RECOVERED,0.9118,True,1126.9
pay_102411,cust_01011,551.14,INR,upi,network_failure,2026-09-04T02:29:06.769779+00:00,1,1,369.8,0.757,61001.46,25,FAILED,0.8082,False,0.0
pay_102412,cust_01012,2402.75,INR,upi,account_blocked,2026-09-04T06:08:49.819531+00:00,3,0,150.0,0.865,149493.24,46,FAILED,0.0461,False,0.0
pay_102413,cust_01013,1207.9,INR,card,temporary_bank_error,2026-09-04T01:43:33.787583+00:00,1,1,415.3,0.922,209183.96,32,RECOVERED,0.6973,True,1207.9
pay_102414,cust_01014,2581.03,INR,netbanking,authentication_failure,2026-09-04T03:17:52.183148+00:00,2,0,321.0,0.771,41582.94,8,FAILED,0.6979,False,0.0
pay_102415,cust_01015,1422.85,INR,upi,insufficient_funds,2026-09-04T05:15:22.587804+00:00,2,1,203.5,0.838,286924.68,43,FAILED,0.3286,False,0.0
pay_102416,cust_01016,476.03,INR,card,authentication_failure,2026-09-03T18:56:50.387855+00:00,2,0,822.0,0.439,48654.08,19,RECOVERED,0.6286,True,476.03
pay_102417,cust_01017,2456.67,INR,netbanking,network_failure,2026-09-04T05:45:27.330195+00:00,1,1,173.4,0.751,116753.1,21,RECOVERED,0.6989,True,2456.67
pay_102418,cust_01018,6774.85,INR,upi,3ds_timeout,2026-09-03T02:41:34.052373+00:00,1,0,1797.3,0.897,69601.56,43,FAILED,0.8542,False,0.0
pay_102419,cust_01019,2646.18,INR,upi,temporary_bank_error,2026-09-04T00:09:56.710907+00:00,1,0,508.9,0.364,0.0,1,RECOVERED,0.8272,True,2646.18
pay_102420,cust_01020,1653.28,INR,card,temporary_bank_error,2026-09-03T18:11:45.561748+00:00,1,1,867.1,0.683,15006.46,11,RECOVERED,0.6658,True,1653.28
pay_102421,cust_01021,2526.34,INR,wallet,authentication_failure,2026-09-01T12:32:56.010332+00:00,3,0,4085.9,0.862,54813.36,9,FAILED,0.6474,False,0.0
pay_102422,cust_01022,3499.85,INR,upi,temporary_bank_error,2026-09-04T07:31:50.999602+00:00,1,0,67.0,0.722,11704.7,7,RECOVERED,0.8991,True,3499.85
pay_102423,cust_01023,4168.91,INR,upi,temporary_bank_error,2026-09-04T03:58:36.166221+00:00,1,0,280.3,0.635,40503.3,24,RECOVERED,0.8903,True,4168.91
pay_102424,cust_01024,1089.23,INR,netbanking,authentication_failure,2026-09-04T08:03:53.917801+00:00,1,0,35.0,0.802,9239.2,26,RECOVERED,0.7604,True,1089.23
pay_102425,cust_01025,589.64,INR,card,network_failure,2026-09-02T18:02:03.955709+00:00,2,1,2316.8,0.913,14439.95,8,FAILED,0.6774,False,0.0
pay_102426,cust_01026,1505.12,INR,upi,network_failure,2026-09-03T07:21:21.434034+00:00,2,0,1517.5,0.814,56538.98,36,RECOVERED,0.8625,True,1505.12
pay_102427,cust_01027,4067.39,INR,upi,network_failure,2026-09-04T06:49:13.679902+00:00,3,0,109.6,0.93,49452.48,31,RECOVERED,0.8318,True,4067.39
pay_102428,cust_01028,2003.31,INR,upi,network_failure,2026-09-02T23:22:07.553553+00:00,2,1,1996.7,0.857,32909.46,8,RECOVERED,0.6778,True,2003.31
pay_102429,cust_01029,848.14,INR,card,customer_abandonment,2026-09-04T07:44:03.451913+00:00,1,0,54.8,0.437,5293.83,8,FAILED,0.2539,False,0.0
pay_102430,cust_01030,2480.13,INR,upi,temporary_bank_error,2026-09-03T05:16:53.575935+00:00,1,0,1642.0,0.807,25984.77,9,RECOVERED,0.9027,True,2480.13
pay_102431,cust_01031,815.53,INR,upi,network_failure,2026-09-04T03:25:02.566971+00:00,1,1,313.8,0.334,0.0,2,RECOVERED,0.6428,True,815.53
pay_102432,cust_01032,1187.21,INR,wallet,payment_method_issue,2026-09-02T19:13:36.056635+00:00,1,0,2245.3,0.949,10973.97,8,RECOVERED,0.587,True,1187.21
pay_102433,cust_01033,1551.48,INR,upi,authentication_failure,2026-09-02T15:11:59.663288+00:00,1,0,2486.9,0.91,194270.76,40,RECOVERED,0.8737,True,1551.48
pay_102434,cust_01034,1411.22,INR,upi,insufficient_funds,2026-09-04T04:37:04.811850+00:00,1,0,241.8,0.763,22311.73,39,RECOVERED,0.4844,True,1411.22
pay_102435,cust_01035,814.59,INR,upi,temporary_bank_error,2026-09-02T04:01:39.682121+00:00,1,0,3157.2,0.961,54440.28,38,RECOVERED,0.7962,True,814.59
pay_102436,cust_01036,1431.08,INR,upi,network_failure,2026-09-04T01:40:20.778878+00:00,1,1,418.5,0.905,61363.26,20,FAILED,0.8341,False,0.0
pay_102437,cust_01037,524.49,INR,card,network_failure,2026-09-04T01:26:27.972286+00:00,1,2,432.4,0.769,172594.08,47,RECOVERED,0.5915,True,524.49
pay_102438,cust_01038,3667.3,INR,card,payment_method_issue,2026-09-01T09:34:42.584862+00:00,1,1,4264.2,0.507,16737.75,10,FAILED,0.2805,False,0.0
pay_102439,cust_01039,737.22,INR,upi,payment_method_issue,2026-09-02T22:24:33.249931+00:00,3,1,2054.3,0.893,286917.84,41,FAILED,0.3143,False,0.0
pay_102440,cust_01040,1142.08,INR,card,payment_method_issue,2026-09-03T12:10:40.914873+00:00,1,1,1228.2,0.965,56563.04,9,FAILED,0.4965,False,0.0
pay_102441,cust_01041,788.08,INR,card,authentication_failure,2026-09-03T21:07:46.256916+00:00,1,0,691.1,0.639,102383.71,21,RECOVERED,0.8247,True,788.08
pay_102442,cust_01042,2030.45,INR,card,insufficient_funds,2026-09-03T17:32:29.832191+00:00,1,0,906.4,0.903,25700.29,13,FAILED,0.5505,False,0.0
pay_102443,cust_01043,1490.14,INR,card,insufficient_funds,2026-09-02T03:08:16.912965+00:00,1,2,3210.6,0.889,129367.92,50,FAILED,0.2119,False,0.0
pay_102444,cust_01044,387.28,INR,emi,temporary_bank_error,2026-09-02T23:55:42.888609+00:00,2,0,1963.2,0.338,0.0,2,RECOVERED,0.5568,True,387.28
pay_102445,cust_01045,588.24,INR,emi,authentication_failure,2026-09-01T13:59:42.243837+00:00,1,0,3999.2,0.617,9265.08,10,RECOVERED,0.6624,True,588.24
pay_102446,cust_01046,7636.81,INR,card,insufficient_funds,2026-09-04T08:32:31.309097+00:00,1,2,6.4,0.767,268629.25,49,FAILED,0.2425,False,0.0
pay_102447,cust_01047,1357.25,INR,emi,network_failure,2026-09-03T17:17:23.467927+00:00,1,1,921.5,0.849,13367.95,7,RECOVERED,0.6971,True,1357.25
pay_102448,cust_01048,308.36,INR,upi,temporary_bank_error,2026-09-03T20:43:41.608587+00:00,1,0,715.2,0.627,50455.2,13,FAILED,0.8601,False,0.0
pay_102449,cust_01049,2382.26,INR,emi,payment_method_issue,2026-08-30T08:16:09.608076+00:00,2,0,7222.7,0.732,35434.5,7,RECOVERED,0.2798,True,2382.26
pay_102450,cust_01050,9352.66,INR,upi,temporary_bank_error,2026-09-02T16:54:50.427509+00:00,3,1,2384.0,0.694,14126.4,9,RECOVERED,0.5288,True,9352.66
pay_102451,cust_01051,4576.7,INR,upi,insufficient_funds,2026-09-03T17:52:02.371481+00:00,1,0,886.8,0.938,92763.47,34,RECOVERED,0.6132,True,4576.7
pay_102452,cust_01052,1654.58,INR,netbanking,authentication_failure,2026-09-03T21:06:08.922088+00:00,1,0,692.7,0.826,54215.35,9,RECOVERED,0.8264,True,1654.58
pay_102453,cust_01053,475.28,INR,upi,insufficient_funds,2026-09-04T07:46:52.205459+00:00,1,0,52.0,0.976,108294.3,39,FAILED,0.6668,False,0.0
pay_102454,cust_01054,5928.39,INR,wallet,network_failure,2026-09-03T12:33:44.012571+00:00,1,1,1205.1,0.976,6808.2,7,FAILED,0.7505,False,0.0
pay_102455,cust_01055,2272.3,INR,card,payment_method_issue,2026-09-02T12:30:40.694952+00:00,1,0,2648.2,0.574,57809.52,14,FAILED,0.543,False,0.0
pay_102456,cust_01056,1450.92,INR,upi,network_failure,2026-09-04T05:32:25.889386+00:00,1,0,186.4,0.963,206785.6,39,RECOVERED,0.95,True,1450.92
pay_102457,cust_01057,2229.2,INR,upi,network_failure,2026-09-04T06:18:28.251707+00:00,2,0,140.4,0.363,8151.45,10,RECOVERED,0.7318,True,2229.2
pay_102458,cust_01058,2986.29,INR,emi,insufficient_funds,2026-09-02T06:33:40.745490+00:00,1,0,3005.2,0.844,141712.5,30,FAILED,0.3508,False,0.0
pay_102459,cust_01059,1558.53,INR,netbanking,network_failure,2026-09-03T13:07:26.153687+00:00,1,0,1171.4,0.529,94270.8,25,RECOVERED,0.7455,True,1558.53
pay_102460,cust_01060,3354.59,INR,card,insufficient_funds,2026-09-03T07:45:33.898328+00:00,1,0,1493.3,0.75,32612.97,23,RECOVERED,0.4842,True,3354.59
pay_102461,cust_01061,3463.52,INR,card,temporary_bank_error,2026-09-02T05:49:11.675276+00:00,1,0,3049.7,0.852,63540.6,18,FAILED,0.723,False,0.0
pay_102462,cust_01062,279.12,INR,card,insufficient_funds,2026-09-03T07:45:39.287633+00:00,1,0,1493.2,0.896,23438.84,26,RECOVERED,0.5016,True,279.12
pay_102463,cust_01063,1506.44,INR,netbanking,temporary_bank_error,2026-09-03T17:19:11.085996+00:00,2,2,919.7,0.45,2185.29,3,RECOVERED,0.3529,True,1506.44
pay_102464,cust_01064,659.06,INR,upi,account_blocked,2026-09-02T14:45:35.043167+00:00,3,1,2513.3,0.895,87468.9,17,FAILED,0.01,False,0.0
pay_102465,cust_01065,1724.7,INR,upi,network_failure,2026-09-02T14:06:15.937506+00:00,1,1,2552.6,0.908,56644.56,11,RECOVERED,0.7842,True,1724.7
pay_102466,cust_01066,1215.27,INR,card,authentication_failure,2026-09-02T03:56:57.471544+00:00,1,1,3161.9,0.878,38147.6,12,RECOVERED,0.586,True,1215.27
pay_102467,cust_01067,1808.83,INR,card,customer_abandonment,2026-09-01T23:29:42.477780+00:00,1,0,3429.2,0.969,155540.02,33,FAILED,0.3416,False,0.0
pay_102468,cust_01068,1824.63,INR,upi,3ds_timeout,2026-09-01T11:09:51.828687+00:00,2,1,4169.0,0.653,41420.94,17,FAILED,0.449,False,0.0
pay_102469,cust_01069,673.16,INR,netbanking,customer_abandonment,2026-09-03T17:00:48.652452+00:00,1,0,938.1,0.577,25706.28,22,FAILED,0.1873,False,0.0
pay_102470,cust_01070,3464.11,INR,upi,insufficient_funds,2026-08-31T15:18:09.329431+00:00,1,1,5360.7,0.824,29454.4,39,FAILED,0.3677,False,0.0
pay_102471,cust_01071,489.69,INR,card,temporary_bank_error,2026-09-04T00:00:44.872941+00:00,1,1,518.1,0.422,17086.74,15,RECOVERED,0.6263,True,489.69
pay_102472,cust_01072,1079.48,INR,card,3ds_timeout,2026-09-03T10:08:13.309710+00:00,3,0,1350.7,0.532,75846.8,20,RECOVERED,0.5152,True,1079.48
pay_102473,cust_01073,5190.54,INR,card,account_blocked,2026-09-03T18:44:55.165321+00:00,1,0,834.0,0.967,140340.48,24,FAILED,0.1439,False,0.0
pay_102474,cust_01074,2245.78,INR,netbanking,customer_abandonment,2026-08-29T10:30:57.241699+00:00,1,0,8527.9,0.566,18279.7,10,FAILED,0.1209,False,0.0
pay_102475,cust_01075,634.96,INR,card,network_failure,2026-09-02T10:06:44.470324+00:00,1,1,2792.1,0.537,20315.67,7,FAILED,0.6925,False,0.0
pay_102476,cust_01076,496.43,INR,upi,3ds_timeout,2026-09-03T23:39:52.627387+00:00,3,0,539.0,0.251,0.0,1,FAILED,0.5082,False,0.0
pay_102477,cust_01077,5054.66,INR,card,network_failure,2026-09-01T16:09:26.353307+00:00,1,1,3869.4,0.837,57017.7,18,RECOVERED,0.7073,True,5054.66
pay_102478,cust_01078,2021.32,INR,card,network_failure,2026-09-03T08:40:22.676198+00:00,3,0,1438.5,0.683,40372.86,10,FAILED,0.6813,False,0.0
pay_102479,cust_01079,3501.7,INR,upi,account_blocked,2026-08-30T00:35:52.037597+00:00,1,0,7683.0,0.169,0.0,2,FAILED,0.01,False,0.0
pay_102480,cust_01080,1766.85,INR,card,temporary_bank_error,2026-08-31T22:13:22.766980+00:00,1,0,4945.5,0.755,21368.0,14,RECOVERED,0.6987,True,1766.85
pay_102481,cust_01081,215.64,INR,upi,3ds_timeout,2026-09-04T05:16:35.295015+00:00,1,0,202.3,0.208,6205.12,5,FAILED,0.6735,False,0.0
pay_102482,cust_01082,1487.66,INR,upi,authentication_failure,2026-09-04T07:31:28.488523+00:00,1,1,67.4,0.456,5661.8,11,FAILED,0.6828,False,0.0
pay_102483,cust_01083,914.94,INR,card,authentication_failure,2026-09-04T05:52:59.625265+00:00,2,0,165.9,0.726,75493.2,14,FAILED,0.7717,False,0.0
pay_102484,cust_01084,7678.03,INR,card,3ds_timeout,2026-09-03T23:59:32.711824+00:00,1,0,519.3,0.91,143792.46,24,RECOVERED,0.8122,True,7678.03
pay_102485,cust_01085,328.53,INR,upi,3ds_timeout,2026-09-03T04:30:00.919187+00:00,1,0,1688.9,0.518,37755.97,15,RECOVERED,0.7834,True,328.53
pay_102486,cust_01086,926.78,INR,upi,network_failure,2026-09-04T07:22:31.260597+00:00,1,0,76.4,0.847,33379.5,36,FAILED,0.9012,False,0.0
pay_102487,cust_01087,1464.5,INR,upi,3ds_timeout,2026-09-03T18:46:00.677036+00:00,1,0,832.9,0.919,99944.46,46,RECOVERED,0.8747,True,1464.5
pay_102488,cust_01088,2290.11,INR,upi,payment_method_issue,2026-09-01T05:47:05.255182+00:00,3,0,4491.8,0.918,55635.0,22,RECOVERED,0.4639,True,2290.11
pay_102489,cust_01089,810.23,INR,upi,payment_method_issue,2026-09-01T17:34:40.590324+00:00,2,0,3784.2,0.483,32814.88,16,RECOVERED,0.455,True,810.23
pay_102490,cust_01090,1291.43,INR,upi,authentication_failure,2026-09-04T03:59:08.596195+00:00,1,2,279.7,0.462,9096.45,8,FAILED,0.522,False,0.0
pay_102491,cust_01091,4235.95,INR,netbanking,authentication_failure,2026-09-04T03:51:40.830938+00:00,1,0,287.2,0.494,0.0,2,RECOVERED,0.6736,True,4235.95
pay_102492,cust_01092,887.2,INR,netbanking,insufficient_funds,2026-09-04T01:27:58.084990+00:00,1,0,430.9,0.924,178466.4,49,FAILED,0.475,False,0.0
pay_102493,cust_01093,2503.05,INR,card,3ds_timeout,2026-09-03T19:45:38.425189+00:00,1,1,773.2,0.843,42524.64,20,RECOVERED,0.6549,True,2503.05
pay_102494,cust_01094,567.61,INR,card,authentication_failure,2026-09-04T00:18:30.897436+00:00,1,1,500.4,0.848,93953.97,40,RECOVERED,0.6563,True,567.61
pay_102495,cust_01095,784.32,INR,card,insufficient_funds,2026-09-04T07:45:48.114939+00:00,1,0,53.1,0.916,26852.54,25,FAILED,0.4713,False,0.0
pay_102496,cust_01096,2015.03,INR,upi,payment_method_issue,2026-09-04T01:59:06.015502+00:00,1,0,399.8,0.92,117586.0,22,RECOVERED,0.6298,True,2015.03
pay_102497,cust_01097,1715.71,INR,upi,network_failure,2026-09-03T03:11:55.188639+00:00,1,0,1767.0,0.501,10090.2,13,FAILED,0.8201,False,0.0
pay_102498,cust_01098,2967.92,INR,card,customer_abandonment,2026-09-03T07:39:59.436245+00:00,1,1,1498.9,0.974,96879.1,40,RECOVERED,0.1665,True,2967.92
pay_102499,cust_01099,721.57,INR,card,temporary_bank_error,2026-09-04T08:33:52.447543+00:00,2,0,5.0,0.595,39861.0,17,FAILED,0.6757,False,0.0
pay_102500,cust_01100,3874.32,INR,upi,authentication_failure,2026-09-03T21:56:16.816848+00:00,1,1,642.6,0.212,0.0,2,RECOVERED,0.5919,True,3874.32
